#,Name,ClipType,Media Duration,Media In,Media Offset,Media Out,Assist Fielder 1,Assist Fielder 2,At Bat Num,At Bat Pitch Count,Attempted Bunt,Top Of Inning,Away Team,Ball Type,Base Runner 1st Base,Base Runner 2nd Base,Base Runner 3rd Base,Batter,Batter Game Pitch Count,Batter Strength,Catcher,Catcher Location X,Catcher Location Y,CheckSwing,Count,Event Type,Fielding,Game Date,Hit Location,Hit Location X,Hit Location Y,Hit Result,Hit Type,Hit Velocity,Home Score,Home Score After Play,Home Team,Inning,Inning At Bat Num,Inning Pitch Count,Logging View,Outs,Passed Ball,Pitcher,Pitcher Strength,Pitch Location,Pitch Location X,Pitch Location Y,Pitch Result,Pitch Type,Putout Fielder,RBI,Run 1,Run 2,ScoreDifferential,Stolen Base Lead,Stolen Base Lead Runner,Strike Type,Team at Bat,Team in Field,Total Pitch Count,Visitor Score,Visitor Score After Play,Wild Pitch,Player Participation,Player Participation Defense,Player Participation Offense
1,"Cavaliers vs Hokies 4/12/19, Pitch 001",Pitch,00:00:07.3910000,00:00:03.05,00:00:03.0860000,00:00:10.29,,,1,1,,Y,University of Virginia Cavaliers,,,,,17 Busby,1,Right,18 Lawter,-1,-1,,0-0,,,4/12/2019 4:13:00 PM,,,,,,,0,0,Virginia Tech Hokies,1,1,1,CF,0,,25 Carrie,,StrikeInsideCornerStrikeUp,164,85,Strike,,,,,,0,,,Foul,University of Virginia Cavaliers,Virginia Tech Hokies,1,0,0,,"17 Busby, 18 Lawter, 25 Carrie","18 Lawter, 25 Carrie",17 Busby
2,"Cavaliers vs Hokies 4/12/19, Pitch 002",Pitch,00:00:06.7730000,00:00:13.57,00:00:13.9470000,00:00:20.43,,,1,2,,Y,University of Virginia Cavaliers,Ball,,,,17 Busby,2,Right,18 Lawter,-1,-1,,0-1,,,4/12/2019 4:13:00 PM,,,,,,,0,0,Virginia Tech Hokies,1,1,2,CF,0,,25 Carrie,,BallOutsideBallUp,39,8,Ball,,,,,,0,,,,University of Virginia Cavaliers,Virginia Tech Hokies,2,0,0,,"17 Busby, 18 Lawter, 25 Carrie","18 Lawter, 25 Carrie",17 Busby
3,"Cavaliers vs Hokies 4/12/19, Pitch 003",Pitch,00:00:07.0570000,00:00:23.29,00:00:23.4900000,00:00:30.33,,,1,3,,Y,University of Virginia Cavaliers,,,,,17 Busby,3,Right,18 Lawter,-1,-1,,1-1,,,4/12/2019 4:13:00 PM,,,,,,,0,0,Virginia Tech Hokies,1,1,3,CF,0,,25 Carrie,,StrikeInsideCornerStrikeDown,176,170,Strike,Dropball,,,,,0,,,Foul,University of Virginia Cavaliers,Virginia Tech Hokies,3,0,0,,"17 Busby, 18 Lawter, 25 Carrie","18 Lawter, 25 Carrie",17 Busby
4,"Cavaliers vs Hokies 4/12/19, Pitch 004",Pitch,00:00:06.1060000,00:00:34.43,00:00:34.7180000,00:00:40.49,,,1,4,,Y,University of Virginia Cavaliers,,,,,17 Busby,4,Right,18 Lawter,-1,-1,,1-2,Strikeout,,4/12/2019 4:13:00 PM,,,,,,,0,0,Virginia Tech Hokies,1,1,4,CF,0,,25 Carrie,,StrikeOutsideCornerStrikeDown,98,157,Strike,,,,,,0,,,Swing,University of Virginia Cavaliers,Virginia Tech Hokies,4,0,0,,"17 Busby, 18 Lawter, 25 Carrie","18 Lawter, 25 Carrie",17 Busby
5,"Cavaliers vs Hokies 4/12/19, Pitch 005",Pitch,00:00:06.5570000,00:00:46.01,00:00:46.0130000,00:00:52.34,,,2,1,,Y,University of Virginia Cavaliers,Ball,,,,24 Smith,1,Right,18 Lawter,-1,-1,,0-0,,,4/12/2019 4:13:00 PM,,,,,,,0,0,Virginia Tech Hokies,1,2,5,CF,1,,25 Carrie,,StrikeMiddlePlateBallDown,119,221,Ball,Dropball,,,,,0,,,,University of Virginia Cavaliers,Virginia Tech Hokies,5,0,0,,"18 Lawter, 24 Smith, 25 Carrie","18 Lawter, 25 Carrie",24 Smith
6,"Cavaliers vs Hokies 4/12/19, Pitch 006",Pitch,00:00:09.1760000,00:00:55.04,00:00:55.0720000,00:01:04.15,,,2,2,,Y,University of Virginia Cavaliers,,,,,24 Smith,2,Right,18 Lawter,-1,-1,,1-0,Out,,4/12/2019 4:13:00 PM,Infield Middle,110,166,,Line,,0,0,Virginia Tech Hokies,1,2,6,CF,1,,25 Carrie,,StrikeMiddlePlateStrikeMiddlePlate,149,146,Strike,,,,,,0,,,Ball in Play,University of Virginia Cavaliers,Virginia Tech Hokies,6,0,0,,"18 Lawter, 24 Smith, 25 Carrie","18 Lawter, 25 Carrie",24 Smith
7,"Cavaliers vs Hokies 4/12/19, Pitch 007",Pitch,00:00:07.0570000,00:01:10.10,00:01:10.1700000,00:01:17.14,,,3,1,,Y,University of Virginia Cavaliers,Ball,,,,19 Osherow,1,Right,18 Lawter,-1,-1,,0-0,,,4/12/2019 4:13:00 PM,,,,,,,0,0,Virginia Tech Hokies,1,3,7,CF,2,,25 Carrie,,StrikeInsideCornerBallDown,191,201,Ball,Dropball,,,,,0,,,,University of Virginia Cavaliers,Virginia Tech Hokies,7,0,0,,"18 Lawter, 19 Osherow, 25 Carrie","18 Lawter, 25 Carrie",19 Osherow
8,"Cavaliers vs Hokies 4/12/19, Pitch 008",Pitch,00:00:06.6230000,00:01:19.60,00:01:19.9970000,00:01:26.37,,,3,2,,Y,University of Virginia Cavaliers,,,,,19 Osherow,2,Right,18 Lawter,-1,-1,,1-0,,,4/12/2019 4:13:00 PM,,,,,,,0,0,Virginia Tech Hokies,1,3,8,CF,2,,25 Carrie,,StrikeOutsideCornerBallUp,101,26,Strike,,,,,,0,,,Foul,University of Virginia Cavaliers,Virginia Tech Hokies,8,0,0,,"18 Lawter, 19 Osherow, 25 Carrie","18 Lawter, 25 Carrie",19 Osherow
9,"Cavaliers vs Hokies 4/12/19, Pitch 009",Pitch,00:00:07.4410000,00:01:31.19,00:01:31.3250000,00:01:38.46,,,3,3,,Y,University of Virginia Cavaliers,Ball,,,,19 Osherow,3,Right,18 Lawter,-1,-1,,1-1,,,4/12/2019 4:13:00 PM,,,,,,,0,0,Virginia Tech Hokies,1,3,9,CF,2,,25 Carrie,,BallOutsideBallDown,57,223,Ball,Dropball,,,,,0,,,,University of Virginia Cavaliers,Virginia Tech Hokies,9,0,0,,"18 Lawter, 19 Osherow, 25 Carrie","18 Lawter, 25 Carrie",19 Osherow
10,"Cavaliers vs Hokies 4/12/19, Pitch 010",Pitch,00:00:09.4260000,00:01:42.50,00:01:42.8360000,00:01:52.16,,,3,4,,Y,University of Virginia Cavaliers,,,,,19 Osherow,4,Right,18 Lawter,-1,-1,,2-1,Out,,4/12/2019 4:13:00 PM,Infield Left,98,167,,Ground,,0,0,Virginia Tech Hokies,1,3,10,CF,2,,25 Carrie,,StrikeMiddlePlateStrikeUp,145,98,Strike,,,,,,0,,,Ball in Play,University of Virginia Cavaliers,Virginia Tech Hokies,10,0,0,,"18 Lawter, 19 Osherow, 25 Carrie","18 Lawter, 25 Carrie",19 Osherow
11,"Cavaliers vs Hokies 4/12/19, Pitch 011",Pitch,00:00:07.5080000,00:01:56.48,00:01:56.8000000,00:02:04.18,,,4,1,,N,University of Virginia Cavaliers,Ball,,,,2 Bailey,1,Right,88 Gott,-1,-1,,0-0,,,4/12/2019 4:13:00 PM,,,,,,,0,0,Virginia Tech Hokies,1,1,1,CF,0,,12 Frei,Right,StrikeMiddlePlateStrikeUp,146,70,Ball,Rise,,,,,0,,,,Virginia Tech Hokies,University of Virginia Cavaliers,1,0,0,,"12 Frei, 2 Bailey, 88 Gott","12 Frei, 88 Gott",2 Bailey
12,"Cavaliers vs Hokies 4/12/19, Pitch 012",Pitch,00:00:04.3710000,00:02:08.57,00:02:08.9460000,00:02:13.19,,,4,2,,N,University of Virginia Cavaliers,Ball,,,,2 Bailey,2,Right,88 Gott,-1,-1,,1-0,,,4/12/2019 4:13:00 PM,,,,,,,0,0,Virginia Tech Hokies,1,1,2,CF,0,,12 Frei,Right,BallOutsideStrikeUp,22,79,Ball,,,,,,0,,,,Virginia Tech Hokies,University of Virginia Cavaliers,2,0,0,,"12 Frei, 2 Bailey, 88 Gott","12 Frei, 88 Gott",2 Bailey
13,"Cavaliers vs Hokies 4/12/19, Pitch 013",Pitch,00:00:05.7390000,00:02:16.57,00:02:16.9540000,00:02:22.41,,,4,3,,N,University of Virginia Cavaliers,,,,,2 Bailey,3,Right,88 Gott,-1,-1,,2-0,,,4/12/2019 4:13:00 PM,,,,,,,0,0,Virginia Tech Hokies,1,1,3,CF,0,,12 Frei,Right,StrikeMiddlePlateStrikeUp,138,78,Strike,,,,,,0,,,Swing,Virginia Tech Hokies,University of Virginia Cavaliers,3,0,0,,"12 Frei, 2 Bailey, 88 Gott","12 Frei, 88 Gott",2 Bailey
14,"Cavaliers vs Hokies 4/12/19, Pitch 014",Pitch,00:00:05.9390000,00:02:26.15,00:02:26.2460000,00:02:32.11,,,4,4,,N,University of Virginia Cavaliers,,,,,2 Bailey,4,Right,88 Gott,-1,-1,,2-1,,,4/12/2019 4:13:00 PM,,,,,,,0,0,Virginia Tech Hokies,1,1,4,CF,0,,12 Frei,Right,BallOutsideBallDown,55,201,Strike,,,,,,0,,,Swing,Virginia Tech Hokies,University of Virginia Cavaliers,4,0,0,,"12 Frei, 2 Bailey, 88 Gott","12 Frei, 88 Gott",2 Bailey
15,"Cavaliers vs Hokies 4/12/19, Pitch 015",Pitch,00:00:06.2060000,00:02:37.38,00:02:37.6410000,00:02:43.51,,,4,5,,N,University of Virginia Cavaliers,Ball,,,,2 Bailey,5,Right,88 Gott,-1,-1,,2-2,,,4/12/2019 4:13:00 PM,,,,,,,0,0,Virginia Tech Hokies,1,1,5,CF,0,,12 Frei,Right,StrikeMiddlePlateBallUp,130,18,Ball,Rise,,,,,0,,,,Virginia Tech Hokies,University of Virginia Cavaliers,5,0,0,,"12 Frei, 2 Bailey, 88 Gott","12 Frei, 88 Gott",2 Bailey
16,"Cavaliers vs Hokies 4/12/19, Pitch 016",Pitch,00:00:05.6060000,00:02:47.18,00:02:47.3010000,00:02:52.54,,,4,6,,N,University of Virginia Cavaliers,Ball,,,,2 Bailey,6,Right,88 Gott,-1,-1,,3-2,BB,,4/12/2019 4:13:00 PM,,,,,,,0,0,Virginia Tech Hokies,1,1,6,CF,0,,12 Frei,Right,StrikeOutsideCornerBallUp,71,29,Ball,Dropball,,,,,0,,,,Virginia Tech Hokies,University of Virginia Cavaliers,6,0,0,,"12 Frei, 2 Bailey, 88 Gott","12 Frei, 88 Gott",2 Bailey
17,"Cavaliers vs Hokies 4/12/19, Pitch 017",Pitch,00:00:06.7900000,00:02:57.45,00:02:57.7440000,00:03:04.32,,,5,1,,N,University of Virginia Cavaliers,,2 Bailey,,,4 Trull,1,Left,88 Gott,-1,-1,,0-0,,,4/12/2019 4:13:00 PM,,,,,,,0,0,Virginia Tech Hokies,1,2,7,CF,0,,12 Frei,Right,BallOutsideBallUp,189,52,Strike,,,,,,0,,,Take,Virginia Tech Hokies,University of Virginia Cavaliers,7,0,0,,"12 Frei, 2 Bailey, 4 Trull, 88 Gott","12 Frei, 88 Gott","2 Bailey, 4 Trull"
18,"Cavaliers vs Hokies 4/12/19, Pitch 018",Pitch,00:00:08.6920000,00:03:05.14,00:03:05.2350000,00:03:13.56,,,5,2,,N,University of Virginia Cavaliers,Ball,2 Bailey,,,4 Trull,2,Left,88 Gott,-1,-1,,0-1,,,4/12/2019 4:13:00 PM,,,,,,,0,0,Virginia Tech Hokies,1,2,8,CF,0,,12 Frei,Right,StrikeOutsideCornerBallUp,171,31,Ball,Rise,,,,,0,,,,Virginia Tech Hokies,University of Virginia Cavaliers,8,0,0,,"12 Frei, 2 Bailey, 4 Trull, 88 Gott","12 Frei, 88 Gott","2 Bailey, 4 Trull"
19,"Cavaliers vs Hokies 4/12/19, Pitch 019",Pitch,00:00:08.4920000,00:03:15.10,00:03:15.1620000,00:03:23.39,,,5,3,,N,University of Virginia Cavaliers,Ball,2 Bailey,,,4 Trull,3,Left,88 Gott,-1,-1,,1-1,,,4/12/2019 4:13:00 PM,,,,,,,0,0,Virginia Tech Hokies,1,2,9,CF,0,,12 Frei,Right,BallInsideStrikeUp,16,78,Ball,,,,,,0,,,,Virginia Tech Hokies,University of Virginia Cavaliers,9,0,0,,"12 Frei, 2 Bailey, 4 Trull, 88 Gott","12 Frei, 88 Gott","2 Bailey, 4 Trull"
20,"Cavaliers vs Hokies 4/12/19, Pitch 020",Pitch,00:00:05.9060000,00:03:27.42,00:03:27.7080000,00:03:33.37,,,5,4,,N,University of Virginia Cavaliers,,,2 Bailey,,4 Trull,4,Left,88 Gott,-1,-1,,2-1,,,4/12/2019 4:13:00 PM,,,,,,,0,0,Virginia Tech Hokies,1,2,10,CF,0,,12 Frei,Right,BallOutsideStrikeMiddlePlate,191,145,Strike,,,,,,0,,,Take,Virginia Tech Hokies,University of Virginia Cavaliers,10,0,0,,"12 Frei, 2 Bailey, 4 Trull, 88 Gott","12 Frei, 88 Gott","2 Bailey, 4 Trull"
21,"Cavaliers vs Hokies 4/12/19, Pitch 021",Pitch,00:00:05.2720000,00:03:36.24,00:03:36.4000000,00:03:41.40,,,5,5,,N,University of Virginia Cavaliers,Ball,,2 Bailey,,4 Trull,5,Left,88 Gott,-1,-1,,2-2,,,4/12/2019 4:13:00 PM,,,,,,,0,0,Virginia Tech Hokies,1,2,11,CF,0,,12 Frei,Right,BallOutsideBallDown,215,227,Ball,Dropball,,,,,0,,,,Virginia Tech Hokies,University of Virginia Cavaliers,11,0,0,,"12 Frei, 2 Bailey, 4 Trull, 88 Gott","12 Frei, 88 Gott","2 Bailey, 4 Trull"
22,"Cavaliers vs Hokies 4/12/19, Pitch 022",Pitch,00:00:06.5400000,00:03:45.23,00:03:45.3920000,00:03:51.56,,,5,6,,N,University of Virginia Cavaliers,,,2 Bailey,,4 Trull,6,Left,88 Gott,-1,-1,,3-2,Strikeout,,4/12/2019 4:13:00 PM,,,,,,,0,0,Virginia Tech Hokies,1,2,12,CF,0,,12 Frei,Right,BallOutsideStrikeUp,198,98,Strike,,,,,,0,,,Take,Virginia Tech Hokies,University of Virginia Cavaliers,12,0,0,,"12 Frei, 2 Bailey, 4 Trull, 88 Gott","12 Frei, 88 Gott","2 Bailey, 4 Trull"
23,"Cavaliers vs Hokies 4/12/19, Pitch 023",Pitch,00:00:03.9870000,00:03:59.54,00:03:59.9070000,00:04:03.54,,,6,1,,N,University of Virginia Cavaliers,Ball,,2 Bailey,,13 Caitlyn,1,Right,88 Gott,-1,-1,,0-0,,,4/12/2019 4:13:00 PM,,,,,,,0,0,Virginia Tech Hokies,1,3,13,CF,1,,12 Frei,Right,StrikeMiddlePlateBallUp,141,27,Ball,Rise,,,,,0,,,,Virginia Tech Hokies,University of Virginia Cavaliers,13,0,0,,"12 Frei, 13 Caitlyn, 2 Bailey, 88 Gott","12 Frei, 88 Gott","13 Caitlyn, 2 Bailey"
24,"Cavaliers vs Hokies 4/12/19, Pitch 024",Pitch,00:00:05.9060000,00:04:07.23,00:04:07.3810000,00:04:13.17,,,6,2,,N,University of Virginia Cavaliers,Ball,,2 Bailey,,13 Caitlyn,2,Right,88 Gott,-1,-1,,1-0,,,4/12/2019 4:13:00 PM,,,,,,,0,0,Virginia Tech Hokies,1,3,14,CF,1,,12 Frei,Right,StrikeMiddlePlateBallDown,147,231,Ball,Dropball,,,,,0,,,,Virginia Tech Hokies,University of Virginia Cavaliers,14,0,0,,"12 Frei, 13 Caitlyn, 2 Bailey, 88 Gott","12 Frei, 88 Gott","13 Caitlyn, 2 Bailey"
25,"Cavaliers vs Hokies 4/12/19, Pitch 025",Pitch,00:00:05.9560000,00:04:15.41,00:04:15.6890000,00:04:21.39,,,6,3,,N,University of Virginia Cavaliers,Ball,,2 Bailey,,13 Caitlyn,3,Right,88 Gott,-1,-1,,2-0,,,4/12/2019 4:13:00 PM,,,,,,,0,0,Virginia Tech Hokies,1,3,15,CF,1,,12 Frei,Right,BallOutsideStrikeUp,22,89,Ball,,,,,,0,,,,Virginia Tech Hokies,University of Virginia Cavaliers,15,0,0,,"12 Frei, 13 Caitlyn, 2 Bailey, 88 Gott","12 Frei, 88 Gott","13 Caitlyn, 2 Bailey"
26,"Cavaliers vs Hokies 4/12/19, Pitch 026",Pitch,00:00:06.1390000,00:04:24.55,00:04:24.9150000,00:04:31.03,,,6,4,,N,University of Virginia Cavaliers,,,2 Bailey,,13 Caitlyn,4,Right,88 Gott,-1,-1,,3-0,,,4/12/2019 4:13:00 PM,,,,,,,0,0,Virginia Tech Hokies,1,3,16,CF,1,,12 Frei,Right,StrikeInsideCornerStrikeDown,164,151,Strike,Rise,,,,,0,,,Take,Virginia Tech Hokies,University of Virginia Cavaliers,16,0,0,,"12 Frei, 13 Caitlyn, 2 Bailey, 88 Gott","12 Frei, 88 Gott","13 Caitlyn, 2 Bailey"
27,"Cavaliers vs Hokies 4/12/19, Pitch 027",Pitch,00:00:10.8440000,00:04:34.36,00:04:34.6080000,00:04:45.27,17 Busby,12 Frei,7,5,,N,University of Virginia Cavaliers,,,,,13 Caitlyn,5,,88 Gott,,,,3-1,Out,1-5-3,4/12/2019 4:13:00 PM,Short infield,127,192,,Ground,Medium,0,0,Virginia Tech Hokies,1,1,17,CF,1,,12 Frei,Right,,,,Strike,,24 Smith,,,,1,,,Ball in Play,Virginia Tech Hokies,University of Virginia Cavaliers,17,0,0,,"12 Frei, 13 Caitlyn, 17 Busby, 24 Smith, 88 Gott","12 Frei, 17 Busby, 24 Smith, 88 Gott",13 Caitlyn
28,"Cavaliers vs Hokies 4/12/19, Pitch 028",Pitch,00:00:09.1590000,00:04:50.09,00:04:50.1570000,00:04:59.19,,,8,1,,N,University of Virginia Cavaliers,,,,2 Bailey,14 Emma,1,Right,88 Gott,-1,-1,,0-0,Hit,,4/12/2019 4:13:00 PM,Leftfield,28,57,Homerun,,,0,2,Virginia Tech Hokies,1,2,18,CF,2,,12 Frei,Right,StrikeMiddlePlateStrikeUp,142,98,Strike,,,2,2 Bailey,14 Emma,0,,,Ball in Play,Virginia Tech Hokies,University of Virginia Cavaliers,18,0,0,,"12 Frei, 14 Emma, 2 Bailey, 88 Gott","12 Frei, 88 Gott","14 Emma, 2 Bailey"
29,"Cavaliers vs Hokies 4/12/19, Pitch 029",Pitch,00:00:04.8720000,00:05:04.16,00:05:04.2710000,00:05:09.09,,,9,1,,N,University of Virginia Cavaliers,Ball,,,,8 Bennett,1,Right,88 Gott,-1,-1,,0-0,,,4/12/2019 4:13:00 PM,,,,,,,2,2,Virginia Tech Hokies,1,3,19,CF,2,,12 Frei,Right,BallOutsideStrikeUp,14,96,Ball,Dropball,,,,,2,,,,Virginia Tech Hokies,University of Virginia Cavaliers,19,0,0,,"12 Frei, 8 Bennett, 88 Gott","12 Frei, 88 Gott",8 Bennett
30,"Cavaliers vs Hokies 4/12/19, Pitch 030",Pitch,00:00:10.5940000,00:05:14.26,00:05:14.4310000,00:05:25.01,,,9,2,,N,University of Virginia Cavaliers,,,,,8 Bennett,2,Right,88 Gott,-1,-1,,1-0,Hit,,4/12/2019 4:13:00 PM,Rightfield,175,72,Double,,Hard,2,2,Virginia Tech Hokies,1,3,20,CF,2,,12 Frei,Right,StrikeOutsideCornerStrikeDown,81,160,Strike,,,,,,2,,,Ball in Play,Virginia Tech Hokies,University of Virginia Cavaliers,20,0,0,,"12 Frei, 8 Bennett, 88 Gott","12 Frei, 88 Gott",8 Bennett
31,"Cavaliers vs Hokies 4/12/19, Pitch 031",Pitch,00:00:03.9540000,00:05:30.13,00:05:30.2140000,00:05:34.10,,,10,1,,N,University of Virginia Cavaliers,Ball,,8 Bennett,,9 Velazquez,1,Left,88 Gott,-1,-1,,0-0,,,4/12/2019 4:13:00 PM,,,,,,,2,2,Virginia Tech Hokies,1,4,21,CF,2,,12 Frei,Right,BallOutsideBallUp,197,31,Ball,,,,,,2,,,,Virginia Tech Hokies,University of Virginia Cavaliers,21,0,0,,"12 Frei, 8 Bennett, 88 Gott, 9 Velazquez","12 Frei, 88 Gott","8 Bennett, 9 Velazquez"
32,"Cavaliers vs Hokies 4/12/19, Pitch 032",Pitch,00:00:06.3560000,00:05:37.39,00:05:37.6540000,00:05:44.01,,,10,2,,N,University of Virginia Cavaliers,Ball,,8 Bennett,,9 Velazquez,2,Left,88 Gott,-1,-1,,1-0,,,4/12/2019 4:13:00 PM,,,,,,,2,2,Virginia Tech Hokies,1,4,22,CF,2,,12 Frei,Right,BallOutsideBallUp,194,26,Ball,Rise,,,,,2,,,,Virginia Tech Hokies,University of Virginia Cavaliers,22,0,0,,"12 Frei, 8 Bennett, 88 Gott, 9 Velazquez","12 Frei, 88 Gott","8 Bennett, 9 Velazquez"
33,"Cavaliers vs Hokies 4/12/19, Pitch 033",Pitch,00:00:04.8880000,00:05:49.18,00:05:49.2990000,00:05:54.11,,,10,3,,N,University of Virginia Cavaliers,Ball,,,,9 Velazquez,3,Left,88 Gott,-1,-1,,2-0,,,4/12/2019 4:13:00 PM,,-1,-1,,,,2,3,Virginia Tech Hokies,1,4,23,CF,2,,12 Frei,Right,BallInsideStrikeDown,27,172,Ball,,,,,,2,,,,Virginia Tech Hokies,University of Virginia Cavaliers,23,0,0,,"12 Frei, 88 Gott, 9 Velazquez","12 Frei, 88 Gott",9 Velazquez
34,"Cavaliers vs Hokies 4/12/19, Pitch 034",Pitch,00:00:08.9260000,00:05:54.32,00:05:54.5380000,00:06:03.28,,,10,4,,N,University of Virginia Cavaliers,,,8 Bennett,,9 Velazquez,4,Left,88 Gott,-1,-1,Y,3-0,,,4/12/2019 4:13:00 PM,,,,,,,2,2,Virginia Tech Hokies,1,4,24,CF,2,,12 Frei,Right,StrikeOutsideCornerStrikeMiddlePlate,181,105,Strike,,,,,,2,,,Take,Virginia Tech Hokies,University of Virginia Cavaliers,24,0,0,,"12 Frei, 8 Bennett, 88 Gott, 9 Velazquez","12 Frei, 88 Gott","8 Bennett, 9 Velazquez"
35,"Cavaliers vs Hokies 4/12/19, Pitch 035",Pitch,00:00:07.8910000,00:06:07.04,00:06:07.0670000,00:06:14.57,,,10,5,,N,University of Virginia Cavaliers,,,8 Bennett,,9 Velazquez,5,Left,88 Gott,-1,-1,,3-1,Out,,4/12/2019 4:13:00 PM,Infield Left,95,170,,Pop up infield,,2,2,Virginia Tech Hokies,1,4,25,CF,2,,12 Frei,Right,StrikeOutsideCornerStrikeMiddlePlate,165,109,Strike,,,,,,2,,,Ball in Play,Virginia Tech Hokies,University of Virginia Cavaliers,25,0,0,,"12 Frei, 8 Bennett, 88 Gott, 9 Velazquez","12 Frei, 88 Gott","8 Bennett, 9 Velazquez"
36,"Cavaliers vs Hokies 4/12/19, Pitch 036",Pitch,00:00:07.2910000,00:06:19.40,00:06:19.6630000,00:06:26.57,,,11,1,,Y,University of Virginia Cavaliers,,,,,88 Gott,1,Right,18 Lawter,-1,-1,,0-0,,,4/12/2019 4:13:00 PM,,,,,,,2,2,Virginia Tech Hokies,2,1,1,CF,0,,25 Carrie,,StrikeInsideCornerStrikeUp,164,95,Strike,Dropball,,,,,2,,,Foul,University of Virginia Cavaliers,Virginia Tech Hokies,11,0,0,,"18 Lawter, 25 Carrie, 88 Gott","18 Lawter, 25 Carrie",88 Gott
37,"Cavaliers vs Hokies 4/12/19, Pitch 037",Pitch,00:00:06.5400000,00:06:31.58,00:06:31.9750000,00:06:38.31,,,11,2,,Y,University of Virginia Cavaliers,Ball,,,,88 Gott,2,Right,18 Lawter,-1,-1,,0-1,,,4/12/2019 4:13:00 PM,,,,,,,2,2,Virginia Tech Hokies,2,1,2,CF,0,,25 Carrie,,BallOutsideBallUp,33,44,Ball,Dropball,,,,,2,,,,University of Virginia Cavaliers,Virginia Tech Hokies,12,0,0,,"18 Lawter, 25 Carrie, 88 Gott","18 Lawter, 25 Carrie",88 Gott
38,"Cavaliers vs Hokies 4/12/19, Pitch 038",Pitch,00:00:08.0750000,00:06:40.35,00:06:40.5840000,00:06:48.39,,,11,3,,Y,University of Virginia Cavaliers,,,,,88 Gott,3,Right,18 Lawter,-1,-1,,1-1,,,4/12/2019 4:13:00 PM,,,,,,,2,2,Virginia Tech Hokies,2,1,3,CF,0,,25 Carrie,,StrikeOutsideCornerStrikeUp,94,65,Strike,Dropball,,,,,2,,,Take,University of Virginia Cavaliers,Virginia Tech Hokies,13,0,0,,"18 Lawter, 25 Carrie, 88 Gott","18 Lawter, 25 Carrie",88 Gott
39,"Cavaliers vs Hokies 4/12/19, Pitch 039",Pitch,00:00:07.8080000,00:06:52.55,00:06:52.9130000,00:07:00.43,,,11,4,,Y,University of Virginia Cavaliers,,,,,88 Gott,4,Right,18 Lawter,-1,-1,,1-2,,,4/12/2019 4:13:00 PM,,,,,,,2,2,Virginia Tech Hokies,2,1,4,CF,0,,25 Carrie,,StrikeInsideCornerBallDown,155,210,Strike,Dropball,,,,,2,,,Foul,University of Virginia Cavaliers,Virginia Tech Hokies,14,0,0,,"18 Lawter, 25 Carrie, 88 Gott","18 Lawter, 25 Carrie",88 Gott
40,"Cavaliers vs Hokies 4/12/19, Pitch 040",Pitch,00:00:08.3920000,00:07:03.47,00:07:03.7900000,00:07:12.11,,,11,5,,Y,University of Virginia Cavaliers,,,,,88 Gott,5,Right,18 Lawter,-1,-1,,1-2,Strikeout,,4/12/2019 4:13:00 PM,,,,,,,2,2,Virginia Tech Hokies,2,1,5,CF,0,,25 Carrie,,BallOutsideStrikeMiddlePlate,48,143,Strike,Dropball,,,,,2,,,Take,University of Virginia Cavaliers,Virginia Tech Hokies,15,0,0,,"18 Lawter, 25 Carrie, 88 Gott","18 Lawter, 25 Carrie",88 Gott
41,"Cavaliers vs Hokies 4/12/19, Pitch 041",Pitch,00:00:06.4730000,00:07:15.28,00:07:15.4690000,00:07:21.56,,,12,1,,Y,University of Virginia Cavaliers,Ball,,,,4 Gilbert,1,Right,18 Lawter,-1,-1,,0-0,,,4/12/2019 4:13:00 PM,,,,,,,2,2,Virginia Tech Hokies,2,2,6,CF,1,,25 Carrie,,StrikeOutsideCornerBallUp,65,13,Ball,,,,,,2,,,,University of Virginia Cavaliers,Virginia Tech Hokies,16,0,0,,"18 Lawter, 25 Carrie, 4 Gilbert","18 Lawter, 25 Carrie",4 Gilbert
42,"Cavaliers vs Hokies 4/12/19, Pitch 042",Pitch,00:00:07.5080000,00:07:25.04,00:07:25.0620000,00:07:32.34,,,12,2,,Y,University of Virginia Cavaliers,,,,,4 Gilbert,2,Right,18 Lawter,-1,-1,,1-0,,,4/12/2019 4:13:00 PM,,,,,,,2,2,Virginia Tech Hokies,2,2,7,CF,1,,25 Carrie,,StrikeMiddlePlateStrikeDown,138,150,Strike,Dropball,,,,,2,,,Foul,University of Virginia Cavaliers,Virginia Tech Hokies,17,0,0,,"18 Lawter, 25 Carrie, 4 Gilbert","18 Lawter, 25 Carrie",4 Gilbert
43,"Cavaliers vs Hokies 4/12/19, Pitch 043",Pitch,00:00:06.5900000,00:07:36.41,00:07:36.6900000,00:07:43.17,,,12,3,,Y,University of Virginia Cavaliers,Ball,,,,4 Gilbert,3,Right,18 Lawter,-1,-1,,1-1,,,4/12/2019 4:13:00 PM,,,,,,,2,2,Virginia Tech Hokies,2,2,8,CF,1,,25 Carrie,,StrikeMiddlePlateBallUp,111,21,Ball,Rise,,,,,2,,,,University of Virginia Cavaliers,Virginia Tech Hokies,18,0,0,,"18 Lawter, 25 Carrie, 4 Gilbert","18 Lawter, 25 Carrie",4 Gilbert
44,"Cavaliers vs Hokies 4/12/19, Pitch 044",Pitch,00:00:10.0100000,00:07:45.53,00:07:45.8830000,00:07:55.53,,,12,4,,Y,University of Virginia Cavaliers,,,,,4 Gilbert,4,Right,18 Lawter,-1,-1,,2-1,Out,2,4/12/2019 4:13:00 PM,Infield Right,143,162,,Pop up infield,Soft,2,2,Virginia Tech Hokies,2,2,9,CF,1,,25 Carrie,,StrikeInsideCornerStrikeMiddlePlate,156,144,Strike,Dropball,18 Lawter,,,,2,,,Ball in Play,University of Virginia Cavaliers,Virginia Tech Hokies,19,0,0,,"18 Lawter, 25 Carrie, 4 Gilbert","18 Lawter, 25 Carrie",4 Gilbert
45,"Cavaliers vs Hokies 4/12/19, Pitch 045",Pitch,00:00:07.9410000,00:07:59.45,00:07:59.7460000,00:08:07.41,,,13,1,,Y,University of Virginia Cavaliers,,,,,27 Ritchie,1,Right,18 Lawter,-1,-1,,0-0,,,4/12/2019 4:13:00 PM,,,,,,,2,2,Virginia Tech Hokies,2,3,10,CF,2,,25 Carrie,,StrikeOutsideCornerStrikeMiddlePlate,72,144,Strike,Dropball,,,,,2,,,Take,University of Virginia Cavaliers,Virginia Tech Hokies,20,0,0,,"18 Lawter, 25 Carrie, 27 Ritchie","18 Lawter, 25 Carrie",27 Ritchie
46,"Cavaliers vs Hokies 4/12/19, Pitch 046",Pitch,00:00:08.0410000,00:08:09.52,00:08:09.8730000,00:08:17.55,,,13,2,,Y,University of Virginia Cavaliers,,,,,27 Ritchie,2,Right,18 Lawter,-1,-1,,0-1,,,4/12/2019 4:13:00 PM,,,,,,,2,2,Virginia Tech Hokies,2,3,11,CF,2,,25 Carrie,,StrikeOutsideCornerBallUp,95,38,Strike,Rise,,,,,2,,,Swing,University of Virginia Cavaliers,Virginia Tech Hokies,21,0,0,,"18 Lawter, 25 Carrie, 27 Ritchie","18 Lawter, 25 Carrie",27 Ritchie
47,"Cavaliers vs Hokies 4/12/19, Pitch 047",Pitch,00:00:07.6740000,00:08:20.38,00:08:20.6340000,00:08:28.18,,,13,3,,Y,University of Virginia Cavaliers,Ball,,,,27 Ritchie,3,Right,18 Lawter,-1,-1,,0-2,,,4/12/2019 4:13:00 PM,,,,,,,2,2,Virginia Tech Hokies,2,3,12,CF,2,,25 Carrie,,BallOutsideStrikeMiddlePlate,27,129,Ball,,,,,,2,,,,University of Virginia Cavaliers,Virginia Tech Hokies,22,0,0,,"18 Lawter, 25 Carrie, 27 Ritchie","18 Lawter, 25 Carrie",27 Ritchie
48,"Cavaliers vs Hokies 4/12/19, Pitch 048",Pitch,00:00:06.6730000,00:08:31.38,00:08:31.6280000,00:08:38.18,,,13,4,,Y,University of Virginia Cavaliers,Ball,,,,27 Ritchie,4,Right,18 Lawter,-1,-1,,1-2,,,4/12/2019 4:13:00 PM,,,,,,,2,2,Virginia Tech Hokies,2,3,13,CF,2,,25 Carrie,,StrikeOutsideCornerBallUp,99,12,Ball,,,,,,2,,,,University of Virginia Cavaliers,Virginia Tech Hokies,23,0,0,,"18 Lawter, 25 Carrie, 27 Ritchie","18 Lawter, 25 Carrie",27 Ritchie
49,"Cavaliers vs Hokies 4/12/19, Pitch 049",Pitch,00:00:10.2770000,00:08:40.26,00:08:40.4370000,00:08:50.43,8 Bennett,,13,5,,Y,University of Virginia Cavaliers,,,,,27 Ritchie,5,Right,18 Lawter,-1,-1,,2-2,Out,5-3,4/12/2019 4:13:00 PM,Infield Right,145,167,,Ground,,2,2,Virginia Tech Hokies,2,3,14,CF,2,,25 Carrie,,StrikeMiddlePlateStrikeDown,110,195,Strike,Dropball,2 Bailey,,,,2,,,Ball in Play,University of Virginia Cavaliers,Virginia Tech Hokies,24,0,0,,"18 Lawter, 2 Bailey, 25 Carrie, 27 Ritchie, 8 Bennett","18 Lawter, 2 Bailey, 25 Carrie, 8 Bennett",27 Ritchie
50,"Cavaliers vs Hokies 4/12/19, Pitch 050",Pitch,00:00:05.3890000,00:08:57.06,00:08:57.1040000,00:09:02.29,,,14,1,,N,University of Virginia Cavaliers,Ball,,,,06 Lauren,1,Right,88 Gott,-1,-1,,0-0,,,4/12/2019 4:13:00 PM,,,,,,,2,2,Virginia Tech Hokies,2,1,1,CF,0,,12 Frei,Right,BallOutsideBallDown,28,215,Ball,Dropball,,,,,2,,,,Virginia Tech Hokies,University of Virginia Cavaliers,26,0,0,,"06 Lauren, 12 Frei, 88 Gott","12 Frei, 88 Gott",06 Lauren
51,"Cavaliers vs Hokies 4/12/19, Pitch 051",Pitch,00:00:07.8910000,00:09:06.07,00:09:06.1130000,00:09:14.00,27 Ritchie,,14,2,,N,University of Virginia Cavaliers,,,,,06 Lauren,2,Right,88 Gott,-1,-1,,1-0,Out,6-3,4/12/2019 4:13:00 PM,Infield Left,108,178,,Ground,,2,2,Virginia Tech Hokies,2,1,2,CF,0,,12 Frei,Right,StrikeOutsideCornerBallDown,106,201,Strike,Dropball,24 Smith,,,,2,,,Ball in Play,Virginia Tech Hokies,University of Virginia Cavaliers,27,0,0,,"06 Lauren, 12 Frei, 24 Smith, 27 Ritchie, 88 Gott","12 Frei, 24 Smith, 27 Ritchie, 88 Gott",06 Lauren
52,"Cavaliers vs Hokies 4/12/19, Pitch 052",Pitch,00:00:04.8050000,00:09:17.51,00:09:17.8580000,00:09:22.40,,,15,1,,N,University of Virginia Cavaliers,Ball,,,,18 Lawter,1,Right,88 Gott,-1,-1,,0-0,,,4/12/2019 4:13:00 PM,,,,,,,2,2,Virginia Tech Hokies,2,2,3,CF,1,,12 Frei,Right,BallOutsideStrikeUp,26,96,Ball,,,,,,2,,,,Virginia Tech Hokies,University of Virginia Cavaliers,28,0,0,,"12 Frei, 18 Lawter, 88 Gott","12 Frei, 88 Gott",18 Lawter
53,"Cavaliers vs Hokies 4/12/19, Pitch 053",Pitch,00:00:11.4280000,00:09:25.48,00:09:25.7990000,00:09:37.14,,,15,2,,N,University of Virginia Cavaliers,,,,,18 Lawter,2,Right,88 Gott,-1,-1,,1-0,Hit,,4/12/2019 4:13:00 PM,Leftfield,16,65,Homerun,,,2,3,Virginia Tech Hokies,2,2,4,CF,1,,12 Frei,Right,StrikeInsideCornerStrikeMiddlePlate,160,134,Strike,,,1,18 Lawter,,2,,,Ball in Play,Virginia Tech Hokies,University of Virginia Cavaliers,29,0,0,,"12 Frei, 18 Lawter, 88 Gott","12 Frei, 88 Gott",18 Lawter
54,"Cavaliers vs Hokies 4/12/19, Pitch 054",Pitch,00:00:06.9240000,00:09:40.17,00:09:40.2800000,00:09:47.12,,,16,1,,N,University of Virginia Cavaliers,Ball,,,,29 Banks,1,Left,88 Gott,-1,-1,,0-0,,,4/12/2019 4:13:00 PM,,,,,,,3,3,Virginia Tech Hokies,2,3,5,CF,1,,12 Frei,Right,BallOutsideStrikeMiddlePlate,207,146,Ball,,,,,,3,,,,Virginia Tech Hokies,University of Virginia Cavaliers,30,0,0,,"12 Frei, 29 Banks, 88 Gott","12 Frei, 88 Gott",29 Banks
55,"Cavaliers vs Hokies 4/12/19, Pitch 055",Pitch,00:00:05.5560000,00:09:51.33,00:09:51.5580000,00:09:57.07,,,16,2,,N,University of Virginia Cavaliers,Ball,,,,29 Banks,2,Left,88 Gott,-1,-1,,1-0,,,4/12/2019 4:13:00 PM,,,,,,,3,3,Virginia Tech Hokies,2,3,6,CF,1,,12 Frei,Right,BallOutsideBallDown,202,227,Ball,,,,,,3,,,,Virginia Tech Hokies,University of Virginia Cavaliers,31,0,0,,"12 Frei, 29 Banks, 88 Gott","12 Frei, 88 Gott",29 Banks
56,"Cavaliers vs Hokies 4/12/19, Pitch 056",Pitch,00:00:04.5710000,00:10:01.00,00:10:01.0010000,00:10:05.34,,,16,3,,N,University of Virginia Cavaliers,Ball,,,,29 Banks,3,Left,88 Gott,-1,-1,,2-0,,,4/12/2019 4:13:00 PM,,,,,,,3,3,Virginia Tech Hokies,2,3,7,CF,1,,12 Frei,Right,BallOutsideStrikeDown,216,171,Ball,,,,,,3,,,,Virginia Tech Hokies,University of Virginia Cavaliers,32,0,0,,"12 Frei, 29 Banks, 88 Gott","12 Frei, 88 Gott",29 Banks
57,"Cavaliers vs Hokies 4/12/19, Pitch 057",Pitch,00:00:06.9570000,00:10:09.15,00:10:09.2430000,00:10:16.12,,,16,4,,N,University of Virginia Cavaliers,Ball,,,,29 Banks,4,Left,88 Gott,-1,-1,,3-0,BB,,4/12/2019 4:13:00 PM,,,,,,,3,3,Virginia Tech Hokies,2,3,8,CF,1,,12 Frei,Right,StrikeMiddlePlateStrikeDown,113,176,Ball,,,,,,3,,,,Virginia Tech Hokies,University of Virginia Cavaliers,33,0,0,,"12 Frei, 29 Banks, 88 Gott","12 Frei, 88 Gott",29 Banks
58,"Cavaliers vs Hokies 4/12/19, Pitch 058",Pitch,00:00:05.2220000,00:10:20.13,00:10:20.2200000,00:10:25.26,,,17,1,,N,University of Virginia Cavaliers,Ball,29 Banks,,,2 Bailey,7,Right,88 Gott,-1,-1,,0-0,,,4/12/2019 4:13:00 PM,,,,,,,3,3,Virginia Tech Hokies,2,4,9,CF,1,,12 Frei,Right,StrikeMiddlePlateBallDown,119,230,Ball,Dropball,,,,,3,,,,Virginia Tech Hokies,University of Virginia Cavaliers,34,0,0,,"12 Frei, 2 Bailey, 29 Banks, 88 Gott","12 Frei, 88 Gott","2 Bailey, 29 Banks"
59,"Cavaliers vs Hokies 4/12/19, Pitch 059",Pitch,00:00:06.8230000,00:10:30.13,00:10:30.2140000,00:10:37.02,,,17,2,H,N,University of Virginia Cavaliers,Ball,29 Banks,,,2 Bailey,8,Right,88 Gott,-1,-1,,1-0,,,4/12/2019 4:13:00 PM,,,,,,,3,3,Virginia Tech Hokies,2,4,10,CF,1,,12 Frei,Right,StrikeMiddlePlateBallDown,134,227,Ball,,,,,,3,2B,29 Banks,,Virginia Tech Hokies,University of Virginia Cavaliers,35,0,0,,"12 Frei, 15 Davis, 2 Bailey, 29 Banks, 88 Gott","12 Frei, 15 Davis, 88 Gott","2 Bailey, 29 Banks"
60,"Cavaliers vs Hokies 4/12/19, Pitch 060",Pitch,00:00:06.5230000,00:10:42.32,00:10:42.5430000,00:10:49.04,,,17,3,,N,University of Virginia Cavaliers,,,29 Banks,,2 Bailey,9,Right,88 Gott,-1,-1,,2-0,,,4/12/2019 4:13:00 PM,,,,,,,3,3,Virginia Tech Hokies,2,4,11,CF,1,,12 Frei,Right,StrikeInsideCornerStrikeMiddlePlate,179,149,Strike,,,,,,3,,,Take,Virginia Tech Hokies,University of Virginia Cavaliers,36,0,0,,"12 Frei, 2 Bailey, 29 Banks, 88 Gott","12 Frei, 88 Gott","2 Bailey, 29 Banks"
61,"Cavaliers vs Hokies 4/12/19, Pitch 061",Pitch,00:00:05.8220000,00:10:53.19,00:10:53.3200000,00:10:59.09,,,17,4,,N,University of Virginia Cavaliers,,,29 Banks,,2 Bailey,10,Right,88 Gott,-1,-1,,2-1,,,4/12/2019 4:13:00 PM,Foul,72,195,,,,3,3,Virginia Tech Hokies,2,4,12,CF,1,,12 Frei,Right,StrikeOutsideCornerBallDown,86,210,Strike,,,,,,3,,,Foul,Virginia Tech Hokies,University of Virginia Cavaliers,37,0,0,,"12 Frei, 2 Bailey, 29 Banks, 88 Gott","12 Frei, 88 Gott","2 Bailey, 29 Banks"
62,"Cavaliers vs Hokies 4/12/19, Pitch 062",Pitch,00:00:07.0740000,00:11:02.56,00:11:02.9300000,00:11:10.00,,,17,5,,N,University of Virginia Cavaliers,Ball,,29 Banks,,2 Bailey,11,Right,88 Gott,-1,-1,,2-2,,,4/12/2019 4:13:00 PM,,,,,,,3,3,Virginia Tech Hokies,2,4,13,CF,1,,12 Frei,Right,BallInsideStrikeMiddlePlate,226,140,Ball,,,,,,3,,,,Virginia Tech Hokies,University of Virginia Cavaliers,38,0,0,,"12 Frei, 2 Bailey, 29 Banks, 88 Gott","12 Frei, 88 Gott","2 Bailey, 29 Banks"
63,"Cavaliers vs Hokies 4/12/19, Pitch 063",Pitch,00:00:07.0740000,00:11:13.22,00:11:13.3730000,00:11:20.27,,,17,6,,N,University of Virginia Cavaliers,Ball,,29 Banks,,2 Bailey,12,Right,88 Gott,-1,-1,,3-2,BB,,4/12/2019 4:13:00 PM,,,,,,,3,3,Virginia Tech Hokies,2,4,14,CF,1,,12 Frei,Right,BallInsideStrikeMiddlePlate,224,141,Ball,,,,,,3,,,,Virginia Tech Hokies,University of Virginia Cavaliers,39,0,0,,"12 Frei, 2 Bailey, 29 Banks, 88 Gott","12 Frei, 88 Gott","2 Bailey, 29 Banks"
64,"Cavaliers vs Hokies 4/12/19, Pitch 064",Pitch,00:00:05.8060000,00:11:24.21,00:11:24.3510000,00:11:30.09,,,18,1,,N,University of Virginia Cavaliers,Ball,2 Bailey,29 Banks,,4 Trull,7,Left,88 Gott,-1,-1,,0-0,,,4/12/2019 4:13:00 PM,,,,,,,3,3,Virginia Tech Hokies,2,5,15,CF,1,,12 Frei,Right,BallOutsideStrikeDown,214,164,Ball,Dropball,,,,,3,,,,Virginia Tech Hokies,University of Virginia Cavaliers,40,0,0,,"12 Frei, 2 Bailey, 29 Banks, 4 Trull, 88 Gott","12 Frei, 88 Gott","2 Bailey, 29 Banks, 4 Trull"
65,"Cavaliers vs Hokies 4/12/19, Pitch 065",Pitch,00:00:05.7720000,00:11:33.53,00:11:33.8770000,00:11:39.39,,,18,2,,N,University of Virginia Cavaliers,,2 Bailey,29 Banks,,4 Trull,8,Left,88 Gott,-1,-1,,1-0,,,4/12/2019 4:13:00 PM,,,,,,,3,3,Virginia Tech Hokies,2,5,16,CF,1,,12 Frei,Right,StrikeOutsideCornerStrikeMiddlePlate,171,102,Strike,Rise,,,,,3,,,Take,Virginia Tech Hokies,University of Virginia Cavaliers,41,0,0,,"12 Frei, 2 Bailey, 29 Banks, 4 Trull, 88 Gott","12 Frei, 88 Gott","2 Bailey, 29 Banks, 4 Trull"
66,"Cavaliers vs Hokies 4/12/19, Pitch 066",Pitch,00:00:05.3220000,00:11:43.14,00:11:43.2370000,00:11:48.33,,,18,3,,N,University of Virginia Cavaliers,Ball,2 Bailey,29 Banks,,4 Trull,9,Left,88 Gott,-1,-1,,1-1,,,4/12/2019 4:13:00 PM,,,,,,,3,3,Virginia Tech Hokies,2,5,17,CF,1,,12 Frei,Right,BallOutsideBallDown,228,203,Ball,,,,,,3,,,,Virginia Tech Hokies,University of Virginia Cavaliers,42,0,0,,"12 Frei, 2 Bailey, 29 Banks, 4 Trull, 88 Gott","12 Frei, 88 Gott","2 Bailey, 29 Banks, 4 Trull"
67,"Cavaliers vs Hokies 4/12/19, Pitch 067",Pitch,00:00:05.2050000,00:11:52.56,00:11:52.9300000,00:11:58.08,,,18,4,,N,University of Virginia Cavaliers,,2 Bailey,29 Banks,,4 Trull,10,Left,88 Gott,-1,-1,,2-1,,,4/12/2019 4:13:00 PM,,,,,,,3,3,Virginia Tech Hokies,2,5,18,CF,1,,12 Frei,Right,BallOutsideStrikeUp,192,74,Strike,Rise,,,,,3,,,Swing,Virginia Tech Hokies,University of Virginia Cavaliers,43,0,0,,"12 Frei, 2 Bailey, 29 Banks, 4 Trull, 88 Gott","12 Frei, 88 Gott","2 Bailey, 29 Banks, 4 Trull"
68,"Cavaliers vs Hokies 4/12/19, Pitch 068",Pitch,00:00:05.4050000,00:12:02.56,00:12:02.9400000,00:12:08.21,,,18,5,,N,University of Virginia Cavaliers,,2 Bailey,29 Banks,,4 Trull,11,Left,88 Gott,-1,-1,,2-2,,,4/12/2019 4:13:00 PM,Foul,87,211,,,,3,3,Virginia Tech Hokies,2,5,19,CF,1,,12 Frei,Right,BallOutsideStrikeMiddlePlate,205,144,Strike,,,,,,3,,,Foul,Virginia Tech Hokies,University of Virginia Cavaliers,44,0,0,,"12 Frei, 2 Bailey, 29 Banks, 4 Trull, 88 Gott","12 Frei, 88 Gott","2 Bailey, 29 Banks, 4 Trull"
69,"Cavaliers vs Hokies 4/12/19, Pitch 069",Pitch,00:00:05.6560000,00:12:12.20,00:12:12.3320000,00:12:17.59,,,18,6,,N,University of Virginia Cavaliers,Ball,2 Bailey,29 Banks,,4 Trull,12,Left,88 Gott,-1,-1,,2-2,,,4/12/2019 4:13:00 PM,,,,,,,3,3,Virginia Tech Hokies,2,5,20,CF,1,,12 Frei,Right,BallOutsideStrikeDown,227,163,Ball,,,,,,3,,,,Virginia Tech Hokies,University of Virginia Cavaliers,45,0,0,,"12 Frei, 2 Bailey, 29 Banks, 4 Trull, 88 Gott","12 Frei, 88 Gott","2 Bailey, 29 Banks, 4 Trull"
70,"Cavaliers vs Hokies 4/12/19, Pitch 070",Pitch,00:00:09.1930000,00:12:22.16,00:12:22.2760000,00:12:31.28,,,18,7,,N,University of Virginia Cavaliers,,,2 Bailey,29 Banks,4 Trull,13,Left,88 Gott,-1,-1,,3-2,Out,,4/12/2019 4:13:00 PM,Infield Left,105,186,,Ground,Soft,3,3,Virginia Tech Hokies,2,5,21,CF,1,,12 Frei,Right,BallOutsideStrikeMiddlePlate,205,137,Strike,,,,,,3,,,Ball in Play,Virginia Tech Hokies,University of Virginia Cavaliers,46,0,0,,"12 Frei, 2 Bailey, 29 Banks, 4 Trull, 88 Gott","12 Frei, 88 Gott","2 Bailey, 29 Banks, 4 Trull"
71,"Cavaliers vs Hokies 4/12/19, Pitch 071",Pitch,00:00:06.5400000,00:12:33.46,00:12:33.7700000,00:12:40.19,,,19,1,,N,University of Virginia Cavaliers,Ball,,2 Bailey,29 Banks,13 Caitlyn,6,Right,88 Gott,-1,-1,,0-0,,,4/12/2019 4:13:00 PM,,,,,,,3,3,Virginia Tech Hokies,2,6,22,CF,2,,12 Frei,Right,StrikeInsideCornerBallDown,66,214,Ball,Dropball,,,,,3,,,,Virginia Tech Hokies,University of Virginia Cavaliers,47,0,0,,"12 Frei, 13 Caitlyn, 2 Bailey, 29 Banks, 88 Gott","12 Frei, 88 Gott","13 Caitlyn, 2 Bailey, 29 Banks"
72,"Cavaliers vs Hokies 4/12/19, Pitch 072",Pitch,00:00:04.8380000,00:12:43.53,00:12:43.8810000,00:12:48.43,,,19,2,,N,University of Virginia Cavaliers,Ball,,2 Bailey,29 Banks,13 Caitlyn,7,Right,88 Gott,-1,-1,,1-0,,,4/12/2019 4:13:00 PM,,,,,,,3,3,Virginia Tech Hokies,2,6,23,CF,2,,12 Frei,Right,BallInsideStrikeDown,226,190,Ball,Dropball,,,,,3,,,,Virginia Tech Hokies,University of Virginia Cavaliers,48,0,0,,"12 Frei, 13 Caitlyn, 2 Bailey, 29 Banks, 88 Gott","12 Frei, 88 Gott","13 Caitlyn, 2 Bailey, 29 Banks"
73,"Cavaliers vs Hokies 4/12/19, Pitch 073",Pitch,00:00:05.3220000,00:12:54.10,00:12:54.1740000,00:12:59.30,,,19,3,,N,University of Virginia Cavaliers,Ball,,2 Bailey,29 Banks,13 Caitlyn,8,Right,88 Gott,-1,-1,,2-0,,,4/12/2019 4:13:00 PM,,,,,,,3,3,Virginia Tech Hokies,2,6,24,CF,2,,12 Frei,Right,BallOutsideStrikeDown,23,158,Ball,Dropball,,,,,3,,,,Virginia Tech Hokies,University of Virginia Cavaliers,49,0,0,,"12 Frei, 13 Caitlyn, 2 Bailey, 29 Banks, 88 Gott","12 Frei, 88 Gott","13 Caitlyn, 2 Bailey, 29 Banks"
74,"Cavaliers vs Hokies 4/12/19, Pitch 074",Pitch,00:00:05.9060000,00:13:03.25,00:13:03.4170000,00:13:09.19,,,19,4,,N,University of Virginia Cavaliers,,,2 Bailey,29 Banks,13 Caitlyn,9,Right,88 Gott,-1,-1,,3-0,,,4/12/2019 4:13:00 PM,,,,,,,3,3,Virginia Tech Hokies,2,6,25,CF,2,,12 Frei,Right,BallOutsideStrikeUp,43,100,Strike,,,,,,3,,,Take,Virginia Tech Hokies,University of Virginia Cavaliers,50,0,0,,"12 Frei, 13 Caitlyn, 2 Bailey, 29 Banks, 88 Gott","12 Frei, 88 Gott","13 Caitlyn, 2 Bailey, 29 Banks"
75,"Cavaliers vs Hokies 4/12/19, Pitch 075",Pitch,00:00:05.3220000,00:13:13.04,00:13:13.0600000,00:13:18.23,,,19,5,,N,University of Virginia Cavaliers,Ball,,2 Bailey,29 Banks,13 Caitlyn,10,Right,88 Gott,-1,-1,,3-1,BB,,4/12/2019 4:13:00 PM,,,,,,,3,3,Virginia Tech Hokies,2,6,26,CF,2,,12 Frei,Right,BallOutsideStrikeUp,25,81,Ball,,,,,,3,,,,Virginia Tech Hokies,University of Virginia Cavaliers,51,0,0,,"12 Frei, 13 Caitlyn, 2 Bailey, 29 Banks, 88 Gott","12 Frei, 88 Gott","13 Caitlyn, 2 Bailey, 29 Banks"
76,"Cavaliers vs Hokies 4/12/19, Pitch 076",Pitch,00:00:09.7430000,00:13:23.46,00:13:23.7700000,00:13:33.31,,,20,1,,N,University of Virginia Cavaliers,,13 Caitlyn,2 Bailey,29 Banks,14 Emma,2,Right,88 Gott,-1,-1,,0-0,Hit,,4/12/2019 4:13:00 PM,Infield Middle,122,124,Single,Line,Hard,3,5,Virginia Tech Hokies,2,7,27,CF,2,,12 Frei,Right,StrikeOutsideCornerStrikeMiddlePlate,89,143,Strike,,,2,29 Banks,2 Bailey,3,,,Ball in Play,Virginia Tech Hokies,University of Virginia Cavaliers,52,0,0,,"12 Frei, 13 Caitlyn, 14 Emma, 2 Bailey, 29 Banks, 88 Gott","12 Frei, 88 Gott","13 Caitlyn, 14 Emma, 2 Bailey, 29 Banks"
77,"Cavaliers vs Hokies 4/12/19, Pitch 077",Pitch,00:00:07.2410000,00:13:36.46,00:13:36.7670000,00:13:44.00,,,21,1,,N,University of Virginia Cavaliers,Ball,14 Emma,13 Caitlyn,,8 Bennett,3,Right,88 Gott,-1,-1,,0-0,,,4/12/2019 4:13:00 PM,,,,,,,5,5,Virginia Tech Hokies,2,8,28,CF,2,,12 Frei,Right,BallOutsideStrikeMiddlePlate,34,107,Ball,Rise,,,,,5,,,,Virginia Tech Hokies,University of Virginia Cavaliers,53,0,0,,"12 Frei, 13 Caitlyn, 14 Emma, 8 Bennett, 88 Gott","12 Frei, 88 Gott","13 Caitlyn, 14 Emma, 8 Bennett"
78,"Cavaliers vs Hokies 4/12/19, Pitch 078",Pitch,00:00:05.3550000,00:13:47.29,00:13:47.4770000,00:13:52.50,,,21,2,,N,University of Virginia Cavaliers,,14 Emma,13 Caitlyn,,8 Bennett,4,Right,88 Gott,-1,-1,,1-0,,,4/12/2019 4:13:00 PM,Foul,182,237,,,,5,5,Virginia Tech Hokies,2,8,29,CF,2,,12 Frei,Right,StrikeInsideCornerStrikeMiddlePlate,161,149,Strike,,,,,,5,,,Foul,Virginia Tech Hokies,University of Virginia Cavaliers,54,0,0,,"12 Frei, 13 Caitlyn, 14 Emma, 8 Bennett, 88 Gott","12 Frei, 88 Gott","13 Caitlyn, 14 Emma, 8 Bennett"
79,"Cavaliers vs Hokies 4/12/19, Pitch 079",Pitch,00:00:05.6220000,00:13:56.14,00:13:56.2360000,00:14:01.51,,,21,3,,N,University of Virginia Cavaliers,Ball,14 Emma,13 Caitlyn,,8 Bennett,5,Right,88 Gott,-1,-1,,1-1,,,4/12/2019 4:13:00 PM,,,,,,,5,5,Virginia Tech Hokies,2,8,30,CF,2,,12 Frei,Right,StrikeOutsideCornerBallUp,100,26,Ball,Rise,,,,,5,,,,Virginia Tech Hokies,University of Virginia Cavaliers,55,0,0,,"12 Frei, 13 Caitlyn, 14 Emma, 8 Bennett, 88 Gott","12 Frei, 88 Gott","13 Caitlyn, 14 Emma, 8 Bennett"
80,"Cavaliers vs Hokies 4/12/19, Pitch 080",Pitch,00:00:05.0380000,00:14:05.21,00:14:05.3450000,00:14:10.23,,,21,4,,N,University of Virginia Cavaliers,Ball,14 Emma,13 Caitlyn,,8 Bennett,6,Right,88 Gott,-1,-1,,2-1,,,4/12/2019 4:13:00 PM,,,,,,,5,5,Virginia Tech Hokies,2,8,31,CF,2,,12 Frei,Right,BallOutsideBallUp,13,30,Ball,,,,,,5,,,,Virginia Tech Hokies,University of Virginia Cavaliers,56,0,0,,"12 Frei, 13 Caitlyn, 14 Emma, 8 Bennett, 88 Gott","12 Frei, 88 Gott","13 Caitlyn, 14 Emma, 8 Bennett"
81,"Cavaliers vs Hokies 4/12/19, Pitch 081",Pitch,00:00:07.4910000,00:14:24.60,00:14:24.9980000,00:14:32.29,,,21,2,,Y,University of Virginia Cavaliers,,,,,23 Friedman,2,Right,18 Lawter,-1,-1,,0-0,,,4/12/2019 4:13:00 PM,,,,,,,5,5,Virginia Tech Hokies,3,1,2,CF,0,,25 Carrie,,StrikeOutsideCornerStrikeMiddlePlate,74,147,Strike,Dropball,,,,,5,,,Take,University of Virginia Cavaliers,Virginia Tech Hokies,26,0,0,,"18 Lawter, 23 Friedman, 25 Carrie","18 Lawter, 25 Carrie",23 Friedman
82,"Cavaliers vs Hokies 4/12/19, Pitch 082",Pitch,00:00:08.1080000,00:14:35.45,00:14:35.7590000,00:14:43.52,,,21,2,,Y,University of Virginia Cavaliers,,,,,23 Friedman,2,Right,18 Lawter,-1,-1,,0-1,,,4/12/2019 4:13:00 PM,Foul,125,245,,,,5,5,Virginia Tech Hokies,3,1,2,CF,0,,25 Carrie,,StrikeMiddlePlateStrikeUp,145,98,Strike,,,,,,5,,,Foul,University of Virginia Cavaliers,Virginia Tech Hokies,26,0,0,,"18 Lawter, 23 Friedman, 25 Carrie","18 Lawter, 25 Carrie",23 Friedman
83,"Cavaliers vs Hokies 4/12/19, Pitch 083",Pitch,00:00:08.6090000,00:14:45.55,00:14:45.9190000,00:14:54.32,,,21,3,,Y,University of Virginia Cavaliers,,,,,23 Friedman,3,Right,18 Lawter,-1,-1,,0-2,Strikeout,,4/12/2019 4:13:00 PM,,,,,,,5,5,Virginia Tech Hokies,3,1,3,CF,0,,25 Carrie,,BallOutsideBallDown,61,216,Strike,Dropball,,,,,5,,,Swing,University of Virginia Cavaliers,Virginia Tech Hokies,27,0,0,,"18 Lawter, 23 Friedman, 25 Carrie","18 Lawter, 25 Carrie",23 Friedman
84,"Cavaliers vs Hokies 4/12/19, Pitch 084",Pitch,00:00:07.9250000,00:14:57.38,00:14:57.6310000,00:15:05.33,,,22,1,,Y,University of Virginia Cavaliers,Ball,,,,15 Davis,1,Right,18 Lawter,-1,-1,,0-0,,,4/12/2019 4:13:00 PM,,,,,,,5,5,Virginia Tech Hokies,3,2,4,CF,1,,25 Carrie,,BallInsideBallDown,196,222,Ball,Dropball,,,,,5,,,,University of Virginia Cavaliers,Virginia Tech Hokies,28,0,0,,"15 Davis, 18 Lawter, 25 Carrie","18 Lawter, 25 Carrie",15 Davis
85,"Cavaliers vs Hokies 4/12/19, Pitch 085",Pitch,00:00:07.2240000,00:15:08.28,00:15:08.4750000,00:15:15.42,,,22,2,,Y,University of Virginia Cavaliers,Ball,,,,15 Davis,2,Right,18 Lawter,-1,-1,,1-0,,,4/12/2019 4:13:00 PM,,,,,,,5,5,Virginia Tech Hokies,3,2,5,CF,1,,25 Carrie,,StrikeMiddlePlateBallDown,131,231,Ball,,,,,,5,,,,University of Virginia Cavaliers,Virginia Tech Hokies,29,0,0,WildPitch,"15 Davis, 18 Lawter, 25 Carrie","18 Lawter, 25 Carrie",15 Davis
86,"Cavaliers vs Hokies 4/12/19, Pitch 086",Pitch,00:00:11.0940000,00:15:18.30,00:15:18.5020000,00:15:29.36,,,22,3,,Y,University of Virginia Cavaliers,,,,,15 Davis,3,Right,18 Lawter,-1,-1,,2-0,Out,,4/12/2019 4:13:00 PM,Infield Left,103,162,,Ground,Medium,5,5,Virginia Tech Hokies,3,2,6,CF,1,,25 Carrie,,StrikeMiddlePlateStrikeMiddlePlate,110,108,Strike,Dropball,,,,,5,,,Ball in Play,University of Virginia Cavaliers,Virginia Tech Hokies,30,0,0,,"15 Davis, 18 Lawter, 25 Carrie","18 Lawter, 25 Carrie",15 Davis
87,"Cavaliers vs Hokies 4/12/19, Pitch 087",Pitch,00:00:08.1750000,00:15:31.51,00:15:31.8490000,00:15:40.01,,,23,1,,Y,University of Virginia Cavaliers,Ball,,,,10 Covington,1,Right,18 Lawter,-1,-1,,0-0,,,4/12/2019 4:13:00 PM,,,,,,,5,5,Virginia Tech Hokies,3,3,7,CF,2,,25 Carrie,,StrikeInsideCornerBallDown,155,223,Ball,Dropball,,,,,5,,,,University of Virginia Cavaliers,Virginia Tech Hokies,31,0,0,,"10 Covington, 18 Lawter, 25 Carrie","18 Lawter, 25 Carrie",10 Covington
88,"Cavaliers vs Hokies 4/12/19, Pitch 088",Pitch,00:00:07.1400000,00:15:43.29,00:15:43.4770000,00:15:50.37,,,23,2,,Y,University of Virginia Cavaliers,,,,,10 Covington,2,Right,18 Lawter,-1,-1,,1-0,,,4/12/2019 4:13:00 PM,,,,,,,5,5,Virginia Tech Hokies,3,3,8,CF,2,,25 Carrie,,StrikeInsideCornerStrikeDown,180,150,Strike,,,,,,5,,,Swing,University of Virginia Cavaliers,Virginia Tech Hokies,32,0,0,,"10 Covington, 18 Lawter, 25 Carrie","18 Lawter, 25 Carrie",10 Covington
89,"Cavaliers vs Hokies 4/12/19, Pitch 089",Pitch,00:00:07.6740000,00:15:53.24,00:15:53.4030000,00:16:01.05,,,23,3,,Y,University of Virginia Cavaliers,,,,,10 Covington,3,Right,18 Lawter,-1,-1,,1-1,,,4/12/2019 4:13:00 PM,,,,,,,5,5,Virginia Tech Hokies,3,3,9,CF,2,,25 Carrie,,StrikeInsideCornerStrikeMiddlePlate,165,130,Strike,,,,,,5,,,Take,University of Virginia Cavaliers,Virginia Tech Hokies,33,0,0,,"10 Covington, 18 Lawter, 25 Carrie","18 Lawter, 25 Carrie",10 Covington
90,"Cavaliers vs Hokies 4/12/19, Pitch 090",Pitch,00:00:06.3900000,00:16:04.55,00:16:04.9150000,00:16:11.18,,,23,4,,Y,University of Virginia Cavaliers,Ball,,,,10 Covington,4,Right,18 Lawter,-1,-1,,1-2,,,4/12/2019 4:13:00 PM,,,,,,,5,5,Virginia Tech Hokies,3,3,10,CF,2,,25 Carrie,,StrikeOutsideCornerBallUp,105,5,Ball,,,,,,5,,,,University of Virginia Cavaliers,Virginia Tech Hokies,34,0,0,,"10 Covington, 18 Lawter, 25 Carrie","18 Lawter, 25 Carrie",10 Covington
91,"Cavaliers vs Hokies 4/12/19, Pitch 091",Pitch,00:00:07.3240000,00:16:14.11,00:16:14.1910000,00:16:21.31,,,23,5,,Y,University of Virginia Cavaliers,,,,,10 Covington,5,Right,18 Lawter,-1,-1,,2-2,,,4/12/2019 4:13:00 PM,Foul,65,187,,,,5,5,Virginia Tech Hokies,3,3,11,CF,2,,25 Carrie,,BallInsideStrikeDown,201,156,Strike,,,,,,5,,,Foul,University of Virginia Cavaliers,Virginia Tech Hokies,35,0,0,,"10 Covington, 18 Lawter, 25 Carrie","18 Lawter, 25 Carrie",10 Covington
92,"Cavaliers vs Hokies 4/12/19, Pitch 092",Pitch,00:00:06.5230000,00:16:24.25,00:16:24.4180000,00:16:30.56,,,23,6,,Y,University of Virginia Cavaliers,,,,,10 Covington,6,Right,18 Lawter,-1,-1,,2-2,Strikeout,,4/12/2019 4:13:00 PM,,,,,,,5,5,Virginia Tech Hokies,3,3,12,CF,2,,25 Carrie,,StrikeOutsideCornerStrikeDown,87,178,Strike,Dropball,,,,,5,,,Swing,University of Virginia Cavaliers,Virginia Tech Hokies,36,0,0,,"10 Covington, 18 Lawter, 25 Carrie","18 Lawter, 25 Carrie",10 Covington
93,"Cavaliers vs Hokies 4/12/19, Pitch 093",Pitch,00:00:04.5550000,00:16:36.57,00:16:36.9470000,00:16:41.30,,,24,1,,N,University of Virginia Cavaliers,,,,,9 Velazquez,6,Left,88 Gott,-1,-1,,0-0,,,4/12/2019 4:13:00 PM,,,,,,,5,5,Virginia Tech Hokies,3,1,1,CF,0,,12 Frei,Right,BallOutsideStrikeMiddlePlate,198,110,Strike,Rise,,,,,5,,,Take,Virginia Tech Hokies,University of Virginia Cavaliers,58,0,0,,"12 Frei, 88 Gott, 9 Velazquez","12 Frei, 88 Gott",9 Velazquez
94,"Cavaliers vs Hokies 4/12/19, Pitch 094",Pitch,00:00:06.1060000,00:16:45.31,00:16:45.5220000,00:16:51.38,,,24,2,,N,University of Virginia Cavaliers,,,,,9 Velazquez,7,Left,88 Gott,-1,-1,,0-1,,,4/12/2019 4:13:00 PM,,,,,,,5,5,Virginia Tech Hokies,3,1,2,CF,0,,12 Frei,Right,BallOutsideStrikeDown,196,161,Strike,Dropball,,,,,5,,,Take,Virginia Tech Hokies,University of Virginia Cavaliers,59,0,0,,"12 Frei, 88 Gott, 9 Velazquez","12 Frei, 88 Gott",9 Velazquez
95,"Cavaliers vs Hokies 4/12/19, Pitch 095",Pitch,00:00:05.5220000,00:16:55.06,00:16:55.0980000,00:17:00.37,,,24,3,,N,University of Virginia Cavaliers,Ball,,,,9 Velazquez,8,Left,88 Gott,-1,-1,,0-2,,,4/12/2019 4:13:00 PM,,,,,,,5,5,Virginia Tech Hokies,3,1,3,CF,0,,12 Frei,Right,BallOutsideStrikeDown,223,191,Ball,,,,,,5,,,,Virginia Tech Hokies,University of Virginia Cavaliers,60,0,0,,"12 Frei, 88 Gott, 9 Velazquez","12 Frei, 88 Gott",9 Velazquez
96,"Cavaliers vs Hokies 4/12/19, Pitch 096",Pitch,00:00:07.4240000,00:17:04.21,00:17:04.3580000,00:17:11.47,,,24,4,,N,University of Virginia Cavaliers,Ball,,,,9 Velazquez,9,Left,88 Gott,-1,-1,,1-2,,,4/12/2019 4:13:00 PM,,,,,,,5,5,Virginia Tech Hokies,3,1,4,CF,0,,12 Frei,Right,BallOutsideStrikeDown,203,173,Ball,,,,,,5,,,,Virginia Tech Hokies,University of Virginia Cavaliers,61,0,0,,"12 Frei, 88 Gott, 9 Velazquez","12 Frei, 88 Gott",9 Velazquez
97,"Cavaliers vs Hokies 4/12/19, Pitch 097",Pitch,00:00:14.9320000,00:17:15.14,00:17:15.2350000,00:17:30.10,,,24,5,,N,University of Virginia Cavaliers,,,,,9 Velazquez,10,Left,88 Gott,-1,-1,,2-2,Hit,,4/12/2019 4:13:00 PM,Rightfield,219,91,Double,Fly,Hard,5,5,Virginia Tech Hokies,3,1,5,CF,0,,12 Frei,Right,StrikeInsideCornerStrikeDown,88,158,Strike,,,,,,5,,,Ball in Play,Virginia Tech Hokies,University of Virginia Cavaliers,62,0,0,,"12 Frei, 88 Gott, 9 Velazquez","12 Frei, 88 Gott",9 Velazquez
98,"Cavaliers vs Hokies 4/12/19, Pitch 098",Pitch,00:00:06.4730000,00:17:34.16,00:17:34.2710000,00:17:40.45,,,25,1,,N,University of Virginia Cavaliers,,,9 Velazquez,,06 Lauren,3,Right,88 Gott,-1,-1,,0-0,,,4/12/2019 4:13:00 PM,,,,,,,5,5,Virginia Tech Hokies,3,2,6,CF,0,,12 Frei,Right,BallOutsideStrikeMiddlePlate,52,106,Strike,,,,,,5,,,Take,Virginia Tech Hokies,University of Virginia Cavaliers,63,0,0,,"06 Lauren, 12 Frei, 88 Gott, 9 Velazquez","12 Frei, 88 Gott","06 Lauren, 9 Velazquez"
99,"Cavaliers vs Hokies 4/12/19, Pitch 099",Pitch,00:00:06.7730000,00:17:44.44,00:17:44.7310000,00:17:51.30,,,25,2,,N,University of Virginia Cavaliers,Ball,,9 Velazquez,,06 Lauren,4,Right,88 Gott,-1,-1,,0-1,,,4/12/2019 4:13:00 PM,,,,,,,5,5,Virginia Tech Hokies,3,2,7,CF,0,,12 Frei,Right,StrikeOutsideCornerBallDown,70,232,Ball,,,,,,5,3B,9 Velazquez,,Virginia Tech Hokies,University of Virginia Cavaliers,64,0,0,,"06 Lauren, 12 Frei, 17 Busby, 88 Gott, 9 Velazquez","12 Frei, 17 Busby, 88 Gott","06 Lauren, 9 Velazquez"
100,"Cavaliers vs Hokies 4/12/19, Pitch 100",Pitch,00:00:05.4220000,00:17:54.29,00:17:54.4910000,00:17:59.55,,,25,3,,N,University of Virginia Cavaliers,Ball,,,9 Velazquez,06 Lauren,5,Right,88 Gott,-1,-1,,1-1,,,4/12/2019 4:13:00 PM,,,,,,,5,5,Virginia Tech Hokies,3,2,8,CF,0,,12 Frei,Right,BallOutsideStrikeDown,28,169,Ball,Dropball,,,,,5,,,,Virginia Tech Hokies,University of Virginia Cavaliers,65,0,0,,"06 Lauren, 12 Frei, 88 Gott, 9 Velazquez","12 Frei, 88 Gott","06 Lauren, 9 Velazquez"
101,"Cavaliers vs Hokies 4/12/19, Pitch 101",Pitch,00:00:04.5380000,00:18:04.09,00:18:04.1510000,00:18:08.41,,,25,4,,N,University of Virginia Cavaliers,,,,9 Velazquez,06 Lauren,6,Right,88 Gott,-1,-1,,2-1,,,4/12/2019 4:13:00 PM,,,,,,,5,5,Virginia Tech Hokies,3,2,9,CF,0,,12 Frei,Right,StrikeOutsideCornerStrikeUp,86,101,Strike,,,,,,5,,,Swing,Virginia Tech Hokies,University of Virginia Cavaliers,66,0,0,,"06 Lauren, 12 Frei, 88 Gott, 9 Velazquez","12 Frei, 88 Gott","06 Lauren, 9 Velazquez"
102,"Cavaliers vs Hokies 4/12/19, Pitch 102",Pitch,00:00:08.8760000,00:18:11.56,00:18:11.9420000,00:18:20.49,,,25,5,,N,University of Virginia Cavaliers,,,,9 Velazquez,06 Lauren,7,Right,88 Gott,-1,-1,,2-2,Out,3,4/12/2019 4:13:00 PM,Infield Right,143,182,,Ground,Soft,5,5,Virginia Tech Hokies,3,2,10,CF,0,,12 Frei,Right,BallOutsideStrikeMiddlePlate,38,126,Strike,,24 Smith,,,,5,,,Ball in Play,Virginia Tech Hokies,University of Virginia Cavaliers,67,0,0,,"06 Lauren, 12 Frei, 24 Smith, 88 Gott, 9 Velazquez","12 Frei, 24 Smith, 88 Gott","06 Lauren, 9 Velazquez"
103,"Cavaliers vs Hokies 4/12/19, Pitch 103",Pitch,00:00:04.7210000,00:18:24.37,00:18:24.6210000,00:18:29.20,,,26,1,,N,University of Virginia Cavaliers,Ball,,,9 Velazquez,18 Lawter,3,Right,88 Gott,-1,-1,,0-0,,,4/12/2019 4:13:00 PM,,,,,,,5,5,Virginia Tech Hokies,3,3,11,CF,1,,12 Frei,Right,BallOutsideStrikeUp,34,87,Ball,,,,,,5,,,,Virginia Tech Hokies,University of Virginia Cavaliers,68,0,0,,"12 Frei, 18 Lawter, 88 Gott, 9 Velazquez","12 Frei, 88 Gott","18 Lawter, 9 Velazquez"
104,"Cavaliers vs Hokies 4/12/19, Pitch 104",Pitch,00:00:10.4770000,00:18:32.11,00:18:32.1790000,00:18:42.39,,,26,2,,N,University of Virginia Cavaliers,,,,9 Velazquez,18 Lawter,4,Right,88 Gott,-1,-1,,1-0,Out,,4/12/2019 4:13:00 PM,,,,,Ground,,5,6,Virginia Tech Hokies,3,3,12,CF,1,,12 Frei,Right,StrikeOutsideCornerStrikeUp,91,100,Strike,Dropball,,1,9 Velazquez,,5,,,Ball in Play,Virginia Tech Hokies,University of Virginia Cavaliers,69,0,0,,"12 Frei, 18 Lawter, 88 Gott, 9 Velazquez","12 Frei, 88 Gott","18 Lawter, 9 Velazquez"
105,"Cavaliers vs Hokies 4/12/19, Pitch 105",Pitch,00:00:07.0900000,00:18:46.04,00:18:46.0590000,00:18:53.09,,,27,1,,N,University of Virginia Cavaliers,,,,,29 Banks,5,Left,88 Gott,-1,-1,,0-0,,,4/12/2019 4:13:00 PM,,,,,,,6,6,Virginia Tech Hokies,3,4,13,CF,2,,12 Frei,Right,BallOutsideStrikeDown,199,151,Strike,,,,,,6,,,Take,Virginia Tech Hokies,University of Virginia Cavaliers,70,0,0,,"12 Frei, 29 Banks, 88 Gott","12 Frei, 88 Gott",29 Banks
106,"Cavaliers vs Hokies 4/12/19, Pitch 106",Pitch,00:00:05.8060000,00:18:59.24,00:18:59.4060000,00:19:05.13,,,27,2,,N,University of Virginia Cavaliers,,,,,29 Banks,6,Left,88 Gott,-1,-1,,0-1,,,4/12/2019 4:13:00 PM,Foul,76,216,,,,6,6,Virginia Tech Hokies,3,4,14,CF,2,,12 Frei,Right,StrikeOutsideCornerStrikeUp,180,90,Strike,,,,,,6,,,Foul,Virginia Tech Hokies,University of Virginia Cavaliers,71,0,0,,"12 Frei, 29 Banks, 88 Gott","12 Frei, 88 Gott",29 Banks
107,"Cavaliers vs Hokies 4/12/19, Pitch 107",Pitch,00:00:06.0390000,00:19:10.10,00:19:10.1670000,00:19:16.12,,,27,3,,N,University of Virginia Cavaliers,,,,,29 Banks,7,Left,88 Gott,-1,-1,Y,0-2,Strikeout,,4/12/2019 4:13:00 PM,,,,,,,6,6,Virginia Tech Hokies,3,4,15,CF,2,,12 Frei,Right,BallOutsideStrikeDown,205,172,Strike,Dropball,,,,,6,,,Swing,Virginia Tech Hokies,University of Virginia Cavaliers,72,0,0,,"12 Frei, 29 Banks, 88 Gott","12 Frei, 88 Gott",29 Banks
108,"Cavaliers vs Hokies 4/12/19, Pitch 108",Pitch,00:00:08.2080000,00:19:20.16,00:19:20.2600000,00:19:28.28,,,28,1,,Y,University of Virginia Cavaliers,Ball,,,,17 Busby,5,Right,18 Lawter,-1,-1,,0-0,,,4/12/2019 4:13:00 PM,,,,,,,6,6,Virginia Tech Hokies,4,1,1,CF,0,,25 Carrie,,BallOutsideStrikeDown,48,161,Ball,Dropball,,,,,6,,,,University of Virginia Cavaliers,Virginia Tech Hokies,37,0,0,,"17 Busby, 18 Lawter, 25 Carrie","18 Lawter, 25 Carrie",17 Busby
109,"Cavaliers vs Hokies 4/12/19, Pitch 109",Pitch,00:00:11.0940000,00:19:32.13,00:19:32.2220000,00:19:43.19,,,28,2,,Y,University of Virginia Cavaliers,,,,,17 Busby,6,Right,18 Lawter,-1,-1,,1-0,Out,,4/12/2019 4:13:00 PM,Infield Middle,121,116,,Line,Medium,6,6,Virginia Tech Hokies,4,1,2,CF,0,,25 Carrie,,BallInsideStrikeDown,193,164,Strike,,,,,,6,,,Ball in Play,University of Virginia Cavaliers,Virginia Tech Hokies,38,0,0,,"17 Busby, 18 Lawter, 25 Carrie","18 Lawter, 25 Carrie",17 Busby
110,"Cavaliers vs Hokies 4/12/19, Pitch 110",Pitch,00:00:11.6450000,00:19:45.37,00:19:45.6190000,00:19:57.16,,,29,1,,Y,University of Virginia Cavaliers,,,,,24 Smith,3,Right,18 Lawter,-1,-1,,0-0,Hit,,4/12/2019 4:13:00 PM,Infield Left,92,156,Single,Ground,Medium,6,6,Virginia Tech Hokies,4,2,3,CF,1,,25 Carrie,,StrikeOutsideCornerStrikeMiddlePlate,98,148,Strike,Dropball,,,,,6,,,Ball in Play,University of Virginia Cavaliers,Virginia Tech Hokies,39,0,0,,"18 Lawter, 24 Smith, 25 Carrie","18 Lawter, 25 Carrie",24 Smith
111,"Cavaliers vs Hokies 4/12/19, Pitch 111",Pitch,00:00:06.7230000,00:19:59.59,00:19:59.9830000,00:20:06.42,,,30,1,,Y,University of Virginia Cavaliers,,24 Smith,,,19 Osherow,5,Right,18 Lawter,-1,-1,,0-0,,,4/12/2019 4:13:00 PM,,,,,,,6,6,Virginia Tech Hokies,4,3,4,CF,1,,25 Carrie,,StrikeOutsideCornerStrikeUp,92,58,Strike,Rise,,,,,6,,,Swing,University of Virginia Cavaliers,Virginia Tech Hokies,40,0,0,,"18 Lawter, 19 Osherow, 24 Smith, 25 Carrie","18 Lawter, 25 Carrie","19 Osherow, 24 Smith"
112,"Cavaliers vs Hokies 4/12/19, Pitch 112",Pitch,00:00:07.2070000,00:20:09.19,00:20:09.3260000,00:20:16.32,,,30,2,,Y,University of Virginia Cavaliers,Ball,24 Smith,,,19 Osherow,6,Right,18 Lawter,-1,-1,,0-1,,,4/12/2019 4:13:00 PM,,,,,,,6,6,Virginia Tech Hokies,4,3,5,CF,1,,25 Carrie,,StrikeMiddlePlateBallUp,123,50,Ball,,,,,,6,,,,University of Virginia Cavaliers,Virginia Tech Hokies,41,0,0,,"18 Lawter, 19 Osherow, 24 Smith, 25 Carrie","18 Lawter, 25 Carrie","19 Osherow, 24 Smith"
113,"Cavaliers vs Hokies 4/12/19, Pitch 113",Pitch,00:00:07.4240000,00:20:18.29,00:20:18.4850000,00:20:25.54,,,30,3,,Y,University of Virginia Cavaliers,,24 Smith,,,19 Osherow,7,Right,18 Lawter,-1,-1,,1-1,,,4/12/2019 4:13:00 PM,Foul,132,237,,,,6,6,Virginia Tech Hokies,4,3,6,CF,1,,25 Carrie,,StrikeInsideCornerStrikeUp,157,88,Strike,,,,,,6,,,Foul,University of Virginia Cavaliers,Virginia Tech Hokies,42,0,0,,"18 Lawter, 19 Osherow, 24 Smith, 25 Carrie","18 Lawter, 25 Carrie","19 Osherow, 24 Smith"
114,"Cavaliers vs Hokies 4/12/19, Pitch 114",Pitch,00:00:09.6600000,00:20:28.44,00:20:28.7290000,00:20:38.23,,,30,4,,Y,University of Virginia Cavaliers,,24 Smith,,,19 Osherow,8,Right,18 Lawter,-1,-1,,1-2,,,4/12/2019 4:13:00 PM,Foul,63,178,,,,6,6,Virginia Tech Hokies,4,3,7,CF,1,,25 Carrie,,StrikeMiddlePlateStrikeMiddlePlate,139,116,Strike,,,,,,6,,,Foul,University of Virginia Cavaliers,Virginia Tech Hokies,43,0,0,,"18 Lawter, 19 Osherow, 24 Smith, 25 Carrie","18 Lawter, 25 Carrie","19 Osherow, 24 Smith"
115,"Cavaliers vs Hokies 4/12/19, Pitch 115",Pitch,00:00:07.2070000,00:20:41.20,00:20:41.3410000,00:20:48.33,,,30,5,,Y,University of Virginia Cavaliers,,24 Smith,,,19 Osherow,9,Right,18 Lawter,-1,-1,,1-2,Strikeout,,4/12/2019 4:13:00 PM,,,,,,,6,6,Virginia Tech Hokies,4,3,8,CF,1,,25 Carrie,,StrikeInsideCornerStrikeUp,182,75,Strike,Rise,,,,,6,,,Swing,University of Virginia Cavaliers,Virginia Tech Hokies,44,0,0,,"18 Lawter, 19 Osherow, 24 Smith, 25 Carrie","18 Lawter, 25 Carrie","19 Osherow, 24 Smith"
116,"Cavaliers vs Hokies 4/12/19, Pitch 116",Pitch,00:00:06.8070000,00:20:51.01,00:20:51.0180000,00:20:57.49,,,31,1,,Y,University of Virginia Cavaliers,,24 Smith,,,88 Gott,6,Right,18 Lawter,-1,-1,,0-0,,,4/12/2019 4:13:00 PM,Foul,18,146,,,,6,6,Virginia Tech Hokies,4,4,9,CF,2,,25 Carrie,,BallInsideStrikeDown,197,165,Strike,,,,,,6,,,Foul,University of Virginia Cavaliers,Virginia Tech Hokies,45,0,0,,"18 Lawter, 24 Smith, 25 Carrie, 88 Gott","18 Lawter, 25 Carrie","24 Smith, 88 Gott"
117,"Cavaliers vs Hokies 4/12/19, Pitch 117",Pitch,00:00:06.6070000,00:21:01.33,00:21:01.5450000,00:21:08.09,,,31,2,,Y,University of Virginia Cavaliers,Ball,24 Smith,,,88 Gott,7,Right,18 Lawter,-1,-1,,0-1,,,4/12/2019 4:13:00 PM,,,,,,,6,6,Virginia Tech Hokies,4,4,10,CF,2,,25 Carrie,,StrikeMiddlePlateBallDown,126,212,Ball,,,,,,6,,,,University of Virginia Cavaliers,Virginia Tech Hokies,46,0,0,,"18 Lawter, 24 Smith, 25 Carrie, 88 Gott","18 Lawter, 25 Carrie","24 Smith, 88 Gott"
118,"Cavaliers vs Hokies 4/12/19, Pitch 118",Pitch,00:00:05.6720000,00:21:11.26,00:21:11.4380000,00:21:17.07,,,31,3,,Y,University of Virginia Cavaliers,Ball,24 Smith,,,88 Gott,8,Right,18 Lawter,-1,-1,,1-1,,,4/12/2019 4:13:00 PM,,,,,,,6,6,Virginia Tech Hokies,4,4,11,CF,2,,25 Carrie,,StrikeOutsideCornerBallUp,90,26,Ball,,,,,,6,,,,University of Virginia Cavaliers,Virginia Tech Hokies,47,0,0,,"18 Lawter, 24 Smith, 25 Carrie, 88 Gott","18 Lawter, 25 Carrie","24 Smith, 88 Gott"
119,"Cavaliers vs Hokies 4/12/19, Pitch 119",Pitch,00:00:06.5400000,00:21:22.12,00:21:22.1990000,00:21:28.44,,,31,4,,Y,University of Virginia Cavaliers,,24 Smith,,,88 Gott,9,Right,18 Lawter,-1,-1,,2-1,,,4/12/2019 4:13:00 PM,Foul,97,226,,,,6,6,Virginia Tech Hokies,4,4,12,CF,2,,25 Carrie,,StrikeOutsideCornerStrikeDown,105,165,Strike,,,,,,6,,,Foul,University of Virginia Cavaliers,Virginia Tech Hokies,48,0,0,,"18 Lawter, 24 Smith, 25 Carrie, 88 Gott","18 Lawter, 25 Carrie","24 Smith, 88 Gott"
120,"Cavaliers vs Hokies 4/12/19, Pitch 120",Pitch,00:00:10.5940000,00:21:31.09,00:21:31.1580000,00:21:41.45,,,31,5,,Y,University of Virginia Cavaliers,,24 Smith,,,88 Gott,10,Right,18 Lawter,-1,-1,,2-2,Out,6,4/12/2019 4:13:00 PM,Infield Middle,115,161,,Ground,Soft,6,6,Virginia Tech Hokies,4,4,13,CF,2,,25 Carrie,,StrikeOutsideCornerStrikeMiddlePlate,89,125,Strike,,13 Caitlyn,,,,6,,,Ball in Play,University of Virginia Cavaliers,Virginia Tech Hokies,49,0,0,,"13 Caitlyn, 18 Lawter, 24 Smith, 25 Carrie, 88 Gott","13 Caitlyn, 18 Lawter, 25 Carrie","24 Smith, 88 Gott"
121,"Cavaliers vs Hokies 4/12/19, Pitch 121",Pitch,00:00:08.3420000,00:21:44.34,00:21:44.5710000,00:21:52.55,,,32,1,,N,University of Virginia Cavaliers,,,,,2 Bailey,13,Right,88 Gott,-1,-1,,0-0,,,4/12/2019 4:13:00 PM,,,,,,,6,6,Virginia Tech Hokies,4,1,1,CF,0,,8 Dadney,Right,BallOutsideStrikeUp,52,92,Strike,Rise,,,,,6,,,Take,Virginia Tech Hokies,University of Virginia Cavaliers,1,0,0,,"2 Bailey, 8 Dadney, 88 Gott","8 Dadney, 88 Gott",2 Bailey
122,"Cavaliers vs Hokies 4/12/19, Pitch 122",Pitch,00:00:11.3280000,00:21:56.30,00:21:56.5000000,00:22:07.50,,,32,2,,N,University of Virginia Cavaliers,,,,,2 Bailey,14,Right,88 Gott,-1,-1,,0-1,Hit,,4/12/2019 4:13:00 PM,Leftfield,72,71,Double,Line,Hard,6,6,Virginia Tech Hokies,4,1,2,CF,0,,8 Dadney,Right,StrikeMiddlePlateStrikeDown,136,166,Strike,Dropball,,,,,6,,,Ball in Play,Virginia Tech Hokies,University of Virginia Cavaliers,2,0,0,,"2 Bailey, 8 Dadney, 88 Gott","8 Dadney, 88 Gott",2 Bailey
123,"Cavaliers vs Hokies 4/12/19, Pitch 123",Pitch,00:00:09.9270000,00:22:11.37,00:22:11.6150000,00:22:21.32,,,33,1,,N,University of Virginia Cavaliers,,,,2 Bailey,4 Trull,14,Left,88 Gott,-1,-1,,0-0,Out,,4/12/2019 4:13:00 PM,Infield Right,144,165,,Ground,Soft,6,6,Virginia Tech Hokies,4,2,3,CF,0,,8 Dadney,Right,StrikeOutsideCornerBallUp,145,37,Strike,,,,,,6,,,Ball in Play,Virginia Tech Hokies,University of Virginia Cavaliers,3,0,0,,"2 Bailey, 4 Trull, 8 Dadney, 88 Gott","8 Dadney, 88 Gott","2 Bailey, 4 Trull"
124,"Cavaliers vs Hokies 4/12/19, Pitch 124",Pitch,00:00:08.5590000,00:22:26.23,00:22:26.3800000,00:22:34.56,,,34,1,,N,University of Virginia Cavaliers,,,,2 Bailey,13 Caitlyn,11,Right,88 Gott,-1,-1,,0-0,,,4/12/2019 4:13:00 PM,Foul,58,176,,,,6,6,Virginia Tech Hokies,4,3,4,CF,1,,8 Dadney,Right,StrikeMiddlePlateStrikeDown,137,164,Strike,,,,,,6,,,Foul,Virginia Tech Hokies,University of Virginia Cavaliers,4,0,0,,"13 Caitlyn, 2 Bailey, 8 Dadney, 88 Gott","8 Dadney, 88 Gott","13 Caitlyn, 2 Bailey"
125,"Cavaliers vs Hokies 4/12/19, Pitch 125",Pitch,00:00:06.4560000,00:22:38.32,00:22:38.5420000,00:22:44.60,,,34,2,,N,University of Virginia Cavaliers,Ball,,,2 Bailey,13 Caitlyn,12,Right,88 Gott,-1,-1,,0-1,,,4/12/2019 4:13:00 PM,,,,,,,6,6,Virginia Tech Hokies,4,3,5,CF,1,,8 Dadney,Right,StrikeOutsideCornerStrikeDown,104,188,Ball,,,,,,6,,,,Virginia Tech Hokies,University of Virginia Cavaliers,5,0,0,,"13 Caitlyn, 2 Bailey, 8 Dadney, 88 Gott","8 Dadney, 88 Gott","13 Caitlyn, 2 Bailey"
126,"Cavaliers vs Hokies 4/12/19, Pitch 126",Pitch,00:00:10.7270000,00:22:47.46,00:22:47.7680000,00:22:58.30,,,34,3,,N,University of Virginia Cavaliers,,,,,13 Caitlyn,13,Right,88 Gott,-1,-1,,1-1,Out,,4/12/2019 4:13:00 PM,Infield Left,98,175,,Ground,Soft,7,7,Virginia Tech Hokies,4,3,6,CF,1,,8 Dadney,Right,StrikeOutsideCornerStrikeDown,106,178,Strike,,,,,,6,,,Ball in Play,Virginia Tech Hokies,University of Virginia Cavaliers,6,0,0,,"13 Caitlyn, 8 Dadney, 88 Gott","8 Dadney, 88 Gott",13 Caitlyn
127,"Cavaliers vs Hokies 4/12/19, Pitch 127",Pitch,00:00:06.5570000,00:23:02.33,00:23:02.5490000,00:23:09.06,,,35,1,,N,University of Virginia Cavaliers,,,,,14 Emma,3,Right,88 Gott,-1,-1,,0-0,,,4/12/2019 4:13:00 PM,Foul,168,217,,,,7,7,Virginia Tech Hokies,4,4,7,CF,2,,8 Dadney,Right,StrikeMiddlePlateStrikeDown,118,166,Strike,,,,,,7,,,Foul,Virginia Tech Hokies,University of Virginia Cavaliers,7,0,0,,"14 Emma, 8 Dadney, 88 Gott","8 Dadney, 88 Gott",14 Emma
128,"Cavaliers vs Hokies 4/12/19, Pitch 128",Pitch,00:00:07.0570000,00:23:12.15,00:23:12.2420000,00:23:19.18,,,35,2,,N,University of Virginia Cavaliers,Ball,,,,14 Emma,4,Right,88 Gott,-1,-1,,0-1,,,4/12/2019 4:13:00 PM,,,,,,,7,7,Virginia Tech Hokies,4,4,8,CF,2,,8 Dadney,Right,StrikeMiddlePlateBallDown,148,228,Ball,,,,,,7,,,,Virginia Tech Hokies,University of Virginia Cavaliers,8,0,0,,"14 Emma, 8 Dadney, 88 Gott","8 Dadney, 88 Gott",14 Emma
129,"Cavaliers vs Hokies 4/12/19, Pitch 129",Pitch,00:00:10.2440000,00:23:24.40,00:23:24.6710000,00:23:34.55,,,35,3,,N,University of Virginia Cavaliers,,,,,14 Emma,5,Right,88 Gott,-1,-1,,1-1,Out,,4/12/2019 4:13:00 PM,Shallow Rightfield,183,117,,Fly,Medium,7,7,Virginia Tech Hokies,4,4,9,CF,2,,8 Dadney,Right,StrikeOutsideCornerStrikeUp,91,95,Strike,,,,,,7,,,Ball in Play,Virginia Tech Hokies,University of Virginia Cavaliers,9,0,0,,"14 Emma, 8 Dadney, 88 Gott","8 Dadney, 88 Gott",14 Emma
130,"Cavaliers vs Hokies 4/12/19, Pitch 130",Pitch,00:00:06.3730000,00:23:39.05,00:23:39.0860000,00:23:45.27,,,36,1,,Y,University of Virginia Cavaliers,Ball,,,,4 Gilbert,5,Right,18 Lawter,-1,-1,,0-0,,,4/12/2019 4:13:00 PM,,,,,,,7,7,Virginia Tech Hokies,5,1,1,CF,0,,25 Carrie,,StrikeOutsideCornerStrikeUp,108,59,Ball,Rise,,,,,7,,,,University of Virginia Cavaliers,Virginia Tech Hokies,50,0,0,,"18 Lawter, 25 Carrie, 4 Gilbert","18 Lawter, 25 Carrie",4 Gilbert
131,"Cavaliers vs Hokies 4/12/19, Pitch 131",Pitch,00:00:10.8940000,00:23:48.26,00:23:48.4280000,00:23:59.19,,,36,2,,Y,University of Virginia Cavaliers,,,,,4 Gilbert,6,Right,18 Lawter,-1,-1,,1-0,Out,5,4/12/2019 4:13:00 PM,Infield Middle,137,151,,Pop up infield,,7,7,Virginia Tech Hokies,5,1,2,CF,1,,25 Carrie,,StrikeMiddlePlateStrikeUp,116,65,Strike,Rise,8 Bennett,,,,7,,,Ball in Play,University of Virginia Cavaliers,Virginia Tech Hokies,51,0,0,,"18 Lawter, 25 Carrie, 4 Gilbert, 8 Bennett","18 Lawter, 25 Carrie, 8 Bennett",4 Gilbert
132,"Cavaliers vs Hokies 4/12/19, Pitch 132",Pitch,00:00:06.6230000,00:24:01.54,00:24:01.9090000,00:24:08.32,,,36,3,,Y,University of Virginia Cavaliers,Ball,,,,27 Ritchie,7,Right,18 Lawter,-1,-1,,1-1,,,4/12/2019 4:13:00 PM,,,,,,,7,7,Virginia Tech Hokies,5,1,3,CF,1,,25 Carrie,,BallOutsideBallUp,23,20,Ball,Rise,,,,,7,,,,University of Virginia Cavaliers,Virginia Tech Hokies,52,0,0,,"18 Lawter, 25 Carrie, 27 Ritchie","18 Lawter, 25 Carrie",27 Ritchie
133,"Cavaliers vs Hokies 4/12/19, Pitch 133",Pitch,00:00:05.9230000,00:24:11.47,00:24:11.7850000,00:24:17.42,,,36,2,,Y,University of Virginia Cavaliers,Ball,,,,27 Ritchie,7,Right,18 Lawter,-1,-1,,1-1,,,4/12/2019 4:13:00 PM,,,,,,,7,7,Virginia Tech Hokies,5,1,4,CF,1,,25 Carrie,,StrikeOutsideCornerBallUp,65,21,Ball,,,,,,7,,,,University of Virginia Cavaliers,Virginia Tech Hokies,53,0,0,,"18 Lawter, 25 Carrie, 27 Ritchie","18 Lawter, 25 Carrie",27 Ritchie
134,"Cavaliers vs Hokies 4/12/19, Pitch 134",Pitch,00:00:09.6260000,00:24:20.21,00:24:20.3440000,00:24:29.58,,,36,3,,Y,University of Virginia Cavaliers,,,,,27 Ritchie,8,Right,18 Lawter,-1,-1,,2-1,,,4/12/2019 4:13:00 PM,Foul,186,191,,,,7,7,Virginia Tech Hokies,5,1,5,CF,1,,25 Carrie,,StrikeOutsideCornerStrikeMiddlePlate,93,139,Strike,,,,,,7,,,Foul,University of Virginia Cavaliers,Virginia Tech Hokies,54,0,0,,"18 Lawter, 25 Carrie, 27 Ritchie","18 Lawter, 25 Carrie",27 Ritchie
135,"Cavaliers vs Hokies 4/12/19, Pitch 135",Pitch,00:00:06.8740000,00:24:31.56,00:24:31.9390000,00:24:38.49,,,36,4,,Y,University of Virginia Cavaliers,Ball,,,,27 Ritchie,9,Right,18 Lawter,-1,-1,,2-2,,,4/12/2019 4:13:00 PM,,,,,,,7,7,Virginia Tech Hokies,5,1,6,CF,0,,25 Carrie,,BallOutsideStrikeMiddlePlate,22,109,Ball,,,,,,7,,,,University of Virginia Cavaliers,Virginia Tech Hokies,55,0,0,,"18 Lawter, 25 Carrie, 27 Ritchie","18 Lawter, 25 Carrie",27 Ritchie
136,"Cavaliers vs Hokies 4/12/19, Pitch 136",Pitch,00:00:07.3410000,00:24:42.11,00:24:42.1820000,00:24:49.31,,,36,5,,Y,University of Virginia Cavaliers,,,,,27 Ritchie,10,Right,18 Lawter,-1,-1,,3-1,,,4/12/2019 4:13:00 PM,,,,,,,7,7,Virginia Tech Hokies,5,1,7,CF,1,,25 Carrie,,StrikeOutsideCornerStrikeUp,100,93,Strike,,,,,,7,,,Take,University of Virginia Cavaliers,Virginia Tech Hokies,56,0,0,,"18 Lawter, 25 Carrie, 27 Ritchie","18 Lawter, 25 Carrie",27 Ritchie
137,"Cavaliers vs Hokies 4/12/19, Pitch 137",Pitch,00:00:07.2240000,00:24:51.49,00:24:51.8250000,00:24:59.03,,,36,6,,Y,University of Virginia Cavaliers,,,,,27 Ritchie,11,Right,18 Lawter,-1,-1,,3-2,,,4/12/2019 4:13:00 PM,Foul,217,215,,,,7,7,Virginia Tech Hokies,5,1,8,CF,1,,25 Carrie,,StrikeOutsideCornerStrikeUp,84,97,Strike,,,,,,7,,,Foul,University of Virginia Cavaliers,Virginia Tech Hokies,57,0,0,,"18 Lawter, 25 Carrie, 27 Ritchie","18 Lawter, 25 Carrie",27 Ritchie
138,"Cavaliers vs Hokies 4/12/19, Pitch 138",Pitch,00:00:10.4600000,00:25:02.03,00:25:02.0520000,00:25:12.31,,,36,7,,Y,University of Virginia Cavaliers,,,,,27 Ritchie,12,Right,18 Lawter,-1,-1,,3-2,Hit,,4/12/2019 4:13:00 PM,Infield Left,104,164,Single,,Medium,7,7,Virginia Tech Hokies,5,1,9,CF,1,,25 Carrie,,StrikeMiddlePlateStrikeDown,148,153,Strike,,,,,,7,,,Ball in Play,University of Virginia Cavaliers,Virginia Tech Hokies,58,0,0,,"18 Lawter, 25 Carrie, 27 Ritchie","18 Lawter, 25 Carrie",27 Ritchie
139,"Cavaliers vs Hokies 4/12/19, Pitch 139",Pitch,00:00:10.8610000,00:25:17.34,00:25:17.5680000,00:25:28.26,,,37,1,,Y,University of Virginia Cavaliers,,20 Keshin,,,23 Friedman,4,Right,18 Lawter,-1,-1,,0-0,GIDP,,4/12/2019 4:13:00 PM,Infield Middle,109,158,,ground,,7,7,Virginia Tech Hokies,5,2,10,CF,1,,25 Carrie,,BallOutsideStrikeMiddlePlate,40,136,Strike,,,,,,7,,,Ball in Play,University of Virginia Cavaliers,Virginia Tech Hokies,59,0,0,,"18 Lawter, 20 Keshin, 23 Friedman, 25 Carrie","18 Lawter, 25 Carrie","20 Keshin, 23 Friedman"
140,"Cavaliers vs Hokies 4/12/19, Pitch 140",Pitch,00:00:06.9900000,00:25:32.15,00:25:32.2490000,00:25:39.14,,,38,1,,N,University of Virginia Cavaliers,Ball,,,,8 Bennett,8,Right,88 Gott,-1,-1,,0-0,,,4/12/2019 4:13:00 PM,,,,,,,7,7,Virginia Tech Hokies,5,1,1,CF,0,,8 Dadney,Right,StrikeInsideCornerBallDown,156,210,Ball,Dropball,,,,,7,,,,Virginia Tech Hokies,University of Virginia Cavaliers,10,0,0,,"8 Bennett, 8 Dadney, 88 Gott","8 Dadney, 88 Gott",8 Bennett
141,"Cavaliers vs Hokies 4/12/19, Pitch 141",Pitch,00:00:06.7400000,00:25:42.04,00:25:42.0750000,00:25:48.49,,,38,2,,N,University of Virginia Cavaliers,,,,,8 Bennett,9,Right,88 Gott,-1,-1,,1-0,,,4/12/2019 4:13:00 PM,Foul,69,190,,,,7,7,Virginia Tech Hokies,5,1,2,CF,0,,8 Dadney,Right,StrikeInsideCornerStrikeMiddlePlate,168,143,Strike,,,,,,7,,,Foul,Virginia Tech Hokies,University of Virginia Cavaliers,11,0,0,,"8 Bennett, 8 Dadney, 88 Gott","8 Dadney, 88 Gott",8 Bennett
142,"Cavaliers vs Hokies 4/12/19, Pitch 142",Pitch,00:00:07.1240000,00:25:51.22,00:25:51.3680000,00:25:58.29,,,38,3,,N,University of Virginia Cavaliers,,,,,8 Bennett,10,Right,88 Gott,-1,-1,,1-1,,,4/12/2019 4:13:00 PM,,,,,,,7,7,Virginia Tech Hokies,5,1,3,CF,0,,8 Dadney,Right,BallInsideStrikeDown,206,170,Strike,,,,,,7,,,Foul,Virginia Tech Hokies,University of Virginia Cavaliers,12,0,0,,"8 Bennett, 8 Dadney, 88 Gott","8 Dadney, 88 Gott",8 Bennett
143,"Cavaliers vs Hokies 4/12/19, Pitch 143",Pitch,00:00:09.9100000,00:26:01.02,00:26:01.0280000,00:26:10.56,,,38,4,,N,University of Virginia Cavaliers,,,,,8 Bennett,11,Right,88 Gott,-1,-1,,1-2,Hit,,4/12/2019 4:13:00 PM,Infield Left,103,158,Single,,,7,7,Virginia Tech Hokies,5,1,4,CF,0,,8 Dadney,Right,StrikeInsideCornerStrikeMiddlePlate,172,148,Strike,,,,,,7,,,Ball in Play,Virginia Tech Hokies,University of Virginia Cavaliers,13,0,0,,"8 Bennett, 8 Dadney, 88 Gott","8 Dadney, 88 Gott",8 Bennett
144,"Cavaliers vs Hokies 4/12/19, Pitch 144",Pitch,00:00:06.3230000,00:26:16.27,00:26:16.4430000,00:26:22.46,,,39,1,,N,University of Virginia Cavaliers,Ball,8 Bennett,,,9 Velazquez,11,Left,88 Gott,-1,-1,,0-0,,,4/12/2019 4:13:00 PM,,,,,,,7,7,Virginia Tech Hokies,5,2,5,CF,0,,8 Dadney,Right,BallOutsideBallDown,192,219,Ball,Dropball,,,,,7,,,,Virginia Tech Hokies,University of Virginia Cavaliers,14,0,0,,"8 Bennett, 8 Dadney, 88 Gott, 9 Velazquez","8 Dadney, 88 Gott","8 Bennett, 9 Velazquez"
145,"Cavaliers vs Hokies 4/12/19, Pitch 145",Pitch,00:00:11.3110000,00:26:25.49,00:26:25.8190000,00:26:37.08,,,39,2,,N,University of Virginia Cavaliers,,8 Bennett,,,9 Velazquez,12,Left,88 Gott,-1,-1,,1-0,Out,,4/12/2019 4:13:00 PM,Infield Middle,108,162,,Pop up infield,,7,7,Virginia Tech Hokies,5,2,6,CF,1,,8 Dadney,Right,StrikeOutsideCornerStrikeDown,158,152,Strike,,,,,,7,,,Ball in Play,Virginia Tech Hokies,University of Virginia Cavaliers,15,0,0,,"8 Bennett, 8 Dadney, 88 Gott, 9 Velazquez","8 Dadney, 88 Gott","8 Bennett, 9 Velazquez"
146,"Cavaliers vs Hokies 4/12/19, Pitch 146",Pitch,00:00:08.4080000,00:26:38.25,00:26:38.4150000,00:26:46.49,,,39,3,,N,University of Virginia Cavaliers,Ball,8 Bennett,,,06 Lauren,13,Left,88 Gott,-1,-1,,1-1,,,4/12/2019 4:13:00 PM,,,,,,,7,7,Virginia Tech Hokies,5,2,7,CF,1,Passed ball,8 Dadney,Right,StrikeMiddlePlateBallDown,114,230,Ball,,,,,,7,2B,8 Bennett,,Virginia Tech Hokies,University of Virginia Cavaliers,16,0,0,,"06 Lauren, 15 Davis, 8 Bennett, 8 Dadney, 88 Gott","15 Davis, 8 Dadney, 88 Gott","06 Lauren, 8 Bennett"
147,"Cavaliers vs Hokies 4/12/19, Pitch 147",Pitch,00:00:08.8250000,00:26:48.22,00:26:48.3750000,00:26:57.12,,,39,2,,N,University of Virginia Cavaliers,,,8 Bennett,,06 Lauren,9,Right,88 Gott,-1,-1,,1-0,,,4/12/2019 4:13:00 PM,Foul,60,187,,,,7,7,Virginia Tech Hokies,5,2,8,CF,1,,8 Dadney,Right,StrikeMiddlePlateStrikeMiddlePlate,108,143,Strike,,,,,,7,,,Foul,Virginia Tech Hokies,University of Virginia Cavaliers,17,0,0,,"06 Lauren, 8 Bennett, 8 Dadney, 88 Gott","8 Dadney, 88 Gott","06 Lauren, 8 Bennett"
148,"Cavaliers vs Hokies 4/12/19, Pitch 148",Pitch,00:00:06.4060000,00:26:59.49,00:26:59.8200000,00:27:06.14,,,39,3,,N,University of Virginia Cavaliers,Ball,,8 Bennett,,06 Lauren,10,Right,88 Gott,-1,-1,,1-1,,,4/12/2019 4:13:00 PM,,,,,,,7,7,Virginia Tech Hokies,5,2,9,CF,1,,8 Dadney,Right,StrikeOutsideCornerBallDown,69,222,Ball,Dropball,,,,,7,,,,Virginia Tech Hokies,University of Virginia Cavaliers,18,0,0,,"06 Lauren, 8 Bennett, 8 Dadney, 88 Gott","8 Dadney, 88 Gott","06 Lauren, 8 Bennett"
149,"Cavaliers vs Hokies 4/12/19, Pitch 149",Pitch,00:00:06.9240000,00:27:11.59,00:27:11.9820000,00:27:18.54,,,39,4,,N,University of Virginia Cavaliers,,,8 Bennett,,06 Lauren,11,Right,88 Gott,-1,-1,,2-1,,,4/12/2019 4:13:00 PM,Foul,28,167,,,,7,7,Virginia Tech Hokies,5,2,10,CF,1,,8 Dadney,Right,StrikeInsideCornerStrikeMiddlePlate,158,143,Strike,,,,,,7,,,Foul,Virginia Tech Hokies,University of Virginia Cavaliers,19,0,0,,"06 Lauren, 8 Bennett, 8 Dadney, 88 Gott","8 Dadney, 88 Gott","06 Lauren, 8 Bennett"
150,"Cavaliers vs Hokies 4/12/19, Pitch 150",Pitch,00:00:06.1730000,00:27:22.41,00:27:22.6930000,00:27:28.52,,,39,5,,N,University of Virginia Cavaliers,Ball,,8 Bennett,,06 Lauren,12,Right,88 Gott,-1,-1,,2-2,,,4/12/2019 4:13:00 PM,,,,,,,7,7,Virginia Tech Hokies,5,2,11,CF,1,,8 Dadney,Right,BallOutsideStrikeUp,19,65,Ball,,,,,,7,,,,Virginia Tech Hokies,University of Virginia Cavaliers,20,0,0,,"06 Lauren, 8 Bennett, 8 Dadney, 88 Gott","8 Dadney, 88 Gott","06 Lauren, 8 Bennett"
151,"Cavaliers vs Hokies 4/12/19, Pitch 151",Pitch,00:00:08.5250000,00:27:30.55,00:27:30.9180000,00:27:39.26,,,39,6,,N,University of Virginia Cavaliers,Ball,,8 Bennett,,06 Lauren,13,Right,88 Gott,-1,-1,,3-2,BB,,4/12/2019 4:13:00 PM,,,,,,,7,7,Virginia Tech Hokies,5,2,12,CF,1,,8 Dadney,Right,StrikeInsideCornerBallDown,163,221,Ball,,,,,,7,3B,8 Bennett,,Virginia Tech Hokies,University of Virginia Cavaliers,21,0,0,,"06 Lauren, 17 Busby, 8 Bennett, 8 Dadney, 88 Gott","17 Busby, 8 Dadney, 88 Gott","06 Lauren, 8 Bennett"
152,"Cavaliers vs Hokies 4/12/19, Pitch 152",Pitch,00:00:05.8560000,00:27:42.60,00:27:42.9960000,00:27:48.51,,,40,1,,N,University of Virginia Cavaliers,,06 Lauren,,8 Bennett,18 Lawter,5,Right,88 Gott,-1,-1,,0-0,,,4/12/2019 4:13:00 PM,Foul,63,191,,,,7,7,Virginia Tech Hokies,5,3,13,CF,1,,8 Dadney,Right,StrikeMiddlePlateStrikeDown,144,174,Strike,,,,,,7,,,Foul,Virginia Tech Hokies,University of Virginia Cavaliers,22,0,0,,"06 Lauren, 18 Lawter, 8 Bennett, 8 Dadney, 88 Gott","8 Dadney, 88 Gott","06 Lauren, 18 Lawter, 8 Bennett"
153,"Cavaliers vs Hokies 4/12/19, Pitch 153",Pitch,00:00:07.4070000,00:27:51.48,00:27:51.8050000,00:27:59.13,,,40,2,H,N,University of Virginia Cavaliers,,06 Lauren,,8 Bennett,18 Lawter,6,Right,88 Gott,-1,-1,,0-1,,,4/12/2019 4:13:00 PM,Foul,119,232,,,,7,7,Virginia Tech Hokies,5,3,14,CF,1,,8 Dadney,Right,StrikeMiddlePlateStrikeMiddlePlate,120,147,Strike,,,,,,7,,,Foul,Virginia Tech Hokies,University of Virginia Cavaliers,23,0,0,,"06 Lauren, 18 Lawter, 8 Bennett, 8 Dadney, 88 Gott","8 Dadney, 88 Gott","06 Lauren, 18 Lawter, 8 Bennett"
154,"Cavaliers vs Hokies 4/12/19, Pitch 154",Pitch,00:00:06.7230000,00:28:01.54,00:28:01.8990000,00:28:08.37,,,40,3,,N,University of Virginia Cavaliers,Ball,,2 Bailey,8 Bennett,18 Lawter,7,Right,88 Gott,-1,-1,,1-2,,,4/12/2019 4:13:00 PM,,,,,,,7,8,Virginia Tech Hokies,5,3,15,CF,1,,8 Dadney,Right,BallOutsideBallUp,17,31,Ball,,,1,8 Bennett,,7,2B,06 Lauren,,Virginia Tech Hokies,University of Virginia Cavaliers,24,0,0,,"15 Davis, 18 Lawter, 2 Bailey, 8 Bennett, 8 Dadney, 88 Gott","15 Davis, 8 Dadney, 88 Gott","18 Lawter, 2 Bailey, 8 Bennett"
155,"Cavaliers vs Hokies 4/12/19, Pitch 155",Pitch,00:00:06.5900000,00:28:11.02,00:28:11.0410000,00:28:17.38,,,40,4,,N,University of Virginia Cavaliers,Ball,,06 Lauren,,18 Lawter,8,Right,88 Gott,-1,-1,,1-2,,,4/12/2019 4:13:00 PM,,,,,,,8,8,Virginia Tech Hokies,5,3,16,CF,1,,8 Dadney,Right,BallOutsideStrikeUp,26,56,Ball,,,,,,8,,,,Virginia Tech Hokies,University of Virginia Cavaliers,25,0,0,,"06 Lauren, 18 Lawter, 8 Dadney, 88 Gott","8 Dadney, 88 Gott","06 Lauren, 18 Lawter"
156,"Cavaliers vs Hokies 4/12/19, Pitch 156",Pitch,00:00:08.4420000,00:28:20.12,00:28:20.2000000,00:28:28.38,,,40,5,,N,University of Virginia Cavaliers,,,06 Lauren,,18 Lawter,9,Right,88 Gott,-1,-1,,2-2,,,4/12/2019 4:13:00 PM,Foul,215,182,,,,8,8,Virginia Tech Hokies,5,3,17,CF,1,,8 Dadney,Right,StrikeOutsideCornerStrikeUp,72,68,Strike,,,,,,8,,,Foul,Virginia Tech Hokies,University of Virginia Cavaliers,26,0,0,,"06 Lauren, 18 Lawter, 8 Dadney, 88 Gott","8 Dadney, 88 Gott","06 Lauren, 18 Lawter"
157,"Cavaliers vs Hokies 4/12/19, Pitch 157",Pitch,00:00:14.2640000,00:28:31.55,00:28:31.9120000,00:28:46.11,,,40,6,,N,University of Virginia Cavaliers,,,06 Lauren,,18 Lawter,10,Right,88 Gott,-1,-1,,2-2,Hit,,4/12/2019 4:13:00 PM,Leftfield,71,62,Double,Line,,8,9,Virginia Tech Hokies,5,3,18,CF,1,,8 Dadney,Right,StrikeMiddlePlateStrikeMiddlePlate,136,144,Strike,,,1,06 Lauren,,8,,,Ball in Play,Virginia Tech Hokies,University of Virginia Cavaliers,27,0,0,,"06 Lauren, 18 Lawter, 8 Dadney, 88 Gott","8 Dadney, 88 Gott","06 Lauren, 18 Lawter"
