#,Name,ClipType,Media In,Media Out,Media Offset,Game Date,At Bat Pitch Count,Away Team,Strike Type,Ball Type,Base,Batter,Batter Strength,Count,Hit Location X,Hit Location Y,Hit Result,Hit Type,Home Score,Home Team,Inning,Outs,Pitch Location X,Pitch Location Y,Pitch Count,Pitch Result,Pitch Type,Pitcher,Total Pitch Count,Visitor Score,Umpire
1,"UVA4-13-19Game2, Pitch 001",Pitch,00:00:00.00,00:00:06.09,00:00:00,4/13/2019 4:21:00 PM,1,University of Virginia Cavaliers,Take,,,17 Busby,Right,0-0,,,,,0,Virginia Tech Hokies,1,0,51,97,,Strike,,25 Carrie,1,0,
2,"UVA4-13-19Game2, Pitch 002",Pitch,00:00:08.29,00:00:15.26,00:00:08.4920000,4/13/2019 4:21:00 PM,2,University of Virginia Cavaliers,Take,,,17 Busby,Right,0-1,,,,,0,Virginia Tech Hokies,1,0,46,76,,Strike,,25 Carrie,2,0,
3,"UVA4-13-19Game2, Pitch 003",Pitch,00:00:18.04,00:00:23.54,00:00:18.0680000,4/13/2019 4:21:00 PM,3,University of Virginia Cavaliers,,Ball,,17 Busby,Right,0-2,,,,,0,Virginia Tech Hokies,1,0,35,127,,Ball,,25 Carrie,3,0,
4,"UVA4-13-19Game2, Pitch 004",Pitch,00:00:27.59,00:00:39.32,00:00:27.9780000,4/13/2019 4:21:00 PM,4,University of Virginia Cavaliers,Foul,,,17 Busby,Right,1-2,179,205,,,0,Virginia Tech Hokies,1,0,102,75,,Strike,,25 Carrie,4,0,
5,"UVA4-13-19Game2, Pitch 005",Pitch,00:00:40.26,00:00:48.09,00:00:40.4400000,4/13/2019 4:21:00 PM,5,University of Virginia Cavaliers,Foul,,,17 Busby,Right,1-2,145,237,,,0,Virginia Tech Hokies,1,0,65,200,,Strike,Dropball,25 Carrie,5,0,
6,"UVA4-13-19Game2, Pitch 006",Pitch,00:00:50.40,00:01:01.47,00:00:50.6670000,4/13/2019 4:21:00 PM,6,University of Virginia Cavaliers,Ball in Play,,,17 Busby,Right,1-2,149,175,,Pop up infield,0,Virginia Tech Hokies,1,0,87,53,,Strike,Dropball,25 Carrie,6,0,
7,"UVA4-13-19Game2, Pitch 007",Pitch,00:01:07.18,00:01:13.58,00:01:07.3010000,4/13/2019 4:21:00 PM,1,University of Virginia Cavaliers,Take,,,24 Smith,Right,0-0,,,,,0,Virginia Tech Hokies,1,1,67,96,,Strike,,25 Carrie,7,0,
8,"UVA4-13-19Game2, Pitch 008",Pitch,00:01:17.36,00:01:25.51,00:01:17.5940000,4/13/2019 4:21:00 PM,2,University of Virginia Cavaliers,,Ball,,24 Smith,Right,0-1,,,,,0,Virginia Tech Hokies,1,1,41,1,,Ball,,25 Carrie,8,0,
9,"UVA4-13-19Game2, Pitch 009",Pitch,00:01:26.37,00:01:36.03,00:01:26.6200000,4/13/2019 4:21:00 PM,3,University of Virginia Cavaliers,Take,,,24 Smith,Right,1-1,,,,,0,Virginia Tech Hokies,1,1,52,86,,Strike,,25 Carrie,9,0,
10,"UVA4-13-19Game2, Pitch 010",Pitch,00:01:37.41,00:01:45.56,00:01:37.6810000,4/13/2019 4:21:00 PM,4,University of Virginia Cavaliers,,Ball,,24 Smith,Right,1-2,,,,,0,Virginia Tech Hokies,1,1,132,204,,Ball,,25 Carrie,10,0,
11,"UVA4-13-19Game2, Pitch 011",Pitch,00:01:47.51,00:01:56.26,00:01:47.8580000,4/13/2019 4:21:00 PM,5,University of Virginia Cavaliers,,Ball,,24 Smith,Right,2-2,,,,,0,Virginia Tech Hokies,1,1,34,147,,Ball,,25 Carrie,11,0,
12,"UVA4-13-19Game2, Pitch 012",Pitch,00:01:57.19,00:02:04.38,00:01:57.3170000,4/13/2019 4:21:00 PM,6,University of Virginia Cavaliers,Foul,,,24 Smith,Right,3-2,185,188,,,0,Virginia Tech Hokies,1,1,51,101,,Strike,,25 Carrie,12,0,
13,"UVA4-13-19Game2, Pitch 013",Pitch,00:02:05.02,00:02:12.23,00:02:05.0420000,4/13/2019 4:21:00 PM,7,University of Virginia Cavaliers,Swing,,,24 Smith,Right,3-2,,,,,0,Virginia Tech Hokies,1,1,204,204,,Strike,Dropball,25 Carrie,13,0,
14,"UVA4-13-19Game2, Pitch 014",Pitch,00:02:14.38,00:02:22.51,00:02:14.6350000,4/13/2019 4:21:00 PM,1,University of Virginia Cavaliers,Take,,,4 Gilbert,Right,0-0,,,,,0,Virginia Tech Hokies,1,2,124,59,,Strike,Dropball,25 Carrie,14,0,
15,"UVA4-13-19Game2, Pitch 015",Pitch,00:02:25.06,00:02:32.35,00:02:25.0950000,4/13/2019 4:21:00 PM,2,University of Virginia Cavaliers,Take,,,4 Gilbert,Right,0-1,,,,,0,Virginia Tech Hokies,1,2,172,92,,Strike,Dropball,25 Carrie,15,0,
16,"UVA4-13-19Game2, Pitch 016",Pitch,00:02:33.48,00:02:42.45,00:02:33.8040000,4/13/2019 4:21:00 PM,3,University of Virginia Cavaliers,,,,4 Gilbert,Right,0-2,,,,,0,Virginia Tech Hokies,1,2,-1,-1,,,Rise,25 Carrie,16,0,
17,"UVA4-13-19Game2, Pitch 017",Pitch,00:02:43.23,00:02:52.51,00:02:43.3800000,4/13/2019 4:21:00 PM,3,University of Virginia Cavaliers,Foul,,,4 Gilbert,Right,1-2,48,190,,,0,Virginia Tech Hokies,1,2,178,169,,Strike,,25 Carrie,16,0,
18,"UVA4-13-19Game2, Pitch 018",Pitch,00:02:53.32,00:03:02.44,00:02:53.5400000,4/13/2019 4:21:00 PM,4,University of Virginia Cavaliers,Take,,,4 Gilbert,Right,1-2,,,,,0,Virginia Tech Hokies,1,2,49,162,,Strike,,25 Carrie,17,0,
19,"UVA4-13-19Game2, Pitch 019",Pitch,00:03:06.05,00:03:13.35,00:03:06.0860000,4/13/2019 4:21:00 PM,1,University of Virginia Cavaliers,,Ball,,2 Bailey,Right,0-0,,,,,0,Virginia Tech Hokies,1,0,89,5,,Ball,Rise,18 Rayle,1,0,
20,"UVA4-13-19Game2, Pitch 020",Pitch,00:03:14.40,00:03:27.27,00:03:14.6610000,4/13/2019 4:21:00 PM,2,University of Virginia Cavaliers,Ball in Play,,,2 Bailey,Right,1-0,145,100,,Fly,0,Virginia Tech Hokies,1,0,74,69,,Strike,,18 Rayle,2,0,
21,"UVA4-13-19Game2, Pitch 021",Pitch,00:03:30.45,00:03:38.05,00:03:30.7440000,4/13/2019 4:21:00 PM,1,University of Virginia Cavaliers,,Ball,,9 Velazquez,Left,0-0,,,,,0,Virginia Tech Hokies,1,1,214,144,,Ball,Rise,18 Rayle,3,0,
22,"UVA4-13-19Game2, Pitch 022",Pitch,00:03:42.12,00:03:50.17,00:03:42.2060000,4/13/2019 4:21:00 PM,2,University of Virginia Cavaliers,Take,,,9 Velazquez,Left,1-0,,,,,0,Virginia Tech Hokies,1,1,180,145,,Strike,Rise,18 Rayle,4,0,
23,"UVA4-13-19Game2, Pitch 023",Pitch,00:03:51.55,00:04:05.10,00:03:51.9150000,4/13/2019 4:21:00 PM,3,University of Virginia Cavaliers,Ball in Play,,,9 Velazquez,Left,1-1,109,125,Single,Line,0,Virginia Tech Hokies,1,1,168,145,,Strike,,18 Rayle,5,0,
24,"UVA4-13-19Game2, Pitch 024",Pitch,00:04:06.25,00:04:13.38,00:04:06.4130000,4/13/2019 4:21:00 PM,1,University of Virginia Cavaliers,,Ball,,13 Caitlyn,Right,0-0,,,,,0,Virginia Tech Hokies,1,1,27,202,,Ball,Offspeed,18 Rayle,6,0,
25,"UVA4-13-19Game2, Pitch 025",Pitch,00:04:15.30,00:04:22.36,00:04:15.5060000,4/13/2019 4:21:00 PM,2,University of Virginia Cavaliers,,Ball,,13 Caitlyn,Right,1-0,,,,,0,Virginia Tech Hokies,1,1,10,46,,Ball,,18 Rayle,7,0,
26,"UVA4-13-19Game2, Pitch 026",Pitch,00:04:24.26,00:04:31.19,00:04:24.4310000,4/13/2019 4:21:00 PM,3,University of Virginia Cavaliers,Foul,,,13 Caitlyn,Right,2-0,191,228,,,0,Virginia Tech Hokies,1,1,85,178,,Strike,,18 Rayle,8,0,
27,"UVA4-13-19Game2, Pitch 027",Pitch,00:04:33.21,00:04:42.11,00:04:33.3570000,4/13/2019 4:21:00 PM,4,University of Virginia Cavaliers,Take,,,13 Caitlyn,Right,2-1,,,,,0,Virginia Tech Hokies,1,1,37,151,,Strike,,18 Rayle,9,0,
28,"UVA4-13-19Game2, Pitch 028",Pitch,00:04:43.16,00:04:52.09,00:04:43.2670000,4/13/2019 4:21:00 PM,5,University of Virginia Cavaliers,Foul,,,13 Caitlyn,Right,2-2,209,232,,,0,Virginia Tech Hokies,1,1,47,78,,Strike,,18 Rayle,10,0,
29,"UVA4-13-19Game2, Pitch 029",Pitch,00:04:54.39,00:05:12.07,00:04:54.6450000,4/13/2019 4:21:00 PM,6,University of Virginia Cavaliers,Ball in Play,,,13 Caitlyn,Right,2-2,157,116,,Fly,0,Virginia Tech Hokies,1,1,92,171,,Strike,,18 Rayle,11,0,
30,"UVA4-13-19Game2, Pitch 030",Pitch,00:05:12.50,00:05:18.28,00:05:12.8290000,4/13/2019 4:21:00 PM,7,University of Virginia Cavaliers,,Ball,,14 Emma,,0-0,,,,,0,Virginia Tech Hokies,1,2,33,219,,Ball,Dropball,18 Rayle,12,0,
31,"UVA4-13-19Game2, Pitch 031",Pitch,00:05:20.18,00:05:32.48,00:05:20.3040000,4/13/2019 4:21:00 PM,2,University of Virginia Cavaliers,Ball in Play,,,14 Emma,Right,1-0,81,65,Double,Line,1,Virginia Tech Hokies,1,2,92,168,,Strike,,18 Rayle,13,0,
32,"UVA4-13-19Game2, Pitch 032",Pitch,00:05:36.44,00:05:44.05,00:05:36.7370000,4/13/2019 4:21:00 PM,1,University of Virginia Cavaliers,,Ball,,8 Bennett,Right,0-0,,,,,1,Virginia Tech Hokies,1,2,50,8,,Ball,,18 Rayle,14,0,
33,"UVA4-13-19Game2, Pitch 033",Pitch,00:05:46.26,00:06:04.57,00:05:46.4300000,4/13/2019 4:21:00 PM,2,University of Virginia Cavaliers,Ball in Play,,,8 Bennett,Right,1-0,104,49,Triple,Fly,2,Virginia Tech Hokies,1,2,107,35,,Strike,,18 Rayle,15,0,
34,"UVA4-13-19Game2, Pitch 034",Pitch,00:06:09.33,00:06:19.28,00:06:09.5530000,4/13/2019 4:21:00 PM,1,University of Virginia Cavaliers,Take,,,28 Chavez,Right,0-0,,,,,2,Virginia Tech Hokies,1,2,51,92,,Strike,,18 Rayle,16,0,
35,"UVA4-13-19Game2, Pitch 035",Pitch,00:06:20.34,00:06:28.40,00:06:20.5640000,4/13/2019 4:21:00 PM,2,University of Virginia Cavaliers,,Ball,,28 Chavez,Right,0-1,,,,,2,Virginia Tech Hokies,1,2,14,66,,Ball,,18 Rayle,17,0,
36,"UVA4-13-19Game2, Pitch 036",Pitch,00:06:29.38,00:06:36.07,00:06:29.6400000,4/13/2019 4:21:00 PM,3,University of Virginia Cavaliers,Swing,,,28 Chavez,Right,1-1,,,,,2,Virginia Tech Hokies,1,2,43,147,,Strike,,18 Rayle,18,0,
37,"UVA4-13-19Game2, Pitch 037",Pitch,00:06:45.19,00:06:51.17,00:06:45.3220000,4/13/2019 4:21:00 PM,4,University of Virginia Cavaliers,Foul,,,28 Chavez,Right,1-2,115,219,,,2,Virginia Tech Hokies,1,2,49,209,,Strike,,18 Rayle,19,0,
38,"UVA4-13-19Game2, Pitch 038",Pitch,00:06:54.54,00:07:03.28,00:06:54.8980000,4/13/2019 4:21:00 PM,5,University of Virginia Cavaliers,,Ball,,28 Chavez,Right,1-2,,,,,2,Virginia Tech Hokies,1,2,67,226,,Ball,,18 Rayle,20,0,
39,"UVA4-13-19Game2, Pitch 039",Pitch,00:07:04.41,00:07:14.24,00:07:04.6910000,4/13/2019 4:21:00 PM,6,University of Virginia Cavaliers,Ball in Play,,,28 Chavez,Right,2-2,102,162,,Ground,2,Virginia Tech Hokies,1,2,78,101,,Strike,,18 Rayle,21,0,
40,"UVA4-13-19Game2, Pitch 040",Pitch,00:07:18.23,00:07:24.16,00:07:18.3880000,4/13/2019 4:21:00 PM,1,University of Virginia Cavaliers,Foul,,,88 Gott,Right,0-0,69,187,,,2,Virginia Tech Hokies,2,0,117,113,,Strike,,25 Carrie,18,0,
41,"UVA4-13-19Game2, Pitch 041",Pitch,00:07:24.50,00:07:32.31,00:07:24.8280000,4/13/2019 4:21:00 PM,2,University of Virginia Cavaliers,Take,,,88 Gott,Right,0-1,,,,,2,Virginia Tech Hokies,2,0,85,116,,Strike,,25 Carrie,19,0,
42,"UVA4-13-19Game2, Pitch 042",Pitch,00:07:33.13,00:07:38.51,00:07:33.2200000,4/13/2019 4:21:00 PM,3,University of Virginia Cavaliers,,Ball,,88 Gott,Right,0-2,,,,,2,Virginia Tech Hokies,2,0,85,8,,Ball,,25 Carrie,20,0,
43,"UVA4-13-19Game2, Pitch 043",Pitch,00:07:41.03,00:07:49.25,00:07:41.0440000,4/13/2019 4:21:00 PM,4,University of Virginia Cavaliers,Foul,,,88 Gott,Right,1-2,210,186,,,2,Virginia Tech Hokies,2,0,88,143,,Strike,,25 Carrie,21,0,
44,"UVA4-13-19Game2, Pitch 044",Pitch,00:07:50.05,00:07:56.20,00:07:50.0870000,4/13/2019 4:21:00 PM,5,University of Virginia Cavaliers,,Ball,,88 Gott,Right,1-2,,,,,2,Virginia Tech Hokies,2,0,105,16,,Ball,,25 Carrie,22,0,
45,"UVA4-13-19Game2, Pitch 045",Pitch,00:08:00.57,00:08:10.16,00:08:00.9480000,4/13/2019 4:21:00 PM,6,University of Virginia Cavaliers,Swing,,,88 Gott,Right,2-2,,,,,2,Virginia Tech Hokies,2,0,177,70,,Strike,Rise,25 Carrie,23,0,
46,"UVA4-13-19Game2, Pitch 046",Pitch,00:08:14.08,00:08:22.21,00:08:14.1270000,4/13/2019 4:21:00 PM,1,University of Virginia Cavaliers,,Ball,,19 Osherow,Right,0-0,,,,,2,Virginia Tech Hokies,2,1,39,177,,Ball,,25 Carrie,24,0,
47,"UVA4-13-19Game2, Pitch 047",Pitch,00:08:23.23,00:08:31.01,00:08:23.3870000,4/13/2019 4:21:00 PM,2,University of Virginia Cavaliers,Foul,,,19 Osherow,Right,1-0,168,240,,,2,Virginia Tech Hokies,2,1,117,89,,Strike,,25 Carrie,25,0,
48,"UVA4-13-19Game2, Pitch 048",Pitch,00:08:33.44,00:08:40.29,00:08:33.7300000,4/13/2019 4:21:00 PM,3,University of Virginia Cavaliers,Foul,,,19 Osherow,Right,1-1,154,224,,,2,Virginia Tech Hokies,2,1,155,157,,Strike,,25 Carrie,26,0,
49,"UVA4-13-19Game2, Pitch 049",Pitch,00:08:40.58,00:08:52.19,00:08:40.9710000,4/13/2019 4:21:00 PM,4,University of Virginia Cavaliers,,Ball,,19 Osherow,Right,1-2,,,,,2,Virginia Tech Hokies,2,1,45,164,,Ball,Dropball,25 Carrie,27,0,
50,"UVA4-13-19Game2, Pitch 050",Pitch,00:08:53.42,00:09:05.49,00:08:53.7000000,4/13/2019 4:21:00 PM,5,University of Virginia Cavaliers,Ball in Play,,,19 Osherow,Right,2-2,98,176,,Ground,2,Virginia Tech Hokies,2,1,178,146,,Strike,,25 Carrie,28,0,
51,"UVA4-13-19Game2, Pitch 051",Pitch,00:09:08.08,00:09:15.40,00:09:08.1310000,4/13/2019 4:21:00 PM,1,University of Virginia Cavaliers,,Ball,,14 Barber,Right,0-0,,,,,2,Virginia Tech Hokies,2,2,193,229,,Ball,,25 Carrie,29,0,
52,"UVA4-13-19Game2, Pitch 052",Pitch,00:09:15.49,00:09:22.50,00:09:15.8220000,4/13/2019 4:21:00 PM,2,University of Virginia Cavaliers,Swing,,,14 Barber,Right,1-0,,,,,2,Virginia Tech Hokies,2,2,141,89,,Strike,,25 Carrie,30,0,
53,"UVA4-13-19Game2, Pitch 053",Pitch,00:09:25.09,00:09:32.02,00:09:25.1480000,4/13/2019 4:21:00 PM,3,University of Virginia Cavaliers,Foul,,,14 Barber,Right,1-1,109,236,,,2,Virginia Tech Hokies,2,2,151,98,,Strike,,25 Carrie,31,0,
54,"UVA4-13-19Game2, Pitch 054",Pitch,00:09:34.01,00:09:41.26,00:09:34.0240000,4/13/2019 4:21:00 PM,4,University of Virginia Cavaliers,,Ball,,14 Barber,Right,1-2,,,,,2,Virginia Tech Hokies,2,2,214,188,,Ball,,25 Carrie,32,0,
55,"UVA4-13-19Game2, Pitch 055",Pitch,00:09:42.49,00:09:53.19,00:09:42.8160000,4/13/2019 4:21:00 PM,5,University of Virginia Cavaliers,Ball in Play,,,14 Barber,Right,2-2,117,156,Single,Ground,2,Virginia Tech Hokies,2,2,111,153,,Strike,,25 Carrie,33,0,
56,"UVA4-13-19Game2, Pitch 056",Pitch,00:09:58.60,00:10:06.57,00:09:58.9990000,4/13/2019 4:21:00 PM,1,University of Virginia Cavaliers,Foul,,,15 Davis,Right,0-0,147,234,,,2,Virginia Tech Hokies,2,2,163,96,,Strike,,25 Carrie,34,0,
57,"UVA4-13-19Game2, Pitch 057",Pitch,00:10:07.44,00:10:15.15,00:10:07.7410000,4/13/2019 4:21:00 PM,2,University of Virginia Cavaliers,Take,,,15 Davis,Right,0-1,,,,,2,Virginia Tech Hokies,2,2,53,103,,Strike,,25 Carrie,35,0,
58,"UVA4-13-19Game2, Pitch 058",Pitch,00:10:16.09,00:10:23.21,00:10:16.1490000,4/13/2019 4:21:00 PM,3,University of Virginia Cavaliers,,Ball,,15 Davis,Right,0-2,,,,,2,Virginia Tech Hokies,2,2,36,69,,Ball,,25 Carrie,36,0,
59,"UVA4-13-19Game2, Pitch 059",Pitch,00:10:24.08,00:10:30.49,00:10:24.1410000,4/13/2019 4:21:00 PM,4,University of Virginia Cavaliers,,Ball,,15 Davis,Right,1-2,,,,,2,Virginia Tech Hokies,2,2,100,7,,Ball,,25 Carrie,37,0,
60,"UVA4-13-19Game2, Pitch 060",Pitch,00:10:31.38,00:10:39.04,00:10:31.6320000,4/13/2019 4:21:00 PM,5,University of Virginia Cavaliers,Foul,,,15 Davis,Right,2-2,196,195,,,2,Virginia Tech Hokies,2,2,77,49,,Strike,,25 Carrie,38,0,
61,"UVA4-13-19Game2, Pitch 061",Pitch,00:10:41.20,00:10:49.01,00:10:41.3410000,4/13/2019 4:21:00 PM,6,University of Virginia Cavaliers,Foul,,,15 Davis,Right,2-2,120,236,,,2,Virginia Tech Hokies,2,2,158,40,,Strike,Rise,25 Carrie,39,0,
62,"UVA4-13-19Game2, Pitch 062",Pitch,00:10:49.40,00:10:56.34,00:10:49.6660000,4/13/2019 4:21:00 PM,7,University of Virginia Cavaliers,Swing,,,15 Davis,Right,2-2,,,,,2,Virginia Tech Hokies,2,2,220,199,,Strike,,25 Carrie,40,0,
63,"UVA4-13-19Game2, Pitch 063",Pitch,00:10:58.32,00:11:04.11,00:10:58.5420000,4/13/2019 4:21:00 PM,1,University of Virginia Cavaliers,,Ball,,18 Lawter,Right,0-0,,,,,2,Virginia Tech Hokies,2,0,40,210,,Ball,Dropball,18 Rayle,22,0,
64,"UVA4-13-19Game2, Pitch 064",Pitch,00:11:05.27,00:11:19.42,00:11:05.4490000,4/13/2019 4:21:00 PM,2,University of Virginia Cavaliers,Ball in Play,,,18 Lawter,Right,1-0,211,49,Homerun,,2,Virginia Tech Hokies,2,0,78,75,,Strike,,18 Rayle,23,0,
65,"UVA4-13-19Game2, Pitch 065",Pitch,00:11:20.20,00:11:25.43,00:11:20.3300000,4/13/2019 4:21:00 PM,1,University of Virginia Cavaliers,Take,,,4 Trull,Left,0-0,,,,,3,Virginia Tech Hokies,2,0,182,67,,Strike,Rise,12 Frei,1,0,
66,"UVA4-13-19Game2, Pitch 066",Pitch,00:11:27.37,00:11:33.27,00:11:27.6210000,4/13/2019 4:21:00 PM,2,University of Virginia Cavaliers,Take,,,4 Trull,Left,0-1,,,,,3,Virginia Tech Hokies,2,0,159,86,,Strike,,12 Frei,2,0,
67,"UVA4-13-19Game2, Pitch 067",Pitch,00:11:35.53,00:11:42.01,00:11:35.8790000,4/13/2019 4:21:00 PM,3,University of Virginia Cavaliers,,Ball,,4 Trull,Left,0-2,,,,,3,Virginia Tech Hokies,2,0,206,158,,Ball,,12 Frei,3,0,
68,"UVA4-13-19Game2, Pitch 068",Pitch,00:11:42.35,00:11:51.06,00:11:42.5860000,4/13/2019 4:21:00 PM,4,University of Virginia Cavaliers,Take,,,4 Trull,Left,1-2,,,,,3,Virginia Tech Hokies,2,0,180,144,,Strike,,12 Frei,4,0,
69,"UVA4-13-19Game2, Pitch 069",Pitch,00:11:55.47,00:12:02.03,00:11:55.7820000,4/13/2019 4:21:00 PM,1,University of Virginia Cavaliers,,Ball,,29 Banks,Left,0-0,,,,,3,Virginia Tech Hokies,2,1,195,188,,Ball,,12 Frei,5,0,
70,"UVA4-13-19Game2, Pitch 070",Pitch,00:12:06.48,00:12:13.16,00:12:06.7930000,4/13/2019 4:21:00 PM,2,University of Virginia Cavaliers,,Ball,,29 Banks,Left,1-0,,,,,3,Virginia Tech Hokies,2,1,210,139,,Ball,,12 Frei,6,0,
71,"UVA4-13-19Game2, Pitch 071",Pitch,00:12:14.00,00:12:20.44,00:12:14.0010000,4/13/2019 4:21:00 PM,3,University of Virginia Cavaliers,Foul,,,29 Banks,Left,2-0,185,197,,,3,Virginia Tech Hokies,2,1,172,142,,Strike,,12 Frei,7,0,
72,"UVA4-13-19Game2, Pitch 072",Pitch,00:12:23.06,00:12:31.58,00:12:23.0930000,4/13/2019 4:21:00 PM,4,University of Virginia Cavaliers,Take,,,29 Banks,Left,2-1,,,,,3,Virginia Tech Hokies,2,1,172,155,,Strike,,12 Frei,8,0,
73,"UVA4-13-19Game2, Pitch 073",Pitch,00:12:32.31,00:12:40.15,00:12:32.5190000,4/13/2019 4:21:00 PM,5,University of Virginia Cavaliers,Foul,,,29 Banks,Left,2-2,65,179,,,3,Virginia Tech Hokies,2,1,162,87,,Strike,,12 Frei,9,0,
74,"UVA4-13-19Game2, Pitch 074",Pitch,00:12:41.41,00:12:48.46,00:12:41.6780000,4/13/2019 4:21:00 PM,6,University of Virginia Cavaliers,Foul,,,29 Banks,Left,2-2,125,239,,,3,Virginia Tech Hokies,2,1,147,48,,Strike,,12 Frei,10,0,
75,"UVA4-13-19Game2, Pitch 075",Pitch,00:12:49.50,00:12:56.22,00:12:49.8370000,4/13/2019 4:21:00 PM,7,University of Virginia Cavaliers,Swing,,,29 Banks,Left,2-2,,,,,3,Virginia Tech Hokies,2,1,124,41,,Strike,,12 Frei,11,0,
76,"UVA4-13-19Game2, Pitch 076",Pitch,00:12:57.60,00:13:04.56,00:12:57.9950000,4/13/2019 4:21:00 PM,1,University of Virginia Cavaliers,Take,,,2 Bailey,Right,0-0,,,,,3,Virginia Tech Hokies,2,2,67,89,,Strike,,12 Frei,12,0,
77,"UVA4-13-19Game2, Pitch 077",Pitch,00:13:05.28,00:13:18.16,00:13:05.4690000,4/13/2019 4:21:00 PM,2,University of Virginia Cavaliers,Ball in Play,,,2 Bailey,Right,0-1,213,120,Double,,3,Virginia Tech Hokies,2,2,68,156,,Strike,,12 Frei,13,0,
78,"UVA4-13-19Game2, Pitch 078",Pitch,00:13:22.34,00:13:30.06,00:13:22.5690000,4/13/2019 4:21:00 PM,1,University of Virginia Cavaliers,Swing,,,9 Velazquez,Left,0-0,,,,,3,Virginia Tech Hokies,2,2,178,107,,Strike,,12 Frei,14,0,
79,"UVA4-13-19Game2, Pitch 079",Pitch,00:13:31.42,00:13:38.29,00:13:31.6950000,4/13/2019 4:21:00 PM,2,University of Virginia Cavaliers,Take,,,9 Velazquez,Left,0-1,,,,,3,Virginia Tech Hokies,2,2,205,99,,Strike,,12 Frei,15,0,
80,"UVA4-13-19Game2, Pitch 080",Pitch,00:13:40.16,00:13:46.29,00:13:40.2700000,4/13/2019 4:21:00 PM,3,University of Virginia Cavaliers,,Ball,,9 Velazquez,Left,0-2,,,,,3,Virginia Tech Hokies,2,2,209,147,,Ball,,12 Frei,16,0,
81,"UVA4-13-19Game2, Pitch 081",Pitch,00:13:49.09,00:13:55.58,00:13:49.1460000,4/13/2019 4:21:00 PM,4,University of Virginia Cavaliers,,Ball,,9 Velazquez,Left,1-2,,,,,3,Virginia Tech Hokies,2,2,223,201,,Ball,,12 Frei,17,0,
82,"UVA4-13-19Game2, Pitch 082",Pitch,00:13:56.37,00:14:03.25,00:13:56.6200000,4/13/2019 4:21:00 PM,5,University of Virginia Cavaliers,Foul,,,9 Velazquez,Left,2-2,77,237,,,3,Virginia Tech Hokies,2,2,175,88,,Strike,,12 Frei,18,0,
83,"UVA4-13-19Game2, Pitch 083",Pitch,00:14:04.59,00:14:11.49,00:14:04.9780000,4/13/2019 4:21:00 PM,6,University of Virginia Cavaliers,,Ball,,9 Velazquez,Left,2-2,,,,,3,Virginia Tech Hokies,2,2,215,164,,Ball,,12 Frei,19,0,
84,"UVA4-13-19Game2, Pitch 084",Pitch,00:14:13.48,00:14:21.36,00:14:13.8040000,4/13/2019 4:21:00 PM,7,University of Virginia Cavaliers,Foul,,,9 Velazquez,Left,3-2,97,232,,,3,Virginia Tech Hokies,2,2,166,142,,Strike,,12 Frei,20,0,
85,"UVA4-13-19Game2, Pitch 085",Pitch,00:14:22.57,00:14:31.15,00:14:22.9460000,4/13/2019 4:21:00 PM,8,University of Virginia Cavaliers,Ball in Play,,,9 Velazquez,Left,3-2,100,169,,Ground,3,Virginia Tech Hokies,2,2,182,144,,Strike,,12 Frei,21,0,
86,"UVA4-13-19Game2, Pitch 086",Pitch,00:14:36.01,00:14:46.10,00:14:36.0090000,4/13/2019 4:21:00 PM,1,University of Virginia Cavaliers,Ball in Play,,,27 Ritchie,Right,0-0,143,165,,Pop up infield,3,Virginia Tech Hokies,3,0,106,161,,Strike,,25 Carrie,41,0,
87,"UVA4-13-19Game2, Pitch 087",Pitch,00:14:49.05,00:14:56.23,00:14:49.0890000,4/13/2019 4:21:00 PM,1,University of Virginia Cavaliers,Take,,,10 Covington,Right,0-0,,,,,3,Virginia Tech Hokies,3,1,99,144,,Strike,,25 Carrie,42,0,
88,"UVA4-13-19Game2, Pitch 088",Pitch,00:14:58.24,00:15:05.29,00:14:58.3980000,4/13/2019 4:21:00 PM,2,University of Virginia Cavaliers,,Ball,,10 Covington,Right,0-1,,,,,3,Virginia Tech Hokies,3,1,91,14,,Ball,,25 Carrie,43,0,
89,"UVA4-13-19Game2, Pitch 089",Pitch,00:15:06.13,00:15:14.12,00:15:06.2230000,4/13/2019 4:21:00 PM,3,University of Virginia Cavaliers,,Ball,,10 Covington,Right,1-1,,,,,3,Virginia Tech Hokies,3,1,39,38,,Ball,,25 Carrie,44,0,
90,"UVA4-13-19Game2, Pitch 090",Pitch,00:15:14.58,00:15:22.37,00:15:14.9650000,4/13/2019 4:21:00 PM,4,University of Virginia Cavaliers,Foul,,,10 Covington,Right,2-1,190,174,,,3,Virginia Tech Hokies,3,1,59,130,,Strike,,25 Carrie,45,0,
91,"UVA4-13-19Game2, Pitch 091",Pitch,00:15:23.49,00:15:31.48,00:15:23.8240000,4/13/2019 4:21:00 PM,5,University of Virginia Cavaliers,Foul,,,10 Covington,Right,2-2,209,206,,,3,Virginia Tech Hokies,3,1,93,170,,Strike,,25 Carrie,46,0,
92,"UVA4-13-19Game2, Pitch 092",Pitch,00:15:32.30,00:15:43.47,00:15:32.4990000,4/13/2019 4:21:00 PM,6,University of Virginia Cavaliers,Foul,,,10 Covington,Right,2-2,9,135,,,3,Virginia Tech Hokies,3,1,135,157,,Strike,,25 Carrie,47,0,
93,"UVA4-13-19Game2, Pitch 093",Pitch,00:15:45.02,00:15:51.49,00:15:45.0280000,4/13/2019 4:21:00 PM,7,University of Virginia Cavaliers,Foul,,,10 Covington,Right,2-2,180,231,,,3,Virginia Tech Hokies,3,1,171,75,,Strike,,25 Carrie,48,0,
94,"UVA4-13-19Game2, Pitch 094",Pitch,00:15:54.03,00:16:01.41,00:15:54.0540000,4/13/2019 4:21:00 PM,8,University of Virginia Cavaliers,Foul,,,10 Covington,Right,2-2,,,,,3,Virginia Tech Hokies,3,1,164,198,,Strike,,25 Carrie,49,0,
95,"UVA4-13-19Game2, Pitch 095",Pitch,00:16:02.21,00:16:10.41,00:16:02.3460000,4/13/2019 4:21:00 PM,9,University of Virginia Cavaliers,Take,,,10 Covington,Right,2-2,,,,,3,Virginia Tech Hokies,3,1,53,80,,Strike,,25 Carrie,50,0,
96,"UVA4-13-19Game2, Pitch 096",Pitch,00:16:12.25,00:16:22.24,00:16:12.4220000,4/13/2019 4:21:00 PM,1,University of Virginia Cavaliers,Ball in Play,,,17 Busby,Right,0-0,131,140,Single,Ground,3,Virginia Tech Hokies,3,2,103,137,,Strike,,25 Carrie,51,0,
97,"UVA4-13-19Game2, Pitch 097",Pitch,00:16:27.05,00:16:33.13,00:16:27.0870000,4/13/2019 4:21:00 PM,1,University of Virginia Cavaliers,,Ball,,24 Smith,Right,0-0,,,,,3,Virginia Tech Hokies,3,2,117,207,,Ball,,25 Carrie,52,0,
98,"UVA4-13-19Game2, Pitch 098",Pitch,00:16:34.59,00:16:43.00,00:16:34.9780000,4/13/2019 4:21:00 PM,2,University of Virginia Cavaliers,Foul,,,24 Smith,Right,1-0,45,186,,,3,Virginia Tech Hokies,3,2,166,155,,Strike,,25 Carrie,53,0,
99,"UVA4-13-19Game2, Pitch 099",Pitch,00:16:43.45,00:16:54.44,00:16:43.7540000,4/13/2019 4:21:00 PM,3,University of Virginia Cavaliers,Ball in Play,,,24 Smith,Right,1-1,152,151,Single,Ground,3,Virginia Tech Hokies,3,2,90,138,,Strike,,25 Carrie,54,0,
100,"UVA4-13-19Game2, Pitch 100",Pitch,00:16:56.50,00:17:02.55,00:16:56.8340000,4/13/2019 4:21:00 PM,1,University of Virginia Cavaliers,,Ball,,4 Gilbert,Right,0-0,,,,,3,Virginia Tech Hokies,3,2,34,103,,Ball,,25 Carrie,55,0,
101,"UVA4-13-19Game2, Pitch 101",Pitch,00:17:05.36,00:17:15.32,00:17:05.6090000,4/13/2019 4:21:00 PM,2,University of Virginia Cavaliers,Ball in Play,,,4 Gilbert,Right,1-0,174,127,,Fly,3,Virginia Tech Hokies,3,2,134,75,,Strike,,25 Carrie,56,0,
102,"UVA4-13-19Game2, Pitch 102",Pitch,00:17:18.27,00:17:25.32,00:17:18.4550000,4/13/2019 4:21:00 PM,1,University of Virginia Cavaliers,Foul,,,13 Caitlyn,Right,0-0,145,233,,,3,Virginia Tech Hokies,3,0,57,149,,Strike,,12 Frei,22,0,
103,"UVA4-13-19Game2, Pitch 103",Pitch,00:17:26.07,00:17:33.36,00:17:26.1130000,4/13/2019 4:21:00 PM,2,University of Virginia Cavaliers,,Ball,,13 Caitlyn,Right,0-1,,,,,3,Virginia Tech Hokies,3,0,24,111,,Ball,,12 Frei,23,0,
104,"UVA4-13-19Game2, Pitch 104",Pitch,00:17:34.30,00:17:39.38,00:17:34.5050000,4/13/2019 4:21:00 PM,3,University of Virginia Cavaliers,,Ball,,13 Caitlyn,Right,1-1,,,,,3,Virginia Tech Hokies,3,0,33,180,,Ball,,12 Frei,24,0,
105,"UVA4-13-19Game2, Pitch 105",Pitch,00:17:41.12,00:17:47.13,00:17:41.1950000,4/13/2019 4:21:00 PM,4,University of Virginia Cavaliers,Foul,,,13 Caitlyn,Right,2-1,179,239,,,3,Virginia Tech Hokies,3,0,48,158,,Strike,,12 Frei,25,0,
106,"UVA4-13-19Game2, Pitch 106",Pitch,00:17:47.44,00:17:53.07,00:17:47.7340000,4/13/2019 4:21:00 PM,5,University of Virginia Cavaliers,,Ball,,13 Caitlyn,Right,2-2,,,,,3,Virginia Tech Hokies,3,0,22,53,,Ball,,12 Frei,26,0,
107,"UVA4-13-19Game2, Pitch 107",Pitch,00:17:55.11,00:18:05.13,00:17:55.1920000,4/13/2019 4:21:00 PM,6,University of Virginia Cavaliers,Ball in Play,,,13 Caitlyn,Right,3-2,108,133,Single,Ground,3,Virginia Tech Hokies,3,0,82,192,,Strike,,12 Frei,27,0,
108,"UVA4-13-19Game2, Pitch 108",Pitch,00:18:06.03,00:18:11.54,00:18:06.0530000,4/13/2019 4:21:00 PM,1,University of Virginia Cavaliers,Foul,,,14 Emma,Right,0-0,,,,,3,Virginia Tech Hokies,3,0,65,179,,Strike,,12 Frei,28,0,
109,"UVA4-13-19Game2, Pitch 109",Pitch,00:18:13.49,00:18:20.09,00:18:13.8100000,4/13/2019 4:21:00 PM,2,University of Virginia Cavaliers,,Ball,,14 Emma,Right,0-1,,,,,3,Virginia Tech Hokies,3,0,26,211,,Ball,,12 Frei,29,0,
110,"UVA4-13-19Game2, Pitch 110",Pitch,00:18:21.27,00:18:26.46,00:18:21.4510000,4/13/2019 4:21:00 PM,3,University of Virginia Cavaliers,Take,,,14 Emma,Right,1-1,,,,,3,Virginia Tech Hokies,3,0,168,133,,Strike,,12 Frei,30,0,
111,"UVA4-13-19Game2, Pitch 111",Pitch,00:18:28.59,00:18:35.26,00:18:28.9920000,4/13/2019 4:21:00 PM,4,University of Virginia Cavaliers,Swing,,,14 Emma,Right,1-2,,,,,3,Virginia Tech Hokies,3,0,28,148,,Strike,,12 Frei,31,0,
112,"UVA4-13-19Game2, Pitch 112",Pitch,00:18:36.56,00:18:42.58,00:18:36.9340000,4/13/2019 4:21:00 PM,1,University of Virginia Cavaliers,Take,,,8 Bennett,Right,0-0,,,,,3,Virginia Tech Hokies,3,1,128,89,,Strike,,12 Frei,32,0,
113,"UVA4-13-19Game2, Pitch 113",Pitch,00:18:45.15,00:18:52.60,00:18:45.2590000,4/13/2019 4:21:00 PM,2,University of Virginia Cavaliers,Foul,,,8 Bennett,Right,0-1,,,,,3,Virginia Tech Hokies,3,1,171,102,,Strike,,12 Frei,33,0,
114,"UVA4-13-19Game2, Pitch 114",Pitch,00:18:53.40,00:19:01.44,00:18:53.6670000,4/13/2019 4:21:00 PM,3,University of Virginia Cavaliers,,Ball,,8 Bennett,Right,0-2,,,,,3,Virginia Tech Hokies,3,1,207,37,,Ball,,12 Frei,34,0,
115,"UVA4-13-19Game2, Pitch 115",Pitch,00:19:05.22,00:19:12.26,00:19:05.3620000,4/13/2019 4:21:00 PM,4,University of Virginia Cavaliers,,Ball,,8 Bennett,Right,1-2,,,,,3,Virginia Tech Hokies,3,1,109,9,,Ball,,12 Frei,35,0,
116,"UVA4-13-19Game2, Pitch 116",Pitch,00:19:13.24,00:19:19.16,00:19:13.4030000,4/13/2019 4:21:00 PM,5,University of Virginia Cavaliers,,Ball,,8 Bennett,Right,2-2,,,,,3,Virginia Tech Hokies,3,1,195,221,,Ball,,12 Frei,36,0,
117,"UVA4-13-19Game2, Pitch 117",Pitch,00:19:20.06,00:19:31.23,00:19:20.0930000,4/13/2019 4:21:00 PM,6,University of Virginia Cavaliers,Ball in Play,,,8 Bennett,Right,3-2,97,168,,Pop up infield,3,Virginia Tech Hokies,3,1,145,76,,Strike,,12 Frei,37,0,
118,"UVA4-13-19Game2, Pitch 118",Pitch,00:19:34.23,00:19:39.49,00:19:34.3910000,4/13/2019 4:21:00 PM,1,University of Virginia Cavaliers,Take,,,28 Chavez,Right,0-0,,,,,3,Virginia Tech Hokies,3,2,31,175,,Strike,,12 Frei,38,0,
119,"UVA4-13-19Game2, Pitch 119",Pitch,00:19:44.23,00:19:50.18,00:19:44.3840000,4/13/2019 4:21:00 PM,2,University of Virginia Cavaliers,,Ball,,28 Chavez,Right,0-1,,,,,3,Virginia Tech Hokies,3,2,92,229,,Ball,,12 Frei,39,0,
120,"UVA4-13-19Game2, Pitch 120",Pitch,00:19:51.27,00:20:02.27,00:19:51.4580000,4/13/2019 4:21:00 PM,3,University of Virginia Cavaliers,Foul,,,28 Chavez,Right,1-1,,,,,3,Virginia Tech Hokies,3,2,122,210,,Strike,Dropball,12 Frei,40,0,
121,"UVA4-13-19Game2, Pitch 121",Pitch,00:20:03.13,00:20:09.59,00:20:03.2200000,4/13/2019 4:21:00 PM,4,University of Virginia Cavaliers,Swing,,,28 Chavez,Right,1-2,,,,,3,Virginia Tech Hokies,3,2,24,197,,Strike,,12 Frei,41,0,
122,"UVA4-13-19Game2, Pitch 122",Pitch,00:20:13.58,00:20:19.14,00:20:13.9640000,4/13/2019 4:21:00 PM,1,University of Virginia Cavaliers,Swing,,,88 Gott,Right,0-0,,,,,3,Virginia Tech Hokies,4,0,128,42,,Strike,Rise,25 Carrie,57,0,
123,"UVA4-13-19Game2, Pitch 123",Pitch,00:20:22.18,00:20:29.10,00:20:22.3060000,4/13/2019 4:21:00 PM,2,University of Virginia Cavaliers,,Ball,,88 Gott,Right,0-1,,,,,3,Virginia Tech Hokies,4,0,183,38,,Ball,Rise,25 Carrie,58,0,
124,"UVA4-13-19Game2, Pitch 124",Pitch,00:20:31.55,00:20:42.47,00:20:31.9150000,4/13/2019 4:21:00 PM,3,University of Virginia Cavaliers,Ball in Play,,,88 Gott,Right,1-1,94,210,,Pop up catcher,3,Virginia Tech Hokies,4,0,158,113,,Strike,,25 Carrie,59,0,
125,"UVA4-13-19Game2, Pitch 125",Pitch,00:20:44.35,00:20:51.46,00:20:44.5780000,4/13/2019 4:21:00 PM,1,University of Virginia Cavaliers,Take,,,19 Osherow,Right,0-0,,,,,3,Virginia Tech Hokies,4,1,73,168,,Strike,Dropball,25 Carrie,60,0,
126,"UVA4-13-19Game2, Pitch 126",Pitch,00:20:54.17,00:21:01.32,00:20:54.2880000,4/13/2019 4:21:00 PM,2,University of Virginia Cavaliers,,Ball,,19 Osherow,Right,0-1,,,,,3,Virginia Tech Hokies,4,1,37,143,,Ball,,25 Carrie,61,0,
127,"UVA4-13-19Game2, Pitch 127",Pitch,00:21:02.51,00:21:14.24,00:21:02.8460000,4/13/2019 4:21:00 PM,3,University of Virginia Cavaliers,Ball in Play,,,19 Osherow,Right,1-1,149,102,,Fly,3,Virginia Tech Hokies,4,1,75,61,,Strike,,25 Carrie,62,0,
128,"UVA4-13-19Game2, Pitch 128",Pitch,00:21:15.06,00:21:22.01,00:21:15.1080000,4/13/2019 4:21:00 PM,1,University of Virginia Cavaliers,Take,,,14 Barber,Left,0-0,,,,,3,Virginia Tech Hokies,4,2,103,65,,Strike,Dropball,25 Carrie,63,0,
129,"UVA4-13-19Game2, Pitch 129",Pitch,00:21:26.14,00:21:33.29,00:21:26.2360000,4/13/2019 4:21:00 PM,2,University of Virginia Cavaliers,,Ball,,14 Barber,Left,0-1,,,,,3,Virginia Tech Hokies,4,2,112,25,,Ball,Rise,25 Carrie,64,0,
130,"UVA4-13-19Game2, Pitch 130",Pitch,00:21:34.12,00:21:44.02,00:21:34.1940000,4/13/2019 4:21:00 PM,3,University of Virginia Cavaliers,Foul,,,14 Barber,Left,1-1,,,,,3,Virginia Tech Hokies,4,2,167,156,,Strike,,25 Carrie,65,0,
131,"UVA4-13-19Game2, Pitch 131",Pitch,00:21:44.55,00:21:53.31,00:21:44.9220000,4/13/2019 4:21:00 PM,4,University of Virginia Cavaliers,Foul,,,14 Barber,Left,1-2,,,,,3,Virginia Tech Hokies,4,2,116,75,,Strike,,25 Carrie,66,0,
132,"UVA4-13-19Game2, Pitch 132",Pitch,00:21:53.59,00:22:04.58,00:21:53.9810000,4/13/2019 4:21:00 PM,5,University of Virginia Cavaliers,Ball in Play,,,14 Barber,Left,1-2,121,110,,Fly,3,Virginia Tech Hokies,4,2,122,71,,Strike,,25 Carrie,67,0,
133,"UVA4-13-19Game2, Pitch 133",Pitch,00:22:07.20,00:22:14.40,00:22:07.3270000,4/13/2019 4:21:00 PM,1,University of Virginia Cavaliers,Ball in Play,,,18 Lawter,Right,0-0,107,164,,,3,Virginia Tech Hokies,4,0,75,193,,Strike,,12 Frei,42,0,
134,"UVA4-13-19Game2, Pitch 134",Pitch,00:22:20.26,00:22:26.40,00:22:20.4400000,4/13/2019 4:21:00 PM,1,University of Virginia Cavaliers,,Ball,,4 Trull,Left,0-0,,,,,3,Virginia Tech Hokies,4,0,193,221,,Ball,,12 Frei,43,0,
135,"UVA4-13-19Game2, Pitch 135",Pitch,00:22:27.48,00:22:33.50,00:22:27.7980000,4/13/2019 4:21:00 PM,2,University of Virginia Cavaliers,Take,,,4 Trull,Left,1-0,,,,,3,Virginia Tech Hokies,4,0,155,65,,Strike,,12 Frei,44,0,
136,"UVA4-13-19Game2, Pitch 136",Pitch,00:22:36.21,00:22:42.40,00:22:36.3560000,4/13/2019 4:21:00 PM,3,University of Virginia Cavaliers,,Ball,,4 Trull,Left,1-1,,,,,3,Virginia Tech Hokies,4,0,198,178,,Ball,,12 Frei,45,0,
137,"UVA4-13-19Game2, Pitch 137",Pitch,00:22:45.10,00:22:54.35,00:22:45.1650000,4/13/2019 4:21:00 PM,4,University of Virginia Cavaliers,Take,,,4 Trull,Left,2-1,,,,,3,Virginia Tech Hokies,4,0,184,184,,Strike,,12 Frei,46,0,
138,"UVA4-13-19Game2, Pitch 138",Pitch,00:23:00.33,00:23:07.49,00:23:00.5470000,4/13/2019 4:21:00 PM,5,University of Virginia Cavaliers,Foul,,,4 Trull,Left,2-2,,,,,3,Virginia Tech Hokies,4,0,159,79,,Strike,,12 Frei,47,0,
139,"UVA4-13-19Game2, Pitch 139",Pitch,00:23:09.30,00:23:19.43,00:23:09.5060000,4/13/2019 4:21:00 PM,6,University of Virginia Cavaliers,Ball in Play,,,4 Trull,Left,2-2,91,169,,Ground,3,Virginia Tech Hokies,4,0,181,162,,Strike,,12 Frei,48,0,
140,"UVA4-13-19Game2, Pitch 140",Pitch,00:23:22.00,00:23:27.40,00:23:22.0020000,4/13/2019 4:21:00 PM,1,University of Virginia Cavaliers,,Ball,,29 Banks,Left,0-0,,,,,3,Virginia Tech Hokies,4,1,214,151,,Ball,,12 Frei,49,0,
141,"UVA4-13-19Game2, Pitch 141",Pitch,00:23:29.45,00:23:36.03,00:23:29.7600000,4/13/2019 4:21:00 PM,2,University of Virginia Cavaliers,Foul,,,29 Banks,Left,1-0,,,,,3,Virginia Tech Hokies,4,1,167,150,,Strike,,12 Frei,50,0,
142,"UVA4-13-19Game2, Pitch 142",Pitch,00:23:37.18,00:23:43.16,00:23:37.3010000,4/13/2019 4:21:00 PM,3,University of Virginia Cavaliers,Foul,,,29 Banks,Left,1-1,,,,,3,Virginia Tech Hokies,4,1,184,154,,Strike,,12 Frei,51,0,
143,"UVA4-13-19Game2, Pitch 143",Pitch,00:23:46.21,00:23:54.10,00:23:46.3430000,4/13/2019 4:21:00 PM,4,University of Virginia Cavaliers,Swing,,,29 Banks,Left,1-2,,,,,3,Virginia Tech Hokies,4,1,205,159,,Strike,,12 Frei,52,0,
144,"UVA4-13-19Game2, Pitch 144",Pitch,00:23:55.59,00:24:02.12,00:23:55.9860000,4/13/2019 4:21:00 PM,1,University of Virginia Cavaliers,Take,,,2 Bailey,Right,0-0,,,,,3,Virginia Tech Hokies,4,2,156,163,,Strike,,12 Frei,53,0,
145,"UVA4-13-19Game2, Pitch 145",Pitch,00:24:04.30,00:24:09.49,00:24:04.4940000,4/13/2019 4:21:00 PM,2,University of Virginia Cavaliers,,Ball,,2 Bailey,Right,0-1,,,,,3,Virginia Tech Hokies,4,2,65,224,,Ball,,12 Frei,54,0,
146,"UVA4-13-19Game2, Pitch 146",Pitch,00:24:11.30,00:24:19.09,00:24:11.5020000,4/13/2019 4:21:00 PM,3,University of Virginia Cavaliers,,Ball,,2 Bailey,Right,1-1,,,,,3,Virginia Tech Hokies,4,2,197,220,,Ball,,12 Frei,55,0,
147,"UVA4-13-19Game2, Pitch 147",Pitch,00:24:19.48,00:24:25.44,00:24:19.7930000,4/13/2019 4:21:00 PM,4,University of Virginia Cavaliers,,Ball,,2 Bailey,Right,2-1,,,,,3,Virginia Tech Hokies,4,2,175,229,,Ball,,12 Frei,56,0,
148,"UVA4-13-19Game2, Pitch 148",Pitch,00:24:27.22,00:24:35.25,00:24:27.3670000,4/13/2019 4:21:00 PM,5,University of Virginia Cavaliers,Foul,,,2 Bailey,Right,3-1,,,,,3,Virginia Tech Hokies,4,2,75,91,,Strike,,12 Frei,57,0,
149,"UVA4-13-19Game2, Pitch 149",Pitch,00:24:36.32,00:24:43.46,00:24:36.5270000,4/13/2019 4:21:00 PM,6,University of Virginia Cavaliers,Foul,,,2 Bailey,Right,3-2,,,,,3,Virginia Tech Hokies,4,2,160,144,,Strike,,12 Frei,58,0,
150,"UVA4-13-19Game2, Pitch 150",Pitch,00:24:44.29,00:24:50.03,00:24:44.4840000,4/13/2019 4:21:00 PM,7,University of Virginia Cavaliers,Swing,,,2 Bailey,Right,3-2,,,,,3,Virginia Tech Hokies,4,2,78,98,,Strike,,12 Frei,59,0,
151,"UVA4-13-19Game2, Pitch 151",Pitch,00:24:51.59,00:24:59.29,00:24:51.9920000,4/13/2019 4:21:00 PM,1,University of Virginia Cavaliers,Swing,,,15 Davis,Right,0-0,,,,,3,Virginia Tech Hokies,5,0,137,91,,Strike,,25 Carrie,68,0,
152,"UVA4-13-19Game2, Pitch 152",Pitch,00:25:00.58,00:25:09.31,00:25:00.9680000,4/13/2019 4:21:00 PM,2,University of Virginia Cavaliers,Foul,,,15 Davis,Right,0-1,,,,,3,Virginia Tech Hokies,5,0,161,70,,Strike,,25 Carrie,69,0,
153,"UVA4-13-19Game2, Pitch 153",Pitch,00:25:10.27,00:25:17.09,00:25:10.4440000,4/13/2019 4:21:00 PM,3,University of Virginia Cavaliers,,Ball,,15 Davis,Right,0-2,,,,,3,Virginia Tech Hokies,5,0,41,161,,Ball,,25 Carrie,70,0,
154,"UVA4-13-19Game2, Pitch 154",Pitch,00:25:17.50,00:25:26.09,00:25:17.8350000,4/13/2019 4:21:00 PM,4,University of Virginia Cavaliers,,Ball,,15 Davis,Right,1-2,,,,,3,Virginia Tech Hokies,5,0,205,221,,Ball,,25 Carrie,71,0,
155,"UVA4-13-19Game2, Pitch 155",Pitch,00:25:26.21,00:25:35.59,00:25:26.3430000,4/13/2019 4:21:00 PM,5,University of Virginia Cavaliers,Ball in Play,,,15 Davis,Right,2-2,144,159,,Ground,3,Virginia Tech Hokies,5,0,144,138,,Strike,,25 Carrie,72,0,
156,"UVA4-13-19Game2, Pitch 156",Pitch,00:25:40.55,00:25:49.37,00:25:40.9240000,4/13/2019 4:21:00 PM,1,University of Virginia Cavaliers,Ball in Play,,,27 Ritchie,Right,0-0,131,190,,Ground,3,Virginia Tech Hokies,5,1,139,130,,Strike,,25 Carrie,73,0,
157,"UVA4-13-19Game2, Pitch 157",Pitch,00:25:53.51,00:26:07.06,00:25:53.8540000,4/13/2019 4:21:00 PM,1,University of Virginia Cavaliers,Ball in Play,,,10 Covington,Right,0-0,128,151,Single,Ground,3,Virginia Tech Hokies,5,2,88,153,,Strike,,25 Carrie,74,0,
158,"UVA4-13-19Game2, Pitch 158",Pitch,00:26:15.07,00:26:25.36,00:26:15.1250000,4/13/2019 4:21:00 PM,1,University of Virginia Cavaliers,Ball in Play,,,17 Busby,Right,0-0,99,162,,Pop up infield,3,Virginia Tech Hokies,5,2,127,57,,Strike,,25 Carrie,75,0,
159,"UVA4-13-19Game2, Pitch 159",Pitch,00:26:30.02,00:26:35.59,00:26:30.0400000,4/13/2019 4:21:00 PM,1,University of Virginia Cavaliers,Take,,,9 Velazquez,Left,0-0,,,,,3,Virginia Tech Hokies,5,0,168,140,,Strike,,12 Frei,60,0,
160,"UVA4-13-19Game2, Pitch 160",Pitch,00:26:38.44,00:26:45.34,00:26:38.7320000,4/13/2019 4:21:00 PM,2,University of Virginia Cavaliers,,Ball,,9 Velazquez,Left,0-1,,,,,3,Virginia Tech Hokies,5,0,184,157,,Ball,,12 Frei,61,0,
161,"UVA4-13-19Game2, Pitch 161",Pitch,00:26:47.41,00:26:55.26,00:26:47.6910000,4/13/2019 4:21:00 PM,3,University of Virginia Cavaliers,,Ball,,9 Velazquez,Left,1-1,,,,,3,Virginia Tech Hokies,5,0,201,162,,Ball,,12 Frei,62,0,
162,"UVA4-13-19Game2, Pitch 162",Pitch,00:26:56.03,00:27:09.13,00:26:56.0490000,4/13/2019 4:21:00 PM,4,University of Virginia Cavaliers,Ball in Play,,,9 Velazquez,Left,2-1,167,68,Double,,3,Virginia Tech Hokies,5,0,153,142,,Strike,,12 Frei,63,0,
163,"UVA4-13-19Game2, Pitch 163",Pitch,00:27:11.03,00:27:17.28,00:27:11.0480000,4/13/2019 4:21:00 PM,1,University of Virginia Cavaliers,,Ball,,13 Caitlyn,Right,0-0,,,,,3,Virginia Tech Hokies,5,0,145,30,,Ball,Rise,12 Frei,64,0,
164,"UVA4-13-19Game2, Pitch 164",Pitch,00:27:18.19,00:27:25.06,00:27:18.3220000,4/13/2019 4:21:00 PM,2,University of Virginia Cavaliers,,Ball,,13 Caitlyn,Right,1-0,,,,,3,Virginia Tech Hokies,5,0,65,236,,Ball,,12 Frei,65,0,
165,"UVA4-13-19Game2, Pitch 165",Pitch,00:27:25.40,00:27:32.51,00:27:25.6620000,4/13/2019 4:21:00 PM,3,University of Virginia Cavaliers,,Ball,,13 Caitlyn,Right,2-0,,,,,3,Virginia Tech Hokies,5,0,21,112,,Ball,,12 Frei,66,0,
166,"UVA4-13-19Game2, Pitch 166",Pitch,00:27:33.37,00:27:39.50,00:27:33.6200000,4/13/2019 4:21:00 PM,4,University of Virginia Cavaliers,Foul,,,13 Caitlyn,Right,3-0,,,,,3,Virginia Tech Hokies,5,0,64,142,,Strike,,12 Frei,67,0,
167,"UVA4-13-19Game2, Pitch 167",Pitch,00:27:40.30,00:27:51.14,00:27:40.4940000,4/13/2019 4:21:00 PM,5,University of Virginia Cavaliers,,Ball,,13 Caitlyn,Right,3-1,,,,,3,Virginia Tech Hokies,5,0,164,222,,Ball,,12 Frei,68,0,
168,"UVA4-13-19Game2, Pitch 168",Pitch,00:27:52.23,00:27:59.19,00:27:52.3890000,4/13/2019 4:21:00 PM,1,University of Virginia Cavaliers,Take,,,14 Emma,Right,0-0,,,,,3,Virginia Tech Hokies,5,0,78,147,,Strike,,12 Frei,69,0,
169,"UVA4-13-19Game2, Pitch 169",Pitch,00:28:04.13,00:28:11.45,00:28:04.2180000,4/13/2019 4:21:00 PM,2,University of Virginia Cavaliers,,Ball,,14 Emma,Right,0-1,,,,,3,Virginia Tech Hokies,5,0,36,214,,Ball,,12 Frei,70,0,
170,"UVA4-13-19Game2, Pitch 170",Pitch,00:28:12.34,00:28:20.54,00:28:12.5590000,4/13/2019 4:21:00 PM,3,University of Virginia Cavaliers,,Ball,,14 Emma,Right,1-1,,,,,3,Virginia Tech Hokies,5,0,197,160,,Ball,,12 Frei,71,0,
171,"UVA4-13-19Game2, Pitch 171",Pitch,00:28:21.42,00:28:33.42,00:28:21.7020000,4/13/2019 4:21:00 PM,4,University of Virginia Cavaliers,Ball in Play,,,14 Emma,Right,2-1,148,163,,Ground,3,Virginia Tech Hokies,5,0,76,153,,Strike,,12 Frei,72,0,
172,"UVA4-13-19Game2, Pitch 172",Pitch,00:28:34.49,00:28:40.17,00:28:34.8150000,4/13/2019 4:21:00 PM,1,University of Virginia Cavaliers,,Ball,,8 Bennett,Right,0-0,,,,,3,Virginia Tech Hokies,5,1,165,27,,Ball,,12 Frei,73,0,
173,"UVA4-13-19Game2, Pitch 173",Pitch,00:28:42.09,00:28:48.01,00:28:42.1550000,4/13/2019 4:21:00 PM,2,University of Virginia Cavaliers,,Ball,,8 Bennett,Right,1-0,,,,,3,Virginia Tech Hokies,5,1,186,162,,Ball,,12 Frei,74,0,
174,"UVA4-13-19Game2, Pitch 174",Pitch,00:28:48.45,00:29:05.15,00:28:48.7450000,4/13/2019 4:21:00 PM,3,University of Virginia Cavaliers,Ball in Play,,,8 Bennett,Right,2-0,61,64,Double,Fly,3,Virginia Tech Hokies,5,1,148,65,,Strike,,12 Frei,75,0,
175,"UVA4-13-19Game2, Pitch 175",Pitch,00:29:13.37,00:29:20.49,00:29:13.6200000,4/13/2019 4:21:00 PM,1,University of Virginia Cavaliers,,Ball,,16 Slaw,Left,0-0,,,,,5,Virginia Tech Hokies,5,1,207,143,,Ball,,12 Frei,76,0,
176,"UVA4-13-19Game2, Pitch 176",Pitch,00:29:21.24,00:29:32.04,00:29:21.3950000,4/13/2019 4:21:00 PM,2,University of Virginia Cavaliers,Ball in Play,,,16 Slaw,Right,1-0,28,56,Homerun,Fly,5,Virginia Tech Hokies,5,1,174,125,,Strike,,12 Frei,77,0,
177,"UVA4-13-19Game2, Pitch 177",Pitch,00:29:32.36,00:29:38.42,00:29:32.6060000,4/13/2019 4:21:00 PM,1,University of Virginia Cavaliers,,Ball,,18 Lawter,Right,0-0,,,,,7,Virginia Tech Hokies,5,1,28,114,,Ball,,12 Frei,78,0,
178,"UVA4-13-19Game2, Pitch 178",Pitch,00:29:39.32,00:29:45.24,00:29:39.5300000,4/13/2019 4:21:00 PM,2,University of Virginia Cavaliers,,Ball,,18 Lawter,Right,1-0,,,,,7,Virginia Tech Hokies,5,1,37,85,,Ball,,12 Frei,79,0,
179,"UVA4-13-19Game2, Pitch 179",Pitch,00:29:46.58,00:29:58.53,00:29:46.9700000,4/13/2019 4:21:00 PM,3,University of Virginia Cavaliers,Ball in Play,,,18 Lawter,Right,2-0,171,114,,Fly,7,Virginia Tech Hokies,5,1,87,102,,Strike,,12 Frei,80,0,
180,"UVA4-13-19Game2, Pitch 180",Pitch,00:29:59.41,00:30:05.46,00:29:59.6830000,4/13/2019 4:21:00 PM,1,University of Virginia Cavaliers,,Ball,,11 Davis,Left,0-0,,,,,7,Virginia Tech Hokies,5,2,65,188,,Ball,,12 Frei,81,0,
181,"UVA4-13-19Game2, Pitch 181",Pitch,00:30:06.21,00:30:14.17,00:30:06.3560000,4/13/2019 4:21:00 PM,2,University of Virginia Cavaliers,Take,,,11 Davis,Right,1-0,,,,,7,Virginia Tech Hokies,5,2,51,127,,Strike,,12 Frei,82,0,
182,"UVA4-13-19Game2, Pitch 182",Pitch,00:30:15.06,00:30:20.36,00:30:15.0980000,4/13/2019 4:21:00 PM,3,University of Virginia Cavaliers,,Ball,,11 Davis,Right,1-1,,,,,7,Virginia Tech Hokies,5,2,34,148,,Ball,,12 Frei,83,0,
183,"UVA4-13-19Game2, Pitch 183",Pitch,00:30:21.27,00:30:27.32,00:30:21.4550000,4/13/2019 4:21:00 PM,4,University of Virginia Cavaliers,Swing,,,11 Davis,Right,2-1,,,,,7,Virginia Tech Hokies,5,2,36,157,,Strike,,12 Frei,84,0,
184,"UVA4-13-19Game2, Pitch 184",Pitch,00:30:29.08,00:30:35.55,00:30:29.1290000,4/13/2019 4:21:00 PM,5,University of Virginia Cavaliers,,Ball,,11 Davis,Right,2-2,,,,,7,Virginia Tech Hokies,5,2,39,156,,Ball,,12 Frei,85,0,
185,"UVA4-13-19Game2, Pitch 185",Pitch,00:30:36.43,00:30:44.17,00:30:36.7200000,4/13/2019 4:21:00 PM,6,University of Virginia Cavaliers,Swing,,,11 Davis,Right,3-2,,,,,7,Virginia Tech Hokies,5,2,65,168,,Strike,,12 Frei,86,0,
186,"UVA4-13-19Game2, Pitch 186",Pitch,00:30:45.07,00:30:51.56,00:30:45.1120000,4/13/2019 4:21:00 PM,1,University of Virginia Cavaliers,Take,,,24 Smith,Right,0-0,,,,,7,Virginia Tech Hokies,6,0,146,67,,Strike,,25 Carrie,76,0,
187,"UVA4-13-19Game2, Pitch 187",Pitch,00:30:52.56,00:31:00.13,00:30:52.9360000,4/13/2019 4:21:00 PM,2,University of Virginia Cavaliers,Foul,,,24 Smith,Right,0-1,,,,,7,Virginia Tech Hokies,6,0,144,118,,Strike,,25 Carrie,77,0,
188,"UVA4-13-19Game2, Pitch 188",Pitch,00:31:02.09,00:31:08.34,00:31:02.1450000,4/13/2019 4:21:00 PM,3,University of Virginia Cavaliers,,Ball,,24 Smith,Right,0-2,,,,,7,Virginia Tech Hokies,6,0,20,79,,Ball,,25 Carrie,78,0,
189,"UVA4-13-19Game2, Pitch 189",Pitch,00:31:10.03,00:31:17.07,00:31:10.0530000,4/13/2019 4:21:00 PM,4,University of Virginia Cavaliers,,Ball,,24 Smith,Right,1-2,,,,,7,Virginia Tech Hokies,6,0,101,221,,Ball,,25 Carrie,79,0,
190,"UVA4-13-19Game2, Pitch 190",Pitch,00:31:18.06,00:31:30.27,00:31:18.0950000,4/13/2019 4:21:00 PM,5,University of Virginia Cavaliers,Ball in Play,,,24 Smith,Right,2-2,138,158,,Ground,7,Virginia Tech Hokies,6,0,84,185,,Strike,,25 Carrie,80,0,
191,"UVA4-13-19Game2, Pitch 191",Pitch,00:31:32.01,00:31:43.13,00:31:32.0250000,4/13/2019 4:21:00 PM,1,University of Virginia Cavaliers,Ball in Play,,,4 Gilbert,Right,0-0,110,159,,Ground,7,Virginia Tech Hokies,6,1,164,123,,Strike,,25 Carrie,81,0,
192,"UVA4-13-19Game2, Pitch 192",Pitch,00:31:54.46,00:32:05.49,00:31:54.7650000,4/13/2019 4:21:00 PM,1,University of Virginia Cavaliers,Foul,,,88 Gott,Right,0-0,,,,,7,Virginia Tech Hokies,6,2,133,134,,Strike,,25 Carrie,82,0,
193,"UVA4-13-19Game2, Pitch 193",Pitch,00:32:06.46,00:32:17.56,00:32:06.7600000,4/13/2019 4:21:00 PM,2,University of Virginia Cavaliers,Ball in Play,,,88 Gott,Right,0-1,125,187,,Ground,7,Virginia Tech Hokies,6,2,165,162,,Strike,,25 Carrie,83,0,
194,"UVA4-13-19Game2, Pitch 194",Pitch,00:32:18.55,00:32:28.40,00:32:18.9220000,4/13/2019 4:21:00 PM,1,University of Virginia Cavaliers,Ball in Play,,,31 Addington,Right,0-0,138,162,,Ground,7,Virginia Tech Hokies,6,0,87,162,,Strike,,12 Frei,87,0,
195,"UVA4-13-19Game2, Pitch 195",Pitch,00:32:29.31,00:32:35.04,00:32:29.5160000,4/13/2019 4:21:00 PM,1,University of Virginia Cavaliers,,Ball,,2 Bailey,Right,0-0,,,,,7,Virginia Tech Hokies,6,1,197,89,,Ball,,12 Frei,88,0,
196,"UVA4-13-19Game2, Pitch 196",Pitch,00:32:37.20,00:32:43.31,00:32:37.3410000,4/13/2019 4:21:00 PM,2,University of Virginia Cavaliers,,Ball,,2 Bailey,Right,1-0,,,,,7,Virginia Tech Hokies,6,1,66,223,,Ball,,12 Frei,89,0,
197,"UVA4-13-19Game2, Pitch 197",Pitch,00:32:44.27,00:32:51.06,00:32:44.4480000,4/13/2019 4:21:00 PM,3,University of Virginia Cavaliers,,Ball,,2 Bailey,Right,2-0,,,,,7,Virginia Tech Hokies,6,1,27,80,,Ball,,12 Frei,90,0,
198,"UVA4-13-19Game2, Pitch 198",Pitch,00:32:52.25,00:32:58.17,00:32:52.4220000,4/13/2019 4:21:00 PM,4,University of Virginia Cavaliers,Take,,,2 Bailey,Right,3-0,,,,,7,Virginia Tech Hokies,6,1,49,127,,Strike,,12 Frei,91,0,
199,"UVA4-13-19Game2, Pitch 199",Pitch,00:33:01.11,00:33:11.05,00:33:01.1810000,4/13/2019 4:21:00 PM,5,University of Virginia Cavaliers,Ball in Play,,,2 Bailey,Right,3-1,104,162,,Ground,7,Virginia Tech Hokies,6,1,97,171,,Strike,,12 Frei,92,0,
200,"UVA4-13-19Game2, Pitch 200",Pitch,00:33:12.12,00:33:18.30,00:33:12.2090000,4/13/2019 4:21:00 PM,1,University of Virginia Cavaliers,,Ball,,9 Velazquez,Left,0-0,,,,,7,Virginia Tech Hokies,6,2,179,177,,Ball,,12 Frei,93,0,
201,"UVA4-13-19Game2, Pitch 201",Pitch,00:33:19.42,00:33:27.22,00:33:19.7000000,4/13/2019 4:21:00 PM,2,University of Virginia Cavaliers,,Ball,,9 Velazquez,Left,1-0,,,,,7,Virginia Tech Hokies,6,2,13,83,,Ball,,12 Frei,94,0,
202,"UVA4-13-19Game2, Pitch 202",Pitch,00:33:29.03,00:33:34.42,00:33:29.0420000,4/13/2019 4:21:00 PM,3,University of Virginia Cavaliers,,Ball,,9 Velazquez,Left,2-0,,,,,7,Virginia Tech Hokies,6,2,206,232,,Ball,,12 Frei,95,0,
203,"UVA4-13-19Game2, Pitch 203",Pitch,00:33:35.30,00:33:43.56,00:33:35.4990000,4/13/2019 4:21:00 PM,4,University of Virginia Cavaliers,,Ball,,9 Velazquez,Left,3-0,,,,,7,Virginia Tech Hokies,6,2,201,92,,Ball,,12 Frei,96,0,
204,"UVA4-13-19Game2, Pitch 204",Pitch,00:33:46.09,00:33:52.34,00:33:46.1430000,4/13/2019 4:21:00 PM,1,University of Virginia Cavaliers,,Ball,,13 Caitlyn,Right,0-0,,,,,7,Virginia Tech Hokies,6,2,206,215,,Ball,,12 Frei,97,0,
205,"UVA4-13-19Game2, Pitch 205",Pitch,00:33:53.07,00:33:59.36,00:33:53.1160000,4/13/2019 4:21:00 PM,2,University of Virginia Cavaliers,,Ball,,13 Caitlyn,Right,1-0,,,,,7,Virginia Tech Hokies,6,2,38,56,,Ball,,12 Frei,98,0,
206,"UVA4-13-19Game2, Pitch 206",Pitch,00:34:00.14,00:34:07.06,00:34:00.2400000,4/13/2019 4:21:00 PM,3,University of Virginia Cavaliers,,Ball,,13 Caitlyn,Right,2-0,,,,,7,Virginia Tech Hokies,6,2,105,217,,Ball,,12 Frei,99,0,
207,"UVA4-13-19Game2, Pitch 207",Pitch,00:34:08.29,00:34:14.19,00:34:08.4820000,4/13/2019 4:21:00 PM,4,University of Virginia Cavaliers,,Ball,,13 Caitlyn,Right,3-0,,,,,7,Virginia Tech Hokies,6,2,178,221,,Ball,,12 Frei,100,0,
208,"UVA4-13-19Game2, Pitch 208",Pitch,00:34:16.47,00:34:25.19,00:34:16.7900000,4/13/2019 4:21:00 PM,1,University of Virginia Cavaliers,Ball in Play,,,14 Emma,Right,0-0,144,183,,Line,7,Virginia Tech Hokies,6,2,79,151,,Strike,,12 Frei,101,0,
209,"UVA4-13-19Game2, Pitch 209",Pitch,00:34:28.31,00:34:34.48,00:34:28.5190000,4/13/2019 4:21:00 PM,1,University of Virginia Cavaliers,Swing,,,19 Osherow,Right,0-0,,,,,7,Virginia Tech Hokies,7,0,122,153,,Strike,,25 Carrie,84,0,
210,"UVA4-13-19Game2, Pitch 210",Pitch,00:34:37.09,00:34:44.22,00:34:37.1440000,4/13/2019 4:21:00 PM,2,University of Virginia Cavaliers,Foul,,,19 Osherow,Right,0-1,,,,,7,Virginia Tech Hokies,7,0,159,151,,Strike,,25 Carrie,85,0,
211,"UVA4-13-19Game2, Pitch 211",Pitch,00:34:45.09,00:34:51.44,00:34:45.1520000,4/13/2019 4:21:00 PM,3,University of Virginia Cavaliers,,Ball,,19 Osherow,Right,0-2,,,,,7,Virginia Tech Hokies,7,0,30,173,,Ball,,25 Carrie,86,0,
212,"UVA4-13-19Game2, Pitch 212",Pitch,00:34:55.01,00:35:02.11,00:34:55.0120000,4/13/2019 4:21:00 PM,4,University of Virginia Cavaliers,,Ball,,19 Osherow,Right,1-2,,,,,7,Virginia Tech Hokies,7,0,189,223,,Ball,,25 Carrie,87,0,
213,"UVA4-13-19Game2, Pitch 213",Pitch,00:35:04.40,00:35:14.09,00:35:04.6710000,4/13/2019 4:21:00 PM,5,University of Virginia Cavaliers,Ball in Play,,,19 Osherow,Right,2-2,104,160,,Ground,7,Virginia Tech Hokies,7,0,149,150,,Strike,,25 Carrie,88,0,
214,"UVA4-13-19Game2, Pitch 214",Pitch,00:35:18.02,00:35:24.21,00:35:18.0350000,4/13/2019 4:21:00 PM,1,University of Virginia Cavaliers,Take,,,14 Barber,Right,0-0,,,,,7,Virginia Tech Hokies,7,1,151,132,,Strike,,25 Carrie,89,0,
215,"UVA4-13-19Game2, Pitch 215",Pitch,00:35:27.10,00:35:33.44,00:35:27.1600000,4/13/2019 4:21:00 PM,2,University of Virginia Cavaliers,,Ball,,14 Barber,Left,0-1,,,,,7,Virginia Tech Hokies,7,1,212,212,,Ball,,25 Carrie,90,0,
216,"UVA4-13-19Game2, Pitch 216",Pitch,00:35:34.59,00:35:42.25,00:35:34.9850000,4/13/2019 4:21:00 PM,3,University of Virginia Cavaliers,Foul,,,14 Barber,Left,1-1,,,,,7,Virginia Tech Hokies,7,1,154,81,,Strike,,25 Carrie,91,0,
217,"UVA4-13-19Game2, Pitch 217",Pitch,00:35:43.03,00:35:51.02,00:35:43.0430000,4/13/2019 4:21:00 PM,4,University of Virginia Cavaliers,,Ball,,14 Barber,Left,1-2,,,,,7,Virginia Tech Hokies,7,1,16,114,,Ball,,25 Carrie,92,0,
218,"UVA4-13-19Game2, Pitch 218",Pitch,00:35:52.16,00:35:58.21,00:35:52.2690000,4/13/2019 4:21:00 PM,1,University of Virginia Cavaliers,Swing,,,15 Davis,Right,0-0,,,,,7,Virginia Tech Hokies,7,1,171,169,,Strike,,25 Carrie,93,0,
219,"UVA4-13-19Game2, Pitch 219",Pitch,00:36:01.08,00:36:08.19,00:36:01.1280000,4/13/2019 4:21:00 PM,2,University of Virginia Cavaliers,,Ball,,15 Davis,Right,0-1,,,,,7,Virginia Tech Hokies,7,1,210,91,,Ball,,25 Carrie,94,0,
220,"UVA4-13-19Game2, Pitch 220",Pitch,00:36:09.23,00:36:16.41,00:36:09.3860000,4/13/2019 4:21:00 PM,3,University of Virginia Cavaliers,Take,,,15 Davis,Right,1-1,,,,,7,Virginia Tech Hokies,7,1,65,165,,Strike,,25 Carrie,95,0,
221,"UVA4-13-19Game2, Pitch 221",Pitch,00:36:18.54,00:36:25.54,00:36:18.8960000,4/13/2019 4:21:00 PM,4,University of Virginia Cavaliers,,Ball,,15 Davis,Right,1-2,,,,,7,Virginia Tech Hokies,7,1,208,55,,Ball,,25 Carrie,96,0,
222,"UVA4-13-19Game2, Pitch 222",Pitch,00:36:27.03,00:36:35.33,00:36:27.0540000,4/13/2019 4:21:00 PM,5,University of Virginia Cavaliers,Ball in Play,,,15 Davis,Right,2-2,142,161,,Ground,7,Virginia Tech Hokies,7,2,144,86,,Strike,,25 Carrie,97,0,
