#,Name,ClipType,Media In,Media Out,Hit Location X,Hit Location Y,Hit Location,Hit Result,At Bat Pitch Count,Batter,Bunt,Count,Inning,Outs,Pitch Location X,Pitch Location Y,RBI,Total Pitch Count,Umpire,Strike Type,Pitcher,Home Score,Home Team,Hit Type,Batter Strength,Away Team,Ball Type,Base,Pitch Count,Pitch Type,Team in Field,Team at Bat,Visitor Score
1,"UVA4-13-19Game2, Pitch 001",Pitch,00:00:00.00,00:00:06.09,,,,,1,17 Busby,,0-0,1,0,51,97,,1,,Take,25 Carrie,0,Virginia Tech Hokies,,Right,University of Virginia Cavaliers,,,,,Virginia Tech Hokies,University of Virginia Cavaliers,0
2,"UVA4-13-19Game2, Pitch 002",Pitch,00:00:08.29,00:00:15.26,,,,,2,17 Busby,,0-1,1,0,46,76,,2,,Take,25 Carrie,0,Virginia Tech Hokies,,Right,University of Virginia Cavaliers,,,,,Virginia Tech Hokies,University of Virginia Cavaliers,0
3,"UVA4-13-19Game2, Pitch 003",Pitch,00:00:18.04,00:00:23.54,,,,,3,17 Busby,,0-2,1,0,35,127,,3,,,25 Carrie,0,Virginia Tech Hokies,,Right,University of Virginia Cavaliers,Ball,,,,Virginia Tech Hokies,University of Virginia Cavaliers,0
4,"UVA4-13-19Game2, Pitch 004",Pitch,00:00:27.59,00:00:39.32,179,205,Foul,,4,17 Busby,,1-2,1,0,102,75,,4,,Foul,25 Carrie,0,Virginia Tech Hokies,,Right,University of Virginia Cavaliers,,,,,Virginia Tech Hokies,University of Virginia Cavaliers,0
5,"UVA4-13-19Game2, Pitch 005",Pitch,00:00:40.26,00:00:48.09,145,237,Foul,,5,17 Busby,,1-2,1,0,65,200,,5,,Foul,25 Carrie,0,Virginia Tech Hokies,,Right,University of Virginia Cavaliers,,,,Dropball,Virginia Tech Hokies,University of Virginia Cavaliers,0
6,"UVA4-13-19Game2, Pitch 006",Pitch,00:00:50.40,00:01:01.47,149,175,Infield Right,,6,17 Busby,,1-2,1,0,87,53,,6,,Ball in Play,25 Carrie,0,Virginia Tech Hokies,Pop up infield,Right,University of Virginia Cavaliers,,,,Dropball,Virginia Tech Hokies,University of Virginia Cavaliers,0
7,"UVA4-13-19Game2, Pitch 007",Pitch,00:01:07.18,00:01:13.58,,,,,1,24 Smith,,0-0,1,1,67,96,,7,,Take,25 Carrie,0,Virginia Tech Hokies,,Right,University of Virginia Cavaliers,,,,,Virginia Tech Hokies,University of Virginia Cavaliers,0
8,"UVA4-13-19Game2, Pitch 008",Pitch,00:01:17.36,00:01:25.51,,,,,2,24 Smith,,0-1,1,1,41,1,,8,,,25 Carrie,0,Virginia Tech Hokies,,Right,University of Virginia Cavaliers,Ball,,,,Virginia Tech Hokies,University of Virginia Cavaliers,0
9,"UVA4-13-19Game2, Pitch 009",Pitch,00:01:26.37,00:01:36.03,,,,,3,24 Smith,,1-1,1,1,52,86,,9,,Take,25 Carrie,0,Virginia Tech Hokies,,Right,University of Virginia Cavaliers,,,,,Virginia Tech Hokies,University of Virginia Cavaliers,0
10,"UVA4-13-19Game2, Pitch 010",Pitch,00:01:37.41,00:01:45.56,,,,,4,24 Smith,,1-2,1,1,132,204,,10,,,25 Carrie,0,Virginia Tech Hokies,,Right,University of Virginia Cavaliers,Ball,,,,Virginia Tech Hokies,University of Virginia Cavaliers,0
11,"UVA4-13-19Game2, Pitch 011",Pitch,00:01:47.51,00:01:56.26,,,,,5,24 Smith,,2-2,1,1,34,147,,11,,,25 Carrie,0,Virginia Tech Hokies,,Right,University of Virginia Cavaliers,Ball,,,,Virginia Tech Hokies,University of Virginia Cavaliers,0
12,"UVA4-13-19Game2, Pitch 012",Pitch,00:01:57.19,00:02:04.38,185,188,Foul,,6,24 Smith,,3-2,1,1,51,101,,12,,Foul,25 Carrie,0,Virginia Tech Hokies,,Right,University of Virginia Cavaliers,,,,,Virginia Tech Hokies,University of Virginia Cavaliers,0
13,"UVA4-13-19Game2, Pitch 013",Pitch,00:02:05.02,00:02:12.23,,,,,7,24 Smith,,3-2,1,1,204,204,,13,,Swing,25 Carrie,0,Virginia Tech Hokies,,Right,University of Virginia Cavaliers,,,,Dropball,Virginia Tech Hokies,University of Virginia Cavaliers,0
14,"UVA4-13-19Game2, Pitch 014",Pitch,00:02:14.38,00:02:22.51,,,,,1,4 Gilbert,,0-0,1,2,124,59,,14,,Take,25 Carrie,0,Virginia Tech Hokies,,Right,University of Virginia Cavaliers,,,,Dropball,Virginia Tech Hokies,University of Virginia Cavaliers,0
15,"UVA4-13-19Game2, Pitch 015",Pitch,00:02:25.06,00:02:32.35,,,,,2,4 Gilbert,,0-1,1,2,172,92,,15,,Take,25 Carrie,0,Virginia Tech Hokies,,Right,University of Virginia Cavaliers,,,,Dropball,Virginia Tech Hokies,University of Virginia Cavaliers,0
16,"UVA4-13-19Game2, Pitch 016",Pitch,00:02:33.48,00:02:42.45,,,,,3,4 Gilbert,,0-2,1,2,-1,-1,,16,,,25 Carrie,0,Virginia Tech Hokies,,Right,University of Virginia Cavaliers,,,,Rise,Virginia Tech Hokies,University of Virginia Cavaliers,0
17,"UVA4-13-19Game2, Pitch 017",Pitch,00:02:43.23,00:02:52.51,48,190,Foul,,3,4 Gilbert,,1-2,1,2,178,169,,16,,Foul,25 Carrie,0,Virginia Tech Hokies,,Right,University of Virginia Cavaliers,,,,,Virginia Tech Hokies,University of Virginia Cavaliers,0
18,"UVA4-13-19Game2, Pitch 018",Pitch,00:02:53.32,00:03:02.44,,,,,4,4 Gilbert,,1-2,1,2,49,162,,17,,Take,25 Carrie,0,Virginia Tech Hokies,,Right,University of Virginia Cavaliers,,,,,Virginia Tech Hokies,University of Virginia Cavaliers,0
19,"UVA4-13-19Game2, Pitch 019",Pitch,00:03:06.05,00:03:13.35,,,,,1,2 Bailey,,0-0,1,0,89,5,,1,,,18 Rayle,0,Virginia Tech Hokies,,Right,University of Virginia Cavaliers,Ball,,,Rise,University of Virginia Cavaliers,Virginia Tech Hokies,0
20,"UVA4-13-19Game2, Pitch 020",Pitch,00:03:14.40,00:03:27.27,145,100,Shallow Centerfield,,2,2 Bailey,,1-0,1,0,74,69,,2,,Ball in Play,18 Rayle,0,Virginia Tech Hokies,Fly,Right,University of Virginia Cavaliers,,,,,University of Virginia Cavaliers,Virginia Tech Hokies,0
21,"UVA4-13-19Game2, Pitch 021",Pitch,00:03:30.45,00:03:38.05,,,,,1,9 Velazquez,,0-0,1,1,214,144,,3,,,18 Rayle,0,Virginia Tech Hokies,,Left,University of Virginia Cavaliers,Ball,,,Rise,University of Virginia Cavaliers,Virginia Tech Hokies,0
22,"UVA4-13-19Game2, Pitch 022",Pitch,00:03:42.12,00:03:50.17,,,,,2,9 Velazquez,,1-0,1,1,180,145,,4,,Take,18 Rayle,0,Virginia Tech Hokies,,Left,University of Virginia Cavaliers,,,,Rise,University of Virginia Cavaliers,Virginia Tech Hokies,0
23,"UVA4-13-19Game2, Pitch 023",Pitch,00:03:51.55,00:04:05.10,109,125,Infield Middle,Single,3,9 Velazquez,,1-1,1,1,168,145,,5,,Ball in Play,18 Rayle,0,Virginia Tech Hokies,Line,Left,University of Virginia Cavaliers,,,,,University of Virginia Cavaliers,Virginia Tech Hokies,0
24,"UVA4-13-19Game2, Pitch 024",Pitch,00:04:06.25,00:04:13.38,,,,,1,13 Caitlyn,,0-0,1,1,27,202,,6,,,18 Rayle,0,Virginia Tech Hokies,,Right,University of Virginia Cavaliers,Ball,,,Offspeed,University of Virginia Cavaliers,Virginia Tech Hokies,0
25,"UVA4-13-19Game2, Pitch 025",Pitch,00:04:15.30,00:04:22.36,,,,,2,13 Caitlyn,,1-0,1,1,10,46,,7,,,18 Rayle,0,Virginia Tech Hokies,,Right,University of Virginia Cavaliers,Ball,,,,University of Virginia Cavaliers,Virginia Tech Hokies,0
26,"UVA4-13-19Game2, Pitch 026",Pitch,00:04:24.26,00:04:31.19,191,228,Foul,,3,13 Caitlyn,,2-0,1,1,85,178,,8,,Foul,18 Rayle,0,Virginia Tech Hokies,,Right,University of Virginia Cavaliers,,,,,University of Virginia Cavaliers,Virginia Tech Hokies,0
27,"UVA4-13-19Game2, Pitch 027",Pitch,00:04:33.21,00:04:42.11,,,,,4,13 Caitlyn,,2-1,1,1,37,151,,9,,Take,18 Rayle,0,Virginia Tech Hokies,,Right,University of Virginia Cavaliers,,,,,University of Virginia Cavaliers,Virginia Tech Hokies,0
28,"UVA4-13-19Game2, Pitch 028",Pitch,00:04:43.16,00:04:52.09,209,232,Foul,,5,13 Caitlyn,,2-2,1,1,47,78,,10,,Foul,18 Rayle,0,Virginia Tech Hokies,,Right,University of Virginia Cavaliers,,,,,University of Virginia Cavaliers,Virginia Tech Hokies,0
29,"UVA4-13-19Game2, Pitch 029",Pitch,00:04:54.39,00:05:12.07,157,116,Shallow Centerfield,,6,13 Caitlyn,,2-2,1,1,92,171,0,11,,Ball in Play,18 Rayle,0,Virginia Tech Hokies,Fly,Right,University of Virginia Cavaliers,,,,,University of Virginia Cavaliers,Virginia Tech Hokies,0
30,"UVA4-13-19Game2, Pitch 030",Pitch,00:05:12.50,00:05:18.28,,,,,7,14 Emma,,0-0,1,2,33,219,,12,,,18 Rayle,0,Virginia Tech Hokies,,,University of Virginia Cavaliers,Ball,,,Dropball,University of Virginia Cavaliers,Virginia Tech Hokies,0
31,"UVA4-13-19Game2, Pitch 031",Pitch,00:05:20.18,00:05:32.48,81,65,Shallow Centerfield,Double,2,14 Emma,,1-0,1,2,92,168,,13,,Ball in Play,18 Rayle,1,Virginia Tech Hokies,Line,Right,University of Virginia Cavaliers,,,,,University of Virginia Cavaliers,Virginia Tech Hokies,0
32,"UVA4-13-19Game2, Pitch 032",Pitch,00:05:36.44,00:05:44.05,,,,,1,8 Bennett,,0-0,1,2,50,8,,14,,,18 Rayle,1,Virginia Tech Hokies,,Right,University of Virginia Cavaliers,Ball,,,,University of Virginia Cavaliers,Virginia Tech Hokies,0
33,"UVA4-13-19Game2, Pitch 033",Pitch,00:05:46.26,00:06:04.57,104,49,Centerfield,Triple,2,8 Bennett,,1-0,1,2,107,35,,15,,Ball in Play,18 Rayle,2,Virginia Tech Hokies,Fly,Right,University of Virginia Cavaliers,,,,,University of Virginia Cavaliers,Virginia Tech Hokies,0
34,"UVA4-13-19Game2, Pitch 034",Pitch,00:06:09.33,00:06:19.28,,,,,1,28 Chavez,,0-0,1,2,51,92,,16,,Take,18 Rayle,2,Virginia Tech Hokies,,Right,University of Virginia Cavaliers,,,,,University of Virginia Cavaliers,Virginia Tech Hokies,0
35,"UVA4-13-19Game2, Pitch 035",Pitch,00:06:20.34,00:06:28.40,,,,,2,28 Chavez,,0-1,1,2,14,66,,17,,,18 Rayle,2,Virginia Tech Hokies,,Right,University of Virginia Cavaliers,Ball,,,,University of Virginia Cavaliers,Virginia Tech Hokies,0
36,"UVA4-13-19Game2, Pitch 036",Pitch,00:06:29.38,00:06:36.07,,,,,3,28 Chavez,,1-1,1,2,43,147,,18,,Swing,18 Rayle,2,Virginia Tech Hokies,,Right,University of Virginia Cavaliers,,,,,University of Virginia Cavaliers,Virginia Tech Hokies,0
37,"UVA4-13-19Game2, Pitch 037",Pitch,00:06:45.19,00:06:51.17,115,219,Foul,,4,28 Chavez,,1-2,1,2,49,209,,19,,Foul,18 Rayle,2,Virginia Tech Hokies,,Right,University of Virginia Cavaliers,,,,,University of Virginia Cavaliers,Virginia Tech Hokies,0
38,"UVA4-13-19Game2, Pitch 038",Pitch,00:06:54.54,00:07:03.28,,,,,5,28 Chavez,,1-2,1,2,67,226,,20,,,18 Rayle,2,Virginia Tech Hokies,,Right,University of Virginia Cavaliers,Ball,,,,University of Virginia Cavaliers,Virginia Tech Hokies,0
39,"UVA4-13-19Game2, Pitch 039",Pitch,00:07:04.41,00:07:14.24,102,162,Infield Left,,6,28 Chavez,,2-2,1,2,78,101,,21,,Ball in Play,18 Rayle,2,Virginia Tech Hokies,Ground,Right,University of Virginia Cavaliers,,,,,University of Virginia Cavaliers,Virginia Tech Hokies,0
40,"UVA4-13-19Game2, Pitch 040",Pitch,00:07:18.23,00:07:24.16,69,187,Foul,,1,88 Gott,,0-0,2,0,117,113,,18,,Foul,25 Carrie,2,Virginia Tech Hokies,,Right,University of Virginia Cavaliers,,,,,Virginia Tech Hokies,University of Virginia Cavaliers,0
41,"UVA4-13-19Game2, Pitch 041",Pitch,00:07:24.50,00:07:32.31,,,,,2,88 Gott,,0-1,2,0,85,116,,19,,Take,25 Carrie,2,Virginia Tech Hokies,,Right,University of Virginia Cavaliers,,,,,Virginia Tech Hokies,University of Virginia Cavaliers,0
42,"UVA4-13-19Game2, Pitch 042",Pitch,00:07:33.13,00:07:38.51,,,,,3,88 Gott,,0-2,2,0,85,8,,20,,,25 Carrie,2,Virginia Tech Hokies,,Right,University of Virginia Cavaliers,Ball,,,,Virginia Tech Hokies,University of Virginia Cavaliers,0
43,"UVA4-13-19Game2, Pitch 043",Pitch,00:07:41.03,00:07:49.25,210,186,Foul,,4,88 Gott,,1-2,2,0,88,143,,21,,Foul,25 Carrie,2,Virginia Tech Hokies,,Right,University of Virginia Cavaliers,,,,,Virginia Tech Hokies,University of Virginia Cavaliers,0
44,"UVA4-13-19Game2, Pitch 044",Pitch,00:07:50.05,00:07:56.20,,,,,5,88 Gott,,1-2,2,0,105,16,,22,,,25 Carrie,2,Virginia Tech Hokies,,Right,University of Virginia Cavaliers,Ball,,,,Virginia Tech Hokies,University of Virginia Cavaliers,0
45,"UVA4-13-19Game2, Pitch 045",Pitch,00:08:00.57,00:08:10.16,,,,,6,88 Gott,,2-2,2,0,177,70,,23,,Swing,25 Carrie,2,Virginia Tech Hokies,,Right,University of Virginia Cavaliers,,,,Rise,Virginia Tech Hokies,University of Virginia Cavaliers,0
46,"UVA4-13-19Game2, Pitch 046",Pitch,00:08:14.08,00:08:22.21,,,,,1,19 Osherow,,0-0,2,1,39,177,,24,,,25 Carrie,2,Virginia Tech Hokies,,Right,University of Virginia Cavaliers,Ball,,,,Virginia Tech Hokies,University of Virginia Cavaliers,0
47,"UVA4-13-19Game2, Pitch 047",Pitch,00:08:23.23,00:08:31.01,168,240,Foul,,2,19 Osherow,,1-0,2,1,117,89,,25,,Foul,25 Carrie,2,Virginia Tech Hokies,,Right,University of Virginia Cavaliers,,,,,Virginia Tech Hokies,University of Virginia Cavaliers,0
48,"UVA4-13-19Game2, Pitch 048",Pitch,00:08:33.44,00:08:40.29,154,224,Foul,,3,19 Osherow,,1-1,2,1,155,157,,26,,Foul,25 Carrie,2,Virginia Tech Hokies,,Right,University of Virginia Cavaliers,,,,,Virginia Tech Hokies,University of Virginia Cavaliers,0
49,"UVA4-13-19Game2, Pitch 049",Pitch,00:08:40.58,00:08:52.19,,,,,4,19 Osherow,,1-2,2,1,45,164,,27,,,25 Carrie,2,Virginia Tech Hokies,,Right,University of Virginia Cavaliers,Ball,,,Dropball,Virginia Tech Hokies,University of Virginia Cavaliers,0
50,"UVA4-13-19Game2, Pitch 050",Pitch,00:08:53.42,00:09:05.49,98,176,Infield Left,,5,19 Osherow,,2-2,2,1,178,146,,28,,Ball in Play,25 Carrie,2,Virginia Tech Hokies,Ground,Right,University of Virginia Cavaliers,,,,,Virginia Tech Hokies,University of Virginia Cavaliers,0
51,"UVA4-13-19Game2, Pitch 051",Pitch,00:09:08.08,00:09:15.40,,,,,1,14 Barber,,0-0,2,2,193,229,,29,,,25 Carrie,2,Virginia Tech Hokies,,Right,University of Virginia Cavaliers,Ball,,,,Virginia Tech Hokies,University of Virginia Cavaliers,0
52,"UVA4-13-19Game2, Pitch 052",Pitch,00:09:15.49,00:09:22.50,,,,,2,14 Barber,,1-0,2,2,141,89,,30,,Swing,25 Carrie,2,Virginia Tech Hokies,,Right,University of Virginia Cavaliers,,,,,Virginia Tech Hokies,University of Virginia Cavaliers,0
53,"UVA4-13-19Game2, Pitch 053",Pitch,00:09:25.09,00:09:32.02,109,236,Foul,,3,14 Barber,,1-1,2,2,151,98,,31,,Foul,25 Carrie,2,Virginia Tech Hokies,,Right,University of Virginia Cavaliers,,,,,Virginia Tech Hokies,University of Virginia Cavaliers,0
54,"UVA4-13-19Game2, Pitch 054",Pitch,00:09:34.01,00:09:41.26,,,,,4,14 Barber,,1-2,2,2,214,188,,32,,,25 Carrie,2,Virginia Tech Hokies,,Right,University of Virginia Cavaliers,Ball,,,,Virginia Tech Hokies,University of Virginia Cavaliers,0
55,"UVA4-13-19Game2, Pitch 055",Pitch,00:09:42.49,00:09:53.19,117,156,Infield Middle,Single,5,14 Barber,,2-2,2,2,111,153,,33,,Ball in Play,25 Carrie,2,Virginia Tech Hokies,Ground,Right,University of Virginia Cavaliers,,,,,Virginia Tech Hokies,University of Virginia Cavaliers,0
56,"UVA4-13-19Game2, Pitch 056",Pitch,00:09:58.60,00:10:06.57,147,234,Foul,,1,15 Davis,,0-0,2,2,163,96,,34,,Foul,25 Carrie,2,Virginia Tech Hokies,,Right,University of Virginia Cavaliers,,,,,Virginia Tech Hokies,University of Virginia Cavaliers,0
57,"UVA4-13-19Game2, Pitch 057",Pitch,00:10:07.44,00:10:15.15,,,,,2,15 Davis,,0-1,2,2,53,103,,35,,Take,25 Carrie,2,Virginia Tech Hokies,,Right,University of Virginia Cavaliers,,,,,Virginia Tech Hokies,University of Virginia Cavaliers,0
58,"UVA4-13-19Game2, Pitch 058",Pitch,00:10:16.09,00:10:23.21,,,,,3,15 Davis,,0-2,2,2,36,69,,36,,,25 Carrie,2,Virginia Tech Hokies,,Right,University of Virginia Cavaliers,Ball,,,,Virginia Tech Hokies,University of Virginia Cavaliers,0
59,"UVA4-13-19Game2, Pitch 059",Pitch,00:10:24.08,00:10:30.49,,,,,4,15 Davis,,1-2,2,2,100,7,,37,,,25 Carrie,2,Virginia Tech Hokies,,Right,University of Virginia Cavaliers,Ball,,,,Virginia Tech Hokies,University of Virginia Cavaliers,0
60,"UVA4-13-19Game2, Pitch 060",Pitch,00:10:31.38,00:10:39.04,196,195,Foul,,5,15 Davis,,2-2,2,2,77,49,,38,,Foul,25 Carrie,2,Virginia Tech Hokies,,Right,University of Virginia Cavaliers,,,,,Virginia Tech Hokies,University of Virginia Cavaliers,0
61,"UVA4-13-19Game2, Pitch 061",Pitch,00:10:41.20,00:10:49.01,120,236,Foul,,6,15 Davis,,2-2,2,2,158,40,,39,,Foul,25 Carrie,2,Virginia Tech Hokies,,Right,University of Virginia Cavaliers,,,,Rise,Virginia Tech Hokies,University of Virginia Cavaliers,0
62,"UVA4-13-19Game2, Pitch 062",Pitch,00:10:49.40,00:10:56.34,,,,,7,15 Davis,,2-2,2,2,220,199,,40,,Swing,25 Carrie,2,Virginia Tech Hokies,,Right,University of Virginia Cavaliers,,,,,Virginia Tech Hokies,University of Virginia Cavaliers,0
63,"UVA4-13-19Game2, Pitch 063",Pitch,00:10:58.32,00:11:04.11,,,,,1,18 Lawter,,0-0,2,0,40,210,,22,,,18 Rayle,2,Virginia Tech Hokies,,Right,University of Virginia Cavaliers,Ball,,,Dropball,University of Virginia Cavaliers,Virginia Tech Hokies,0
64,"UVA4-13-19Game2, Pitch 064",Pitch,00:11:05.27,00:11:19.42,211,49,Rightfield,Homerun,2,18 Lawter,,1-0,2,0,78,75,1,23,,Ball in Play,18 Rayle,2,Virginia Tech Hokies,,Right,University of Virginia Cavaliers,,,,,University of Virginia Cavaliers,Virginia Tech Hokies,0
65,"UVA4-13-19Game2, Pitch 065",Pitch,00:11:20.20,00:11:25.43,,,,,1,4 Trull,,0-0,2,0,182,67,,1,,Take,12 Frei,3,Virginia Tech Hokies,,Left,University of Virginia Cavaliers,,,,Rise,University of Virginia Cavaliers,Virginia Tech Hokies,0
66,"UVA4-13-19Game2, Pitch 066",Pitch,00:11:27.37,00:11:33.27,,,,,2,4 Trull,,0-1,2,0,159,86,,2,,Take,12 Frei,3,Virginia Tech Hokies,,Left,University of Virginia Cavaliers,,,,,University of Virginia Cavaliers,Virginia Tech Hokies,0
67,"UVA4-13-19Game2, Pitch 067",Pitch,00:11:35.53,00:11:42.01,,,,,3,4 Trull,,0-2,2,0,206,158,,3,,,12 Frei,3,Virginia Tech Hokies,,Left,University of Virginia Cavaliers,Ball,,,,University of Virginia Cavaliers,Virginia Tech Hokies,0
68,"UVA4-13-19Game2, Pitch 068",Pitch,00:11:42.35,00:11:51.06,,,,,4,4 Trull,,1-2,2,0,180,144,,4,,Take,12 Frei,3,Virginia Tech Hokies,,Left,University of Virginia Cavaliers,,,,,University of Virginia Cavaliers,Virginia Tech Hokies,0
69,"UVA4-13-19Game2, Pitch 069",Pitch,00:11:55.47,00:12:02.03,,,,,1,29 Banks,,0-0,2,1,195,188,,5,,,12 Frei,3,Virginia Tech Hokies,,Left,University of Virginia Cavaliers,Ball,,,,University of Virginia Cavaliers,Virginia Tech Hokies,0
70,"UVA4-13-19Game2, Pitch 070",Pitch,00:12:06.48,00:12:13.16,,,,,2,29 Banks,,1-0,2,1,210,139,,6,,,12 Frei,3,Virginia Tech Hokies,,Left,University of Virginia Cavaliers,Ball,,,,University of Virginia Cavaliers,Virginia Tech Hokies,0
71,"UVA4-13-19Game2, Pitch 071",Pitch,00:12:14.00,00:12:20.44,185,197,Foul,,3,29 Banks,,2-0,2,1,172,142,,7,,Foul,12 Frei,3,Virginia Tech Hokies,,Left,University of Virginia Cavaliers,,,,,University of Virginia Cavaliers,Virginia Tech Hokies,0
72,"UVA4-13-19Game2, Pitch 072",Pitch,00:12:23.06,00:12:31.58,,,,,4,29 Banks,,2-1,2,1,172,155,,8,,Take,12 Frei,3,Virginia Tech Hokies,,Left,University of Virginia Cavaliers,,,,,University of Virginia Cavaliers,Virginia Tech Hokies,0
73,"UVA4-13-19Game2, Pitch 073",Pitch,00:12:32.31,00:12:40.15,65,179,Foul,,5,29 Banks,,2-2,2,1,162,87,,9,,Foul,12 Frei,3,Virginia Tech Hokies,,Left,University of Virginia Cavaliers,,,,,University of Virginia Cavaliers,Virginia Tech Hokies,0
74,"UVA4-13-19Game2, Pitch 074",Pitch,00:12:41.41,00:12:48.46,125,239,Foul,,6,29 Banks,,2-2,2,1,147,48,,10,,Foul,12 Frei,3,Virginia Tech Hokies,,Left,University of Virginia Cavaliers,,,,,University of Virginia Cavaliers,Virginia Tech Hokies,0
75,"UVA4-13-19Game2, Pitch 075",Pitch,00:12:49.50,00:12:56.22,,,,,7,29 Banks,,2-2,2,1,124,41,,11,,Swing,12 Frei,3,Virginia Tech Hokies,,Left,University of Virginia Cavaliers,,,,,University of Virginia Cavaliers,Virginia Tech Hokies,0
76,"UVA4-13-19Game2, Pitch 076",Pitch,00:12:57.60,00:13:04.56,,,,,1,2 Bailey,,0-0,2,2,67,89,,12,,Take,12 Frei,3,Virginia Tech Hokies,,Right,University of Virginia Cavaliers,,,,,University of Virginia Cavaliers,Virginia Tech Hokies,0
77,"UVA4-13-19Game2, Pitch 077",Pitch,00:13:05.28,00:13:18.16,213,120,Shallow Rightfield,Double,2,2 Bailey,,0-1,2,2,68,156,,13,,Ball in Play,12 Frei,3,Virginia Tech Hokies,,Right,University of Virginia Cavaliers,,,,,University of Virginia Cavaliers,Virginia Tech Hokies,0
78,"UVA4-13-19Game2, Pitch 078",Pitch,00:13:22.34,00:13:30.06,,,,,1,9 Velazquez,,0-0,2,2,178,107,,14,,Swing,12 Frei,3,Virginia Tech Hokies,,Left,University of Virginia Cavaliers,,,,,University of Virginia Cavaliers,Virginia Tech Hokies,0
79,"UVA4-13-19Game2, Pitch 079",Pitch,00:13:31.42,00:13:38.29,,,,,2,9 Velazquez,,0-1,2,2,205,99,,15,,Take,12 Frei,3,Virginia Tech Hokies,,Left,University of Virginia Cavaliers,,,,,University of Virginia Cavaliers,Virginia Tech Hokies,0
80,"UVA4-13-19Game2, Pitch 080",Pitch,00:13:40.16,00:13:46.29,,,,,3,9 Velazquez,,0-2,2,2,209,147,,16,,,12 Frei,3,Virginia Tech Hokies,,Left,University of Virginia Cavaliers,Ball,,,,University of Virginia Cavaliers,Virginia Tech Hokies,0
81,"UVA4-13-19Game2, Pitch 081",Pitch,00:13:49.09,00:13:55.58,,,,,4,9 Velazquez,,1-2,2,2,223,201,,17,,,12 Frei,3,Virginia Tech Hokies,,Left,University of Virginia Cavaliers,Ball,,,,University of Virginia Cavaliers,Virginia Tech Hokies,0
82,"UVA4-13-19Game2, Pitch 082",Pitch,00:13:56.37,00:14:03.25,77,237,Foul,,5,9 Velazquez,,2-2,2,2,175,88,,18,,Foul,12 Frei,3,Virginia Tech Hokies,,Left,University of Virginia Cavaliers,,,,,University of Virginia Cavaliers,Virginia Tech Hokies,0
83,"UVA4-13-19Game2, Pitch 083",Pitch,00:14:04.59,00:14:11.49,,,,,6,9 Velazquez,,2-2,2,2,215,164,,19,,,12 Frei,3,Virginia Tech Hokies,,Left,University of Virginia Cavaliers,Ball,,,,University of Virginia Cavaliers,Virginia Tech Hokies,0
84,"UVA4-13-19Game2, Pitch 084",Pitch,00:14:13.48,00:14:21.36,97,232,Foul,,7,9 Velazquez,,3-2,2,2,166,142,,20,,Foul,12 Frei,3,Virginia Tech Hokies,,Left,University of Virginia Cavaliers,,,,,University of Virginia Cavaliers,Virginia Tech Hokies,0
85,"UVA4-13-19Game2, Pitch 085",Pitch,00:14:22.57,00:14:31.15,100,169,Infield Left,,8,9 Velazquez,,3-2,2,2,182,144,,21,,Ball in Play,12 Frei,3,Virginia Tech Hokies,Ground,Left,University of Virginia Cavaliers,,,,,University of Virginia Cavaliers,Virginia Tech Hokies,0
86,"UVA4-13-19Game2, Pitch 086",Pitch,00:14:36.01,00:14:46.10,143,165,Infield Right,,1,27 Ritchie,,0-0,3,0,106,161,,41,,Ball in Play,25 Carrie,3,Virginia Tech Hokies,Pop up infield,Right,University of Virginia Cavaliers,,,,,Virginia Tech Hokies,University of Virginia Cavaliers,0
87,"UVA4-13-19Game2, Pitch 087",Pitch,00:14:49.05,00:14:56.23,,,,,1,10 Covington,,0-0,3,1,99,144,,42,,Take,25 Carrie,3,Virginia Tech Hokies,,Right,University of Virginia Cavaliers,,,,,Virginia Tech Hokies,University of Virginia Cavaliers,0
88,"UVA4-13-19Game2, Pitch 088",Pitch,00:14:58.24,00:15:05.29,,,,,2,10 Covington,,0-1,3,1,91,14,,43,,,25 Carrie,3,Virginia Tech Hokies,,Right,University of Virginia Cavaliers,Ball,,,,Virginia Tech Hokies,University of Virginia Cavaliers,0
89,"UVA4-13-19Game2, Pitch 089",Pitch,00:15:06.13,00:15:14.12,,,,,3,10 Covington,,1-1,3,1,39,38,,44,,,25 Carrie,3,Virginia Tech Hokies,,Right,University of Virginia Cavaliers,Ball,,,,Virginia Tech Hokies,University of Virginia Cavaliers,0
90,"UVA4-13-19Game2, Pitch 090",Pitch,00:15:14.58,00:15:22.37,190,174,Foul,,4,10 Covington,,2-1,3,1,59,130,,45,,Foul,25 Carrie,3,Virginia Tech Hokies,,Right,University of Virginia Cavaliers,,,,,Virginia Tech Hokies,University of Virginia Cavaliers,0
91,"UVA4-13-19Game2, Pitch 091",Pitch,00:15:23.49,00:15:31.48,209,206,Foul,,5,10 Covington,,2-2,3,1,93,170,,46,,Foul,25 Carrie,3,Virginia Tech Hokies,,Right,University of Virginia Cavaliers,,,,,Virginia Tech Hokies,University of Virginia Cavaliers,0
92,"UVA4-13-19Game2, Pitch 092",Pitch,00:15:32.30,00:15:43.47,9,135,Foul,,6,10 Covington,,2-2,3,1,135,157,,47,,Foul,25 Carrie,3,Virginia Tech Hokies,,Right,University of Virginia Cavaliers,,,,,Virginia Tech Hokies,University of Virginia Cavaliers,0
93,"UVA4-13-19Game2, Pitch 093",Pitch,00:15:45.02,00:15:51.49,180,231,Foul,,7,10 Covington,,2-2,3,1,171,75,,48,,Foul,25 Carrie,3,Virginia Tech Hokies,,Right,University of Virginia Cavaliers,,,,,Virginia Tech Hokies,University of Virginia Cavaliers,0
94,"UVA4-13-19Game2, Pitch 094",Pitch,00:15:54.03,00:16:01.41,,,,,8,10 Covington,,2-2,3,1,164,198,,49,,Foul,25 Carrie,3,Virginia Tech Hokies,,Right,University of Virginia Cavaliers,,,,,Virginia Tech Hokies,University of Virginia Cavaliers,0
95,"UVA4-13-19Game2, Pitch 095",Pitch,00:16:02.21,00:16:10.41,,,,,9,10 Covington,,2-2,3,1,53,80,,50,,Take,25 Carrie,3,Virginia Tech Hokies,,Right,University of Virginia Cavaliers,,,,,Virginia Tech Hokies,University of Virginia Cavaliers,0
96,"UVA4-13-19Game2, Pitch 096",Pitch,00:16:12.25,00:16:22.24,131,140,Infield Middle,Single,1,17 Busby,,0-0,3,2,103,137,,51,,Ball in Play,25 Carrie,3,Virginia Tech Hokies,Ground,Right,University of Virginia Cavaliers,,,,,Virginia Tech Hokies,University of Virginia Cavaliers,0
97,"UVA4-13-19Game2, Pitch 097",Pitch,00:16:27.05,00:16:33.13,,,,,1,24 Smith,,0-0,3,2,117,207,,52,,,25 Carrie,3,Virginia Tech Hokies,,Right,University of Virginia Cavaliers,Ball,,,,Virginia Tech Hokies,University of Virginia Cavaliers,0
98,"UVA4-13-19Game2, Pitch 098",Pitch,00:16:34.59,00:16:43.00,45,186,Foul,,2,24 Smith,,1-0,3,2,166,155,,53,,Foul,25 Carrie,3,Virginia Tech Hokies,,Right,University of Virginia Cavaliers,,,,,Virginia Tech Hokies,University of Virginia Cavaliers,0
99,"UVA4-13-19Game2, Pitch 099",Pitch,00:16:43.45,00:16:54.44,152,151,Infield Right,Single,3,24 Smith,,1-1,3,2,90,138,,54,,Ball in Play,25 Carrie,3,Virginia Tech Hokies,Ground,Right,University of Virginia Cavaliers,,,,,Virginia Tech Hokies,University of Virginia Cavaliers,0
100,"UVA4-13-19Game2, Pitch 100",Pitch,00:16:56.50,00:17:02.55,,,,,1,4 Gilbert,,0-0,3,2,34,103,,55,,,25 Carrie,3,Virginia Tech Hokies,,Right,University of Virginia Cavaliers,Ball,,,,Virginia Tech Hokies,University of Virginia Cavaliers,0
101,"UVA4-13-19Game2, Pitch 101",Pitch,00:17:05.36,00:17:15.32,174,127,Shallow Rightfield,,2,4 Gilbert,,1-0,3,2,134,75,,56,,Ball in Play,25 Carrie,3,Virginia Tech Hokies,Fly,Right,University of Virginia Cavaliers,,,,,Virginia Tech Hokies,University of Virginia Cavaliers,0
102,"UVA4-13-19Game2, Pitch 102",Pitch,00:17:18.27,00:17:25.32,145,233,Foul,,1,13 Caitlyn,,0-0,3,0,57,149,,22,,Foul,12 Frei,3,Virginia Tech Hokies,,Right,University of Virginia Cavaliers,,,,,University of Virginia Cavaliers,Virginia Tech Hokies,0
103,"UVA4-13-19Game2, Pitch 103",Pitch,00:17:26.07,00:17:33.36,,,,,2,13 Caitlyn,,0-1,3,0,24,111,,23,,,12 Frei,3,Virginia Tech Hokies,,Right,University of Virginia Cavaliers,Ball,,,,University of Virginia Cavaliers,Virginia Tech Hokies,0
104,"UVA4-13-19Game2, Pitch 104",Pitch,00:17:34.30,00:17:39.38,,,,,3,13 Caitlyn,,1-1,3,0,33,180,,24,,,12 Frei,3,Virginia Tech Hokies,,Right,University of Virginia Cavaliers,Ball,,,,University of Virginia Cavaliers,Virginia Tech Hokies,0
105,"UVA4-13-19Game2, Pitch 105",Pitch,00:17:41.12,00:17:47.13,179,239,Foul,,4,13 Caitlyn,,2-1,3,0,48,158,,25,,Foul,12 Frei,3,Virginia Tech Hokies,,Right,University of Virginia Cavaliers,,,,,University of Virginia Cavaliers,Virginia Tech Hokies,0
106,"UVA4-13-19Game2, Pitch 106",Pitch,00:17:47.44,00:17:53.07,,,,,5,13 Caitlyn,,2-2,3,0,22,53,,26,,,12 Frei,3,Virginia Tech Hokies,,Right,University of Virginia Cavaliers,Ball,,,,University of Virginia Cavaliers,Virginia Tech Hokies,0
107,"UVA4-13-19Game2, Pitch 107",Pitch,00:17:55.11,00:18:05.13,108,133,Infield Middle,Single,6,13 Caitlyn,,3-2,3,0,82,192,,27,,Ball in Play,12 Frei,3,Virginia Tech Hokies,Ground,Right,University of Virginia Cavaliers,,,,,University of Virginia Cavaliers,Virginia Tech Hokies,0
108,"UVA4-13-19Game2, Pitch 108",Pitch,00:18:06.03,00:18:11.54,,,,,1,14 Emma,,0-0,3,0,65,179,,28,,Foul,12 Frei,3,Virginia Tech Hokies,,Right,University of Virginia Cavaliers,,,,,University of Virginia Cavaliers,Virginia Tech Hokies,0
109,"UVA4-13-19Game2, Pitch 109",Pitch,00:18:13.49,00:18:20.09,,,,,2,14 Emma,,0-1,3,0,26,211,,29,,,12 Frei,3,Virginia Tech Hokies,,Right,University of Virginia Cavaliers,Ball,,,,University of Virginia Cavaliers,Virginia Tech Hokies,0
110,"UVA4-13-19Game2, Pitch 110",Pitch,00:18:21.27,00:18:26.46,,,,,3,14 Emma,,1-1,3,0,168,133,,30,,Take,12 Frei,3,Virginia Tech Hokies,,Right,University of Virginia Cavaliers,,,,,University of Virginia Cavaliers,Virginia Tech Hokies,0
111,"UVA4-13-19Game2, Pitch 111",Pitch,00:18:28.59,00:18:35.26,,,,,4,14 Emma,,1-2,3,0,28,148,,31,,Swing,12 Frei,3,Virginia Tech Hokies,,Right,University of Virginia Cavaliers,,,,,University of Virginia Cavaliers,Virginia Tech Hokies,0
112,"UVA4-13-19Game2, Pitch 112",Pitch,00:18:36.56,00:18:42.58,,,,,1,8 Bennett,,0-0,3,1,128,89,,32,,Take,12 Frei,3,Virginia Tech Hokies,,Right,University of Virginia Cavaliers,,,,,University of Virginia Cavaliers,Virginia Tech Hokies,0
113,"UVA4-13-19Game2, Pitch 113",Pitch,00:18:45.15,00:18:52.60,,,,,2,8 Bennett,,0-1,3,1,171,102,,33,,Foul,12 Frei,3,Virginia Tech Hokies,,Right,University of Virginia Cavaliers,,,,,University of Virginia Cavaliers,Virginia Tech Hokies,0
114,"UVA4-13-19Game2, Pitch 114",Pitch,00:18:53.40,00:19:01.44,,,,,3,8 Bennett,,0-2,3,1,207,37,,34,,,12 Frei,3,Virginia Tech Hokies,,Right,University of Virginia Cavaliers,Ball,,,,University of Virginia Cavaliers,Virginia Tech Hokies,0
115,"UVA4-13-19Game2, Pitch 115",Pitch,00:19:05.22,00:19:12.26,,,,,4,8 Bennett,,1-2,3,1,109,9,,35,,,12 Frei,3,Virginia Tech Hokies,,Right,University of Virginia Cavaliers,Ball,,,,University of Virginia Cavaliers,Virginia Tech Hokies,0
116,"UVA4-13-19Game2, Pitch 116",Pitch,00:19:13.24,00:19:19.16,,,,,5,8 Bennett,,2-2,3,1,195,221,,36,,,12 Frei,3,Virginia Tech Hokies,,Right,University of Virginia Cavaliers,Ball,,,,University of Virginia Cavaliers,Virginia Tech Hokies,0
117,"UVA4-13-19Game2, Pitch 117",Pitch,00:19:20.06,00:19:31.23,97,168,Infield Left,,6,8 Bennett,,3-2,3,1,145,76,,37,,Ball in Play,12 Frei,3,Virginia Tech Hokies,Pop up infield,Right,University of Virginia Cavaliers,,,,,University of Virginia Cavaliers,Virginia Tech Hokies,0
118,"UVA4-13-19Game2, Pitch 118",Pitch,00:19:34.23,00:19:39.49,,,,,1,28 Chavez,,0-0,3,2,31,175,,38,,Take,12 Frei,3,Virginia Tech Hokies,,Right,University of Virginia Cavaliers,,,,,University of Virginia Cavaliers,Virginia Tech Hokies,0
119,"UVA4-13-19Game2, Pitch 119",Pitch,00:19:44.23,00:19:50.18,,,,,2,28 Chavez,,0-1,3,2,92,229,,39,,,12 Frei,3,Virginia Tech Hokies,,Right,University of Virginia Cavaliers,Ball,,,,University of Virginia Cavaliers,Virginia Tech Hokies,0
120,"UVA4-13-19Game2, Pitch 120",Pitch,00:19:51.27,00:20:02.27,,,,,3,28 Chavez,,1-1,3,2,122,210,,40,,Foul,12 Frei,3,Virginia Tech Hokies,,Right,University of Virginia Cavaliers,,,,Dropball,University of Virginia Cavaliers,Virginia Tech Hokies,0
121,"UVA4-13-19Game2, Pitch 121",Pitch,00:20:03.13,00:20:09.59,,,,,4,28 Chavez,,1-2,3,2,24,197,,41,,Swing,12 Frei,3,Virginia Tech Hokies,,Right,University of Virginia Cavaliers,,,,,University of Virginia Cavaliers,Virginia Tech Hokies,0
122,"UVA4-13-19Game2, Pitch 122",Pitch,00:20:13.58,00:20:19.14,,,,,1,88 Gott,,0-0,4,0,128,42,,57,,Swing,25 Carrie,3,Virginia Tech Hokies,,Right,University of Virginia Cavaliers,,,,Rise,Virginia Tech Hokies,University of Virginia Cavaliers,0
123,"UVA4-13-19Game2, Pitch 123",Pitch,00:20:22.18,00:20:29.10,,,,,2,88 Gott,,0-1,4,0,183,38,,58,,,25 Carrie,3,Virginia Tech Hokies,,Right,University of Virginia Cavaliers,Ball,,,Rise,Virginia Tech Hokies,University of Virginia Cavaliers,0
124,"UVA4-13-19Game2, Pitch 124",Pitch,00:20:31.55,00:20:42.47,94,210,Foul,,3,88 Gott,,1-1,4,0,158,113,,59,,Ball in Play,25 Carrie,3,Virginia Tech Hokies,Pop up catcher,Right,University of Virginia Cavaliers,,,,,Virginia Tech Hokies,University of Virginia Cavaliers,0
125,"UVA4-13-19Game2, Pitch 125",Pitch,00:20:44.35,00:20:51.46,,,,,1,19 Osherow,,0-0,4,1,73,168,,60,,Take,25 Carrie,3,Virginia Tech Hokies,,Right,University of Virginia Cavaliers,,,,Dropball,Virginia Tech Hokies,University of Virginia Cavaliers,0
126,"UVA4-13-19Game2, Pitch 126",Pitch,00:20:54.17,00:21:01.32,,,,,2,19 Osherow,,0-1,4,1,37,143,,61,,,25 Carrie,3,Virginia Tech Hokies,,Right,University of Virginia Cavaliers,Ball,,,,Virginia Tech Hokies,University of Virginia Cavaliers,0
127,"UVA4-13-19Game2, Pitch 127",Pitch,00:21:02.51,00:21:14.24,149,102,Shallow Centerfield,,3,19 Osherow,,1-1,4,1,75,61,,62,,Ball in Play,25 Carrie,3,Virginia Tech Hokies,Fly,Right,University of Virginia Cavaliers,,,,,Virginia Tech Hokies,University of Virginia Cavaliers,0
128,"UVA4-13-19Game2, Pitch 128",Pitch,00:21:15.06,00:21:22.01,,,,,1,14 Barber,,0-0,4,2,103,65,,63,,Take,25 Carrie,3,Virginia Tech Hokies,,Left,University of Virginia Cavaliers,,,,Dropball,Virginia Tech Hokies,University of Virginia Cavaliers,0
129,"UVA4-13-19Game2, Pitch 129",Pitch,00:21:26.14,00:21:33.29,,,,,2,14 Barber,,0-1,4,2,112,25,,64,,,25 Carrie,3,Virginia Tech Hokies,,Left,University of Virginia Cavaliers,Ball,,,Rise,Virginia Tech Hokies,University of Virginia Cavaliers,0
130,"UVA4-13-19Game2, Pitch 130",Pitch,00:21:34.12,00:21:44.02,,,,,3,14 Barber,,1-1,4,2,167,156,,65,,Foul,25 Carrie,3,Virginia Tech Hokies,,Left,University of Virginia Cavaliers,,,,,Virginia Tech Hokies,University of Virginia Cavaliers,0
131,"UVA4-13-19Game2, Pitch 131",Pitch,00:21:44.55,00:21:53.31,,,,,4,14 Barber,,1-2,4,2,116,75,,66,,Foul,25 Carrie,3,Virginia Tech Hokies,,Left,University of Virginia Cavaliers,,,,,Virginia Tech Hokies,University of Virginia Cavaliers,0
132,"UVA4-13-19Game2, Pitch 132",Pitch,00:21:53.59,00:22:04.58,121,110,Shallow Centerfield,,5,14 Barber,,1-2,4,2,122,71,,67,,Ball in Play,25 Carrie,3,Virginia Tech Hokies,Fly,Left,University of Virginia Cavaliers,,,,,Virginia Tech Hokies,University of Virginia Cavaliers,0
133,"UVA4-13-19Game2, Pitch 133",Pitch,00:22:07.20,00:22:14.40,107,164,Infield Left,,1,18 Lawter,,0-0,4,0,75,193,,42,,Ball in Play,12 Frei,3,Virginia Tech Hokies,,Right,University of Virginia Cavaliers,,,,,University of Virginia Cavaliers,Virginia Tech Hokies,0
134,"UVA4-13-19Game2, Pitch 134",Pitch,00:22:20.26,00:22:26.40,,,,,1,4 Trull,,0-0,4,0,193,221,,43,,,12 Frei,3,Virginia Tech Hokies,,Left,University of Virginia Cavaliers,Ball,,,,University of Virginia Cavaliers,Virginia Tech Hokies,0
135,"UVA4-13-19Game2, Pitch 135",Pitch,00:22:27.48,00:22:33.50,,,,,2,4 Trull,,1-0,4,0,155,65,,44,,Take,12 Frei,3,Virginia Tech Hokies,,Left,University of Virginia Cavaliers,,,,,University of Virginia Cavaliers,Virginia Tech Hokies,0
136,"UVA4-13-19Game2, Pitch 136",Pitch,00:22:36.21,00:22:42.40,,,,,3,4 Trull,,1-1,4,0,198,178,,45,,,12 Frei,3,Virginia Tech Hokies,,Left,University of Virginia Cavaliers,Ball,,,,University of Virginia Cavaliers,Virginia Tech Hokies,0
137,"UVA4-13-19Game2, Pitch 137",Pitch,00:22:45.10,00:22:54.35,,,,,4,4 Trull,,2-1,4,0,184,184,,46,,Take,12 Frei,3,Virginia Tech Hokies,,Left,University of Virginia Cavaliers,,,,,University of Virginia Cavaliers,Virginia Tech Hokies,0
138,"UVA4-13-19Game2, Pitch 138",Pitch,00:23:00.33,00:23:07.49,,,,,5,4 Trull,,2-2,4,0,159,79,,47,,Foul,12 Frei,3,Virginia Tech Hokies,,Left,University of Virginia Cavaliers,,,,,University of Virginia Cavaliers,Virginia Tech Hokies,0
139,"UVA4-13-19Game2, Pitch 139",Pitch,00:23:09.30,00:23:19.43,91,169,Infield Left,,6,4 Trull,,2-2,4,0,181,162,,48,,Ball in Play,12 Frei,3,Virginia Tech Hokies,Ground,Left,University of Virginia Cavaliers,,,,,University of Virginia Cavaliers,Virginia Tech Hokies,0
140,"UVA4-13-19Game2, Pitch 140",Pitch,00:23:22.00,00:23:27.40,,,,,1,29 Banks,,0-0,4,1,214,151,,49,,,12 Frei,3,Virginia Tech Hokies,,Left,University of Virginia Cavaliers,Ball,,,,University of Virginia Cavaliers,Virginia Tech Hokies,0
141,"UVA4-13-19Game2, Pitch 141",Pitch,00:23:29.45,00:23:36.03,,,,,2,29 Banks,,1-0,4,1,167,150,,50,,Foul,12 Frei,3,Virginia Tech Hokies,,Left,University of Virginia Cavaliers,,,,,University of Virginia Cavaliers,Virginia Tech Hokies,0
142,"UVA4-13-19Game2, Pitch 142",Pitch,00:23:37.18,00:23:43.16,,,,,3,29 Banks,,1-1,4,1,184,154,,51,,Foul,12 Frei,3,Virginia Tech Hokies,,Left,University of Virginia Cavaliers,,,,,University of Virginia Cavaliers,Virginia Tech Hokies,0
143,"UVA4-13-19Game2, Pitch 143",Pitch,00:23:46.21,00:23:54.10,,,,,4,29 Banks,,1-2,4,1,205,159,,52,,Swing,12 Frei,3,Virginia Tech Hokies,,Left,University of Virginia Cavaliers,,,,,University of Virginia Cavaliers,Virginia Tech Hokies,0
144,"UVA4-13-19Game2, Pitch 144",Pitch,00:23:55.59,00:24:02.12,,,,,1,2 Bailey,,0-0,4,2,156,163,,53,,Take,12 Frei,3,Virginia Tech Hokies,,Right,University of Virginia Cavaliers,,,,,University of Virginia Cavaliers,Virginia Tech Hokies,0
145,"UVA4-13-19Game2, Pitch 145",Pitch,00:24:04.30,00:24:09.49,,,,,2,2 Bailey,,0-1,4,2,65,224,,54,,,12 Frei,3,Virginia Tech Hokies,,Right,University of Virginia Cavaliers,Ball,,,,University of Virginia Cavaliers,Virginia Tech Hokies,0
146,"UVA4-13-19Game2, Pitch 146",Pitch,00:24:11.30,00:24:19.09,,,,,3,2 Bailey,,1-1,4,2,197,220,,55,,,12 Frei,3,Virginia Tech Hokies,,Right,University of Virginia Cavaliers,Ball,,,,University of Virginia Cavaliers,Virginia Tech Hokies,0
147,"UVA4-13-19Game2, Pitch 147",Pitch,00:24:19.48,00:24:25.44,,,,,4,2 Bailey,,2-1,4,2,175,229,,56,,,12 Frei,3,Virginia Tech Hokies,,Right,University of Virginia Cavaliers,Ball,,,,University of Virginia Cavaliers,Virginia Tech Hokies,0
148,"UVA4-13-19Game2, Pitch 148",Pitch,00:24:27.22,00:24:35.25,,,,,5,2 Bailey,,3-1,4,2,75,91,,57,,Foul,12 Frei,3,Virginia Tech Hokies,,Right,University of Virginia Cavaliers,,,,,University of Virginia Cavaliers,Virginia Tech Hokies,0
149,"UVA4-13-19Game2, Pitch 149",Pitch,00:24:36.32,00:24:43.46,,,,,6,2 Bailey,,3-2,4,2,160,144,,58,,Foul,12 Frei,3,Virginia Tech Hokies,,Right,University of Virginia Cavaliers,,,,,University of Virginia Cavaliers,Virginia Tech Hokies,0
150,"UVA4-13-19Game2, Pitch 150",Pitch,00:24:44.29,00:24:50.03,,,,,7,2 Bailey,,3-2,4,2,78,98,,59,,Swing,12 Frei,3,Virginia Tech Hokies,,Right,University of Virginia Cavaliers,,,,,University of Virginia Cavaliers,Virginia Tech Hokies,0
151,"UVA4-13-19Game2, Pitch 151",Pitch,00:24:51.59,00:24:59.29,,,,,1,15 Davis,,0-0,5,0,137,91,,68,,Swing,25 Carrie,3,Virginia Tech Hokies,,Right,University of Virginia Cavaliers,,,,,Virginia Tech Hokies,University of Virginia Cavaliers,0
152,"UVA4-13-19Game2, Pitch 152",Pitch,00:25:00.58,00:25:09.31,,,,,2,15 Davis,,0-1,5,0,161,70,,69,,Foul,25 Carrie,3,Virginia Tech Hokies,,Right,University of Virginia Cavaliers,,,,,Virginia Tech Hokies,University of Virginia Cavaliers,0
153,"UVA4-13-19Game2, Pitch 153",Pitch,00:25:10.27,00:25:17.09,,,,,3,15 Davis,,0-2,5,0,41,161,,70,,,25 Carrie,3,Virginia Tech Hokies,,Right,University of Virginia Cavaliers,Ball,,,,Virginia Tech Hokies,University of Virginia Cavaliers,0
154,"UVA4-13-19Game2, Pitch 154",Pitch,00:25:17.50,00:25:26.09,,,,,4,15 Davis,,1-2,5,0,205,221,,71,,,25 Carrie,3,Virginia Tech Hokies,,Right,University of Virginia Cavaliers,Ball,,,,Virginia Tech Hokies,University of Virginia Cavaliers,0
155,"UVA4-13-19Game2, Pitch 155",Pitch,00:25:26.21,00:25:35.59,144,159,Infield Right,,5,15 Davis,,2-2,5,0,144,138,,72,,Ball in Play,25 Carrie,3,Virginia Tech Hokies,Ground,Right,University of Virginia Cavaliers,,,,,Virginia Tech Hokies,University of Virginia Cavaliers,0
156,"UVA4-13-19Game2, Pitch 156",Pitch,00:25:40.55,00:25:49.37,131,190,Short infield,,1,27 Ritchie,,0-0,5,1,139,130,,73,,Ball in Play,25 Carrie,3,Virginia Tech Hokies,Ground,Right,University of Virginia Cavaliers,,,,,Virginia Tech Hokies,University of Virginia Cavaliers,0
157,"UVA4-13-19Game2, Pitch 157",Pitch,00:25:53.51,00:26:07.06,128,151,Infield Middle,Single,1,10 Covington,,0-0,5,2,88,153,,74,,Ball in Play,25 Carrie,3,Virginia Tech Hokies,Ground,Right,University of Virginia Cavaliers,,,,,Virginia Tech Hokies,University of Virginia Cavaliers,0
158,"UVA4-13-19Game2, Pitch 158",Pitch,00:26:15.07,00:26:25.36,99,162,Infield Left,,1,17 Busby,,0-0,5,2,127,57,,75,,Ball in Play,25 Carrie,3,Virginia Tech Hokies,Pop up infield,Right,University of Virginia Cavaliers,,,,,Virginia Tech Hokies,University of Virginia Cavaliers,0
159,"UVA4-13-19Game2, Pitch 159",Pitch,00:26:30.02,00:26:35.59,,,,,1,9 Velazquez,,0-0,5,0,168,140,,60,,Take,12 Frei,3,Virginia Tech Hokies,,Left,University of Virginia Cavaliers,,,,,University of Virginia Cavaliers,Virginia Tech Hokies,0
160,"UVA4-13-19Game2, Pitch 160",Pitch,00:26:38.44,00:26:45.34,,,,,2,9 Velazquez,,0-1,5,0,184,157,,61,,,12 Frei,3,Virginia Tech Hokies,,Left,University of Virginia Cavaliers,Ball,,,,University of Virginia Cavaliers,Virginia Tech Hokies,0
161,"UVA4-13-19Game2, Pitch 161",Pitch,00:26:47.41,00:26:55.26,,,,,3,9 Velazquez,,1-1,5,0,201,162,,62,,,12 Frei,3,Virginia Tech Hokies,,Left,University of Virginia Cavaliers,Ball,,,,University of Virginia Cavaliers,Virginia Tech Hokies,0
162,"UVA4-13-19Game2, Pitch 162",Pitch,00:26:56.03,00:27:09.13,167,68,Shallow Centerfield,Double,4,9 Velazquez,,2-1,5,0,153,142,,63,,Ball in Play,12 Frei,3,Virginia Tech Hokies,,Left,University of Virginia Cavaliers,,,,,University of Virginia Cavaliers,Virginia Tech Hokies,0
163,"UVA4-13-19Game2, Pitch 163",Pitch,00:27:11.03,00:27:17.28,,,,,1,13 Caitlyn,,0-0,5,0,145,30,,64,,,12 Frei,3,Virginia Tech Hokies,,Right,University of Virginia Cavaliers,Ball,,,Rise,University of Virginia Cavaliers,Virginia Tech Hokies,0
164,"UVA4-13-19Game2, Pitch 164",Pitch,00:27:18.19,00:27:25.06,,,,,2,13 Caitlyn,,1-0,5,0,65,236,,65,,,12 Frei,3,Virginia Tech Hokies,,Right,University of Virginia Cavaliers,Ball,,,,University of Virginia Cavaliers,Virginia Tech Hokies,0
165,"UVA4-13-19Game2, Pitch 165",Pitch,00:27:25.40,00:27:32.51,,,,,3,13 Caitlyn,,2-0,5,0,21,112,,66,,,12 Frei,3,Virginia Tech Hokies,,Right,University of Virginia Cavaliers,Ball,,,,University of Virginia Cavaliers,Virginia Tech Hokies,0
166,"UVA4-13-19Game2, Pitch 166",Pitch,00:27:33.37,00:27:39.50,,,,,4,13 Caitlyn,,3-0,5,0,64,142,,67,,Foul,12 Frei,3,Virginia Tech Hokies,,Right,University of Virginia Cavaliers,,,,,University of Virginia Cavaliers,Virginia Tech Hokies,0
167,"UVA4-13-19Game2, Pitch 167",Pitch,00:27:40.30,00:27:51.14,,,,,5,13 Caitlyn,,3-1,5,0,164,222,,68,,,12 Frei,3,Virginia Tech Hokies,,Right,University of Virginia Cavaliers,Ball,,,,University of Virginia Cavaliers,Virginia Tech Hokies,0
168,"UVA4-13-19Game2, Pitch 168",Pitch,00:27:52.23,00:27:59.19,,,,,1,14 Emma,,0-0,5,0,78,147,,69,,Take,12 Frei,3,Virginia Tech Hokies,,Right,University of Virginia Cavaliers,,,,,University of Virginia Cavaliers,Virginia Tech Hokies,0
169,"UVA4-13-19Game2, Pitch 169",Pitch,00:28:04.13,00:28:11.45,,,,,2,14 Emma,,0-1,5,0,36,214,,70,,,12 Frei,3,Virginia Tech Hokies,,Right,University of Virginia Cavaliers,Ball,,,,University of Virginia Cavaliers,Virginia Tech Hokies,0
170,"UVA4-13-19Game2, Pitch 170",Pitch,00:28:12.34,00:28:20.54,,,,,3,14 Emma,,1-1,5,0,197,160,,71,,,12 Frei,3,Virginia Tech Hokies,,Right,University of Virginia Cavaliers,Ball,,,,University of Virginia Cavaliers,Virginia Tech Hokies,0
171,"UVA4-13-19Game2, Pitch 171",Pitch,00:28:21.42,00:28:33.42,148,163,Infield Right,,4,14 Emma,,2-1,5,0,76,153,,72,,Ball in Play,12 Frei,3,Virginia Tech Hokies,Ground,Right,University of Virginia Cavaliers,,,,,University of Virginia Cavaliers,Virginia Tech Hokies,0
172,"UVA4-13-19Game2, Pitch 172",Pitch,00:28:34.49,00:28:40.17,,,,,1,8 Bennett,,0-0,5,1,165,27,,73,,,12 Frei,3,Virginia Tech Hokies,,Right,University of Virginia Cavaliers,Ball,,,,University of Virginia Cavaliers,Virginia Tech Hokies,0
173,"UVA4-13-19Game2, Pitch 173",Pitch,00:28:42.09,00:28:48.01,,,,,2,8 Bennett,,1-0,5,1,186,162,,74,,,12 Frei,3,Virginia Tech Hokies,,Right,University of Virginia Cavaliers,Ball,,,,University of Virginia Cavaliers,Virginia Tech Hokies,0
174,"UVA4-13-19Game2, Pitch 174",Pitch,00:28:48.45,00:29:05.15,61,64,Leftfield,Double,3,8 Bennett,,2-0,5,1,148,65,2,75,,Ball in Play,12 Frei,3,Virginia Tech Hokies,Fly,Right,University of Virginia Cavaliers,,,,,University of Virginia Cavaliers,Virginia Tech Hokies,0
175,"UVA4-13-19Game2, Pitch 175",Pitch,00:29:13.37,00:29:20.49,,,,,1,16 Slaw,,0-0,5,1,207,143,,76,,,12 Frei,5,Virginia Tech Hokies,,Left,University of Virginia Cavaliers,Ball,,,,University of Virginia Cavaliers,Virginia Tech Hokies,0
176,"UVA4-13-19Game2, Pitch 176",Pitch,00:29:21.24,00:29:32.04,28,56,Leftfield,Homerun,2,16 Slaw,,1-0,5,1,174,125,2,77,,Ball in Play,12 Frei,5,Virginia Tech Hokies,Fly,Right,University of Virginia Cavaliers,,,,,University of Virginia Cavaliers,Virginia Tech Hokies,0
177,"UVA4-13-19Game2, Pitch 177",Pitch,00:29:32.36,00:29:38.42,,,,,1,18 Lawter,,0-0,5,1,28,114,,78,,,12 Frei,7,Virginia Tech Hokies,,Right,University of Virginia Cavaliers,Ball,,,,University of Virginia Cavaliers,Virginia Tech Hokies,0
178,"UVA4-13-19Game2, Pitch 178",Pitch,00:29:39.32,00:29:45.24,,,,,2,18 Lawter,,1-0,5,1,37,85,,79,,,12 Frei,7,Virginia Tech Hokies,,Right,University of Virginia Cavaliers,Ball,,,,University of Virginia Cavaliers,Virginia Tech Hokies,0
179,"UVA4-13-19Game2, Pitch 179",Pitch,00:29:46.58,00:29:58.53,171,114,Shallow Rightfield,,3,18 Lawter,,2-0,5,1,87,102,,80,,Ball in Play,12 Frei,7,Virginia Tech Hokies,Fly,Right,University of Virginia Cavaliers,,,,,University of Virginia Cavaliers,Virginia Tech Hokies,0
180,"UVA4-13-19Game2, Pitch 180",Pitch,00:29:59.41,00:30:05.46,,,,,1,11 Davis,,0-0,5,2,65,188,,81,,,12 Frei,7,Virginia Tech Hokies,,Left,University of Virginia Cavaliers,Ball,,,,University of Virginia Cavaliers,Virginia Tech Hokies,0
181,"UVA4-13-19Game2, Pitch 181",Pitch,00:30:06.21,00:30:14.17,,,,,2,11 Davis,,1-0,5,2,51,127,,82,,Take,12 Frei,7,Virginia Tech Hokies,,Right,University of Virginia Cavaliers,,,,,University of Virginia Cavaliers,Virginia Tech Hokies,0
182,"UVA4-13-19Game2, Pitch 182",Pitch,00:30:15.06,00:30:20.36,,,,,3,11 Davis,,1-1,5,2,34,148,,83,,,12 Frei,7,Virginia Tech Hokies,,Right,University of Virginia Cavaliers,Ball,,,,University of Virginia Cavaliers,Virginia Tech Hokies,0
183,"UVA4-13-19Game2, Pitch 183",Pitch,00:30:21.27,00:30:27.32,,,,,4,11 Davis,,2-1,5,2,36,157,,84,,Swing,12 Frei,7,Virginia Tech Hokies,,Right,University of Virginia Cavaliers,,,,,University of Virginia Cavaliers,Virginia Tech Hokies,0
184,"UVA4-13-19Game2, Pitch 184",Pitch,00:30:29.08,00:30:35.55,,,,,5,11 Davis,,2-2,5,2,39,156,,85,,,12 Frei,7,Virginia Tech Hokies,,Right,University of Virginia Cavaliers,Ball,,,,University of Virginia Cavaliers,Virginia Tech Hokies,0
185,"UVA4-13-19Game2, Pitch 185",Pitch,00:30:36.43,00:30:44.17,,,,,6,11 Davis,,3-2,5,2,65,168,,86,,Swing,12 Frei,7,Virginia Tech Hokies,,Right,University of Virginia Cavaliers,,,,,University of Virginia Cavaliers,Virginia Tech Hokies,0
186,"UVA4-13-19Game2, Pitch 186",Pitch,00:30:45.07,00:30:51.56,,,,,1,24 Smith,,0-0,6,0,146,67,,76,,Take,25 Carrie,7,Virginia Tech Hokies,,Right,University of Virginia Cavaliers,,,,,Virginia Tech Hokies,University of Virginia Cavaliers,0
187,"UVA4-13-19Game2, Pitch 187",Pitch,00:30:52.56,00:31:00.13,,,,,2,24 Smith,,0-1,6,0,144,118,,77,,Foul,25 Carrie,7,Virginia Tech Hokies,,Right,University of Virginia Cavaliers,,,,,Virginia Tech Hokies,University of Virginia Cavaliers,0
188,"UVA4-13-19Game2, Pitch 188",Pitch,00:31:02.09,00:31:08.34,,,,,3,24 Smith,,0-2,6,0,20,79,,78,,,25 Carrie,7,Virginia Tech Hokies,,Right,University of Virginia Cavaliers,Ball,,,,Virginia Tech Hokies,University of Virginia Cavaliers,0
189,"UVA4-13-19Game2, Pitch 189",Pitch,00:31:10.03,00:31:17.07,,,,,4,24 Smith,,1-2,6,0,101,221,,79,,,25 Carrie,7,Virginia Tech Hokies,,Right,University of Virginia Cavaliers,Ball,,,,Virginia Tech Hokies,University of Virginia Cavaliers,0
190,"UVA4-13-19Game2, Pitch 190",Pitch,00:31:18.06,00:31:30.27,138,158,Infield Middle,,5,24 Smith,,2-2,6,0,84,185,,80,,Ball in Play,25 Carrie,7,Virginia Tech Hokies,Ground,Right,University of Virginia Cavaliers,,,,,Virginia Tech Hokies,University of Virginia Cavaliers,0
191,"UVA4-13-19Game2, Pitch 191",Pitch,00:31:32.01,00:31:43.13,110,159,Infield Middle,,1,4 Gilbert,,0-0,6,1,164,123,,81,,Ball in Play,25 Carrie,7,Virginia Tech Hokies,Ground,Right,University of Virginia Cavaliers,,,,,Virginia Tech Hokies,University of Virginia Cavaliers,0
192,"UVA4-13-19Game2, Pitch 192",Pitch,00:31:54.46,00:32:05.49,,,,,1,88 Gott,,0-0,6,2,133,134,,82,,Foul,25 Carrie,7,Virginia Tech Hokies,,Right,University of Virginia Cavaliers,,,,,Virginia Tech Hokies,University of Virginia Cavaliers,0
193,"UVA4-13-19Game2, Pitch 193",Pitch,00:32:06.46,00:32:17.56,125,187,Infield Middle,,2,88 Gott,,0-1,6,2,165,162,,83,,Ball in Play,25 Carrie,7,Virginia Tech Hokies,Ground,Right,University of Virginia Cavaliers,,,,,Virginia Tech Hokies,University of Virginia Cavaliers,0
194,"UVA4-13-19Game2, Pitch 194",Pitch,00:32:18.55,00:32:28.40,138,162,Infield Middle,,1,31 Addington,,0-0,6,0,87,162,,87,,Ball in Play,12 Frei,7,Virginia Tech Hokies,Ground,Right,University of Virginia Cavaliers,,,,,University of Virginia Cavaliers,Virginia Tech Hokies,0
195,"UVA4-13-19Game2, Pitch 195",Pitch,00:32:29.31,00:32:35.04,,,,,1,2 Bailey,,0-0,6,1,197,89,,88,,,12 Frei,7,Virginia Tech Hokies,,Right,University of Virginia Cavaliers,Ball,,,,University of Virginia Cavaliers,Virginia Tech Hokies,0
196,"UVA4-13-19Game2, Pitch 196",Pitch,00:32:37.20,00:32:43.31,,,,,2,2 Bailey,,1-0,6,1,66,223,,89,,,12 Frei,7,Virginia Tech Hokies,,Right,University of Virginia Cavaliers,Ball,,,,University of Virginia Cavaliers,Virginia Tech Hokies,0
197,"UVA4-13-19Game2, Pitch 197",Pitch,00:32:44.27,00:32:51.06,,,,,3,2 Bailey,,2-0,6,1,27,80,,90,,,12 Frei,7,Virginia Tech Hokies,,Right,University of Virginia Cavaliers,Ball,,,,University of Virginia Cavaliers,Virginia Tech Hokies,0
198,"UVA4-13-19Game2, Pitch 198",Pitch,00:32:52.25,00:32:58.17,,,,,4,2 Bailey,,3-0,6,1,49,127,,91,,Take,12 Frei,7,Virginia Tech Hokies,,Right,University of Virginia Cavaliers,,,,,University of Virginia Cavaliers,Virginia Tech Hokies,0
199,"UVA4-13-19Game2, Pitch 199",Pitch,00:33:01.11,00:33:11.05,104,162,Infield Left,,5,2 Bailey,,3-1,6,1,97,171,,92,,Ball in Play,12 Frei,7,Virginia Tech Hokies,Ground,Right,University of Virginia Cavaliers,,,,,University of Virginia Cavaliers,Virginia Tech Hokies,0
200,"UVA4-13-19Game2, Pitch 200",Pitch,00:33:12.12,00:33:18.30,,,,,1,9 Velazquez,,0-0,6,2,179,177,,93,,,12 Frei,7,Virginia Tech Hokies,,Left,University of Virginia Cavaliers,Ball,,,,University of Virginia Cavaliers,Virginia Tech Hokies,0
201,"UVA4-13-19Game2, Pitch 201",Pitch,00:33:19.42,00:33:27.22,,,,,2,9 Velazquez,,1-0,6,2,13,83,,94,,,12 Frei,7,Virginia Tech Hokies,,Left,University of Virginia Cavaliers,Ball,,,,University of Virginia Cavaliers,Virginia Tech Hokies,0
202,"UVA4-13-19Game2, Pitch 202",Pitch,00:33:29.03,00:33:34.42,,,,,3,9 Velazquez,,2-0,6,2,206,232,,95,,,12 Frei,7,Virginia Tech Hokies,,Left,University of Virginia Cavaliers,Ball,,,,University of Virginia Cavaliers,Virginia Tech Hokies,0
203,"UVA4-13-19Game2, Pitch 203",Pitch,00:33:35.30,00:33:43.56,,,,,4,9 Velazquez,,3-0,6,2,201,92,,96,,,12 Frei,7,Virginia Tech Hokies,,Left,University of Virginia Cavaliers,Ball,,,,University of Virginia Cavaliers,Virginia Tech Hokies,0
204,"UVA4-13-19Game2, Pitch 204",Pitch,00:33:46.09,00:33:52.34,,,,,1,13 Caitlyn,,0-0,6,2,206,215,,97,,,12 Frei,7,Virginia Tech Hokies,,Right,University of Virginia Cavaliers,Ball,,,,University of Virginia Cavaliers,Virginia Tech Hokies,0
205,"UVA4-13-19Game2, Pitch 205",Pitch,00:33:53.07,00:33:59.36,,,,,2,13 Caitlyn,,1-0,6,2,38,56,,98,,,12 Frei,7,Virginia Tech Hokies,,Right,University of Virginia Cavaliers,Ball,,,,University of Virginia Cavaliers,Virginia Tech Hokies,0
206,"UVA4-13-19Game2, Pitch 206",Pitch,00:34:00.14,00:34:07.06,,,,,3,13 Caitlyn,,2-0,6,2,105,217,,99,,,12 Frei,7,Virginia Tech Hokies,,Right,University of Virginia Cavaliers,Ball,,,,University of Virginia Cavaliers,Virginia Tech Hokies,0
207,"UVA4-13-19Game2, Pitch 207",Pitch,00:34:08.29,00:34:14.19,,,,,4,13 Caitlyn,,3-0,6,2,178,221,,100,,,12 Frei,7,Virginia Tech Hokies,,Right,University of Virginia Cavaliers,Ball,,,,University of Virginia Cavaliers,Virginia Tech Hokies,0
208,"UVA4-13-19Game2, Pitch 208",Pitch,00:34:16.47,00:34:25.19,144,183,Infield Right,,1,14 Emma,,0-0,6,2,79,151,,101,,Ball in Play,12 Frei,7,Virginia Tech Hokies,Line,Right,University of Virginia Cavaliers,,,,,University of Virginia Cavaliers,Virginia Tech Hokies,0
209,"UVA4-13-19Game2, Pitch 209",Pitch,00:34:28.31,00:34:34.48,,,,,1,19 Osherow,,0-0,7,0,122,153,,84,,Swing,25 Carrie,7,Virginia Tech Hokies,,Right,University of Virginia Cavaliers,,,,,Virginia Tech Hokies,University of Virginia Cavaliers,0
210,"UVA4-13-19Game2, Pitch 210",Pitch,00:34:37.09,00:34:44.22,,,,,2,19 Osherow,,0-1,7,0,159,151,,85,,Foul,25 Carrie,7,Virginia Tech Hokies,,Right,University of Virginia Cavaliers,,,,,Virginia Tech Hokies,University of Virginia Cavaliers,0
211,"UVA4-13-19Game2, Pitch 211",Pitch,00:34:45.09,00:34:51.44,,,,,3,19 Osherow,,0-2,7,0,30,173,,86,,,25 Carrie,7,Virginia Tech Hokies,,Right,University of Virginia Cavaliers,Ball,,,,Virginia Tech Hokies,University of Virginia Cavaliers,0
212,"UVA4-13-19Game2, Pitch 212",Pitch,00:34:55.01,00:35:02.11,,,,,4,19 Osherow,,1-2,7,0,189,223,,87,,,25 Carrie,7,Virginia Tech Hokies,,Right,University of Virginia Cavaliers,Ball,,,,Virginia Tech Hokies,University of Virginia Cavaliers,0
213,"UVA4-13-19Game2, Pitch 213",Pitch,00:35:04.40,00:35:14.09,104,160,Infield Left,,5,19 Osherow,,2-2,7,0,149,150,,88,,Ball in Play,25 Carrie,7,Virginia Tech Hokies,Ground,Right,University of Virginia Cavaliers,,,,,Virginia Tech Hokies,University of Virginia Cavaliers,0
214,"UVA4-13-19Game2, Pitch 214",Pitch,00:35:18.02,00:35:24.21,,,,,1,14 Barber,,0-0,7,1,151,132,,89,,Take,25 Carrie,7,Virginia Tech Hokies,,Right,University of Virginia Cavaliers,,,,,Virginia Tech Hokies,University of Virginia Cavaliers,0
215,"UVA4-13-19Game2, Pitch 215",Pitch,00:35:27.10,00:35:33.44,,,,,2,14 Barber,,0-1,7,1,212,212,,90,,,25 Carrie,7,Virginia Tech Hokies,,Left,University of Virginia Cavaliers,Ball,,,,Virginia Tech Hokies,University of Virginia Cavaliers,0
216,"UVA4-13-19Game2, Pitch 216",Pitch,00:35:34.59,00:35:42.25,,,,,3,14 Barber,,1-1,7,1,154,81,,91,,Foul,25 Carrie,7,Virginia Tech Hokies,,Left,University of Virginia Cavaliers,,,,,Virginia Tech Hokies,University of Virginia Cavaliers,0
217,"UVA4-13-19Game2, Pitch 217",Pitch,00:35:43.03,00:35:51.02,,,,,4,14 Barber,,1-2,7,1,16,114,,92,,,25 Carrie,7,Virginia Tech Hokies,,Left,University of Virginia Cavaliers,Ball,,,,Virginia Tech Hokies,University of Virginia Cavaliers,0
218,"UVA4-13-19Game2, Pitch 218",Pitch,00:35:52.16,00:35:58.21,,,,,1,15 Davis,,0-0,7,1,171,169,,93,,Swing,25 Carrie,7,Virginia Tech Hokies,,Right,University of Virginia Cavaliers,,,,,Virginia Tech Hokies,University of Virginia Cavaliers,0
219,"UVA4-13-19Game2, Pitch 219",Pitch,00:36:01.08,00:36:08.19,,,,,2,15 Davis,,0-1,7,1,210,91,,94,,,25 Carrie,7,Virginia Tech Hokies,,Right,University of Virginia Cavaliers,Ball,,,,Virginia Tech Hokies,University of Virginia Cavaliers,0
220,"UVA4-13-19Game2, Pitch 220",Pitch,00:36:09.23,00:36:16.41,,,,,3,15 Davis,,1-1,7,1,65,165,,95,,Take,25 Carrie,7,Virginia Tech Hokies,,Right,University of Virginia Cavaliers,,,,,Virginia Tech Hokies,University of Virginia Cavaliers,0
221,"UVA4-13-19Game2, Pitch 221",Pitch,00:36:18.54,00:36:25.54,,,,,4,15 Davis,,1-2,7,1,208,55,,96,,,25 Carrie,7,Virginia Tech Hokies,,Right,University of Virginia Cavaliers,Ball,,,,Virginia Tech Hokies,University of Virginia Cavaliers,0
222,"UVA4-13-19Game2, Pitch 222",Pitch,00:36:27.03,00:36:35.33,142,161,Infield Middle,,5,15 Davis,,2-2,7,2,144,86,,97,,Ball in Play,25 Carrie,7,Virginia Tech Hokies,Ground,Right,University of Virginia Cavaliers,,,,,Virginia Tech Hokies,University of Virginia Cavaliers,0
