Name,Position,Duration,1. Baserunning Situation,1. Date,1. Pitchers Name,1. Pitchers Side,2. Hitters Name,2. Hitters Side,3. Pitch Type,4. Pitch Location,5. Game Pitch Result,6. Pitch Count,6. Previous Pitch Count,8. Hit Location,8. Hit Results,8. RBI,9. Outs,Hitting Position,Period,Team 1. Pitchers Name,Team 2. Hitters Name,XY Hit Location,XY Pitch Location,Z-Game Details
UVA vs Virginia Tech,0,13413,Bases Empty,04-14-2018,8 Tabby Dabney,R-Hand,2 Caroline Schoenewald,R-Hand,,MR4,Strike Called,0--1,0--0,,,,0 Out,,1. Inning,UVA,Virginia Tech,,374;308,UVA vs Virginia Tech
UVA vs Virginia Tech (1),13413,18385,Bases Empty,04-14-2018,8 Tabby Dabney,R-Hand,2 Caroline Schoenewald,R-Hand,,DOWNM4,Ball,1--1,0--1,,,,0 Out,,1. Inning,UVA,Virginia Tech,,306;470,UVA vs Virginia Tech
UVA vs Virginia Tech (2),31798,22890,Bases Empty,04-14-2018,8 Tabby Dabney,R-Hand,2 Caroline Schoenewald,R-Hand,,DOWNM2,Ball in Play,,1--1,3B3,Ground Out,,0 Out,,1. Inning,UVA,Virginia Tech,194;257,186;436,UVA vs Virginia Tech
UVA vs Virginia Tech (3),54688,9743,Bases Empty,04-14-2018,8 Tabby Dabney,R-Hand,10 Olivia Lattin,R-Hand,,LEFTM3,Ball,1--0,0--0,,,,1 Out,,1. Inning,UVA,Virginia Tech,,72;315,UVA vs Virginia Tech
UVA vs Virginia Tech (4),64431,17751,Bases Empty,04-14-2018,8 Tabby Dabney,R-Hand,10 Olivia Lattin,R-Hand,,DOWNM2,Ball,2--0,1--0,,,,1 Out,,1. Inning,UVA,Virginia Tech,,160;455,UVA vs Virginia Tech
UVA vs Virginia Tech (5),82182,13881,Bases Empty,04-14-2018,8 Tabby Dabney,R-Hand,10 Olivia Lattin,R-Hand,,DOWNM4,Ball,3--0,2--0,,,,1 Out,,1. Inning,UVA,Virginia Tech,,333;458,UVA vs Virginia Tech
UVA vs Virginia Tech (6),96063,15516,Bases Empty,04-14-2018,8 Tabby Dabney,R-Hand,10 Olivia Lattin,R-Hand,,DOWNM5,Ball,Walk,3--0,,,,1 Out,,1. Inning,UVA,Virginia Tech,,461;447,UVA vs Virginia Tech
UVA vs Virginia Tech (7),111578,10477,R1,04-14-2018,8 Tabby Dabney,R-Hand,13 Caitlyn Nolan,R-Hand,,UL3,Strike Called,0--1,0--0,,,,1 Out,,1. Inning,UVA,Virginia Tech,,130;179,UVA vs Virginia Tech
UVA vs Virginia Tech (8),122055,12346,R1,04-14-2018,8 Tabby Dabney,R-Hand,13 Caitlyn Nolan,R-Hand,,LL2,Foul,0--2,0--1,,,,1 Out,,1. Inning,UVA,Virginia Tech,,197;321,UVA vs Virginia Tech
UVA vs Virginia Tech (9),134401,17618,R1,04-14-2018,8 Tabby Dabney,R-Hand,13 Caitlyn Nolan,R-Hand,,MM4,Foul,0--2,0--2,,,,1 Out,,1. Inning,UVA,Virginia Tech,,286;282,UVA vs Virginia Tech
UVA vs Virginia Tech (10),152019,19853,R1,04-14-2018,8 Tabby Dabney,R-Hand,13 Caitlyn Nolan,R-Hand,,MM2,Ball in Play,,0--2,2B3,Ground Out,,1 Out,,1. Inning,UVA,Virginia Tech,283;211,274;239,UVA vs Virginia Tech
UVA vs Virginia Tech (11),171872,19753,R1,04-14-2018,8 Tabby Dabney,R-Hand,25 Carrie Eberle,R-Hand,,LEFTM2,Ball,1--0,0--0,,,,2 Out,,1. Inning,UVA,Virginia Tech,,61;207,UVA vs Virginia Tech
UVA vs Virginia Tech (12),191625,18185,R1,04-14-2018,8 Tabby Dabney,R-Hand,25 Carrie Eberle,R-Hand,,UPM2,Ball,2--0,1--0,,,,2 Out,,1. Inning,UVA,Virginia Tech,,151;13,UVA vs Virginia Tech
UVA vs Virginia Tech (13),209810,26460,R3,04-14-2018,8 Tabby Dabney,R-Hand,25 Carrie Eberle,R-Hand,,RIGHTM1,Ball,3--0,2--0,,,,2 Out,,1. Inning,UVA,Virginia Tech,,442;101,UVA vs Virginia Tech
UVA vs Virginia Tech (14),236270,14414,R3,04-14-2018,8 Tabby Dabney,R-Hand,25 Carrie Eberle,R-Hand,,LL3,Strike Called,3--1,3--0,,,,2 Out,,1. Inning,UVA,Virginia Tech,,118;374,UVA vs Virginia Tech
UVA vs Virginia Tech (15),250684,12846,R3,04-14-2018,8 Tabby Dabney,R-Hand,25 Carrie Eberle,R-Hand,,UPM4,Ball,Walk,3--1,,,,2 Out,,1. Inning,UVA,Virginia Tech,,379;50,UVA vs Virginia Tech
UVA vs Virginia Tech (16),263530,16550,R13,04-14-2018,8 Tabby Dabney,R-Hand,20 Sierra Walton,R-Hand,,UM3,Strike Called,0--1,0--0,,,,2 Out,,1. Inning,UVA,Virginia Tech,,239;193,UVA vs Virginia Tech
UVA vs Virginia Tech (17),280080,25626,R13,04-14-2018,8 Tabby Dabney,R-Hand,20 Sierra Walton,R-Hand,,ML4,Ball in Play,,0--1,PF,Ground Out,,2 Out,,1. Inning,UVA,Virginia Tech,246;262,174;293,UVA vs Virginia Tech
UVA vs Virginia Tech (18),305706,13213,Bases Empty,04-14-2018,25 Carrie Eberle,R-Hand,5 Allison Davis`,R-Hand,Fast Ball,UR4,Strike Swinging,0--1,0--0,,,,0 Out,,1. Inning,Virginia Tech,UVA,,403;196,UVA vs Virginia Tech
UVA vs Virginia Tech (19),318919,10377,Bases Empty,04-14-2018,25 Carrie Eberle,R-Hand,5 Allison Davis`,R-Hand,Drop Ball,DOWNM3,Ball,1--1,0--1,,,,0 Out,,1. Inning,Virginia Tech,UVA,,203;414,UVA vs Virginia Tech
UVA vs Virginia Tech (20),329296,11044,Bases Empty,04-14-2018,25 Carrie Eberle,R-Hand,5 Allison Davis`,R-Hand,Drop Ball,ML4,Foul,1--2,1--1,,,,0 Out,,1. Inning,Virginia Tech,UVA,,179;286,UVA vs Virginia Tech
UVA vs Virginia Tech (21),340340,18252,Bases Empty,04-14-2018,25 Carrie Eberle,R-Hand,5 Allison Davis`,R-Hand,Drop Ball,LL2,Ball in Play,,1--2,SS3,Ground Out,,0 Out,,1. Inning,Virginia Tech,UVA,208;222,195;316,UVA vs Virginia Tech
UVA vs Virginia Tech (22),358592,11278,Bases Empty,04-14-2018,25 Carrie Eberle,R-Hand,17 Hayley Busby,R-Hand,Fast Ball,LM2,Ball in Play,,0--0,FBC,Fly Out,,1 Out,,1. Inning,Virginia Tech,UVA,242;364,269;316,UVA vs Virginia Tech
UVA vs Virginia Tech (23),369870,13814,Bases Empty,04-14-2018,25 Carrie Eberle,R-Hand,63 Danni Ingraham,R-Hand,Fast Ball,RIGHTM2,Ball,1--0,0--0,,,,2 Out,,1. Inning,Virginia Tech,UVA,,418;288,UVA vs Virginia Tech
UVA vs Virginia Tech (24),383684,14648,Bases Empty,04-14-2018,25 Carrie Eberle,R-Hand,63 Danni Ingraham,R-Hand,Drop Ball,DOWNM4,Ball,2--0,1--0,,,,2 Out,,1. Inning,Virginia Tech,UVA,,343;448,UVA vs Virginia Tech
UVA vs Virginia Tech (25),398332,13146,Bases Empty,04-14-2018,25 Carrie Eberle,R-Hand,63 Danni Ingraham,R-Hand,Drop Ball,MM3,Ball in Play,,2--0,SS3,Ground Out,,2 Out,,1. Inning,Virginia Tech,UVA,204;224,206;298,UVA vs Virginia Tech
UVA vs Virginia Tech (26),411478,15482,Bases Empty,04-14-2018,8 Tabby Dabney,R-Hand,15 Sammi Miller,R-Hand,,DOWNM5,Ball,1--0,0--0,,,,0 Out,,2. Inning,UVA,Virginia Tech,,420;431,UVA vs Virginia Tech
UVA vs Virginia Tech (27),426960,16183,Bases Empty,04-14-2018,8 Tabby Dabney,R-Hand,15 Sammi Miller,R-Hand,,RIGHTM3,Ball,2--0,1--0,,,,0 Out,,2. Inning,UVA,Virginia Tech,,443;324,UVA vs Virginia Tech
UVA vs Virginia Tech (28),443143,23390,Bases Empty,04-14-2018,8 Tabby Dabney,R-Hand,15 Sammi Miller,R-Hand,,DOWNM3,Ball,3--0,2--0,,,,0 Out,,2. Inning,UVA,Virginia Tech,,219;433,UVA vs Virginia Tech
UVA vs Virginia Tech (29),466533,16717,Bases Empty,04-14-2018,8 Tabby Dabney,R-Hand,15 Sammi Miller,R-Hand,,DOWNM4,Ball,Walk,3--0,,,,0 Out,,2. Inning,UVA,Virginia Tech,,338;448,UVA vs Virginia Tech
UVA vs Virginia Tech (30),483250,19753,R1,04-14-2018,8 Tabby Dabney,R-Hand,11 Cana Davis,R-Hand,,LL3,Strike Called,0--1,0--0,,,,0 Out,,2. Inning,UVA,Virginia Tech,,153;367,UVA vs Virginia Tech
UVA vs Virginia Tech (31),503003,21622,R1,04-14-2018,8 Tabby Dabney,R-Hand,11 Cana Davis,R-Hand,,LM4,Ball in Play,,0--1,PF,Ground Out,,0 Out,,2. Inning,UVA,Virginia Tech,256;266,278;363,UVA vs Virginia Tech
UVA vs Virginia Tech (32),524625,17518,R2,04-14-2018,8 Tabby Dabney,R-Hand,6 Taylor Clark,R-Hand,,LR4,Strike Called,0--1,0--0,,,,1 Out,,2. Inning,UVA,Virginia Tech,,362;366,UVA vs Virginia Tech
UVA vs Virginia Tech (33),542142,27761,R2,04-14-2018,8 Tabby Dabney,R-Hand,6 Taylor Clark,R-Hand,,LM1,Ball in Play,,0--1,DLCF,Double,1 RBI,1 Out,,2. Inning,UVA,Virginia Tech,148;61,237;330,UVA vs Virginia Tech
UVA vs Virginia Tech (34),569903,23924,R2,04-14-2018,8 Tabby Dabney,R-Hand,27 Jessie Mehr,R-Hand,,LM2,Ball in Play,,0--0,3B2,Ground Out,,1 Out,,2. Inning,UVA,Virginia Tech,202;270,257;316,UVA vs Virginia Tech
UVA vs Virginia Tech (35),593827,29329,R3,04-14-2018,8 Tabby Dabney,R-Hand,2 Caroline Schoenewald,R-Hand,,MM3,Ball in Play,,0--0,DLCF,Double,1 RBI,2 Out,,2. Inning,UVA,Virginia Tech,173;53,235;271,UVA vs Virginia Tech
UVA vs Virginia Tech (36),623156,20087,R2,04-14-2018,8 Tabby Dabney,R-Hand,10 Olivia Lattin,R-Hand,,DOWNM1,Ball,1--0,0--0,,,,2 Out,,2. Inning,UVA,Virginia Tech,,70;463,UVA vs Virginia Tech
UVA vs Virginia Tech (37),643243,10444,R2,04-14-2018,8 Tabby Dabney,R-Hand,10 Olivia Lattin,R-Hand,,DOWNM3,Ball,2--0,1--0,,,,2 Out,,2. Inning,UVA,Virginia Tech,,209;481,UVA vs Virginia Tech
UVA vs Virginia Tech (38),653687,17117,R2,04-14-2018,8 Tabby Dabney,R-Hand,10 Olivia Lattin,R-Hand,,UPM1,Foul,2--1,2--0,,,,2 Out,,2. Inning,UVA,Virginia Tech,,80;3,UVA vs Virginia Tech
UVA vs Virginia Tech (39),670804,4738,R2,04-14-2018,8 Tabby Dabney,R-Hand,10 Olivia Lattin,R-Hand,,ML4,Foul,2--2,2--1,,,,2 Out,,2. Inning,UVA,Virginia Tech,,163;300,UVA vs Virginia Tech
UVA vs Virginia Tech (40),675542,20754,R2,04-14-2018,8 Tabby Dabney,R-Hand,10 Olivia Lattin,R-Hand,,MM3,Ball in Play,,2--2,SLCF,Fly Out,,2 Out,,2. Inning,UVA,Virginia Tech,143;141,213;287,UVA vs Virginia Tech
UVA vs Virginia Tech (41),696296,15749,Bases Empty,04-14-2018,25 Carrie Eberle,R-Hand,24 Lacy Smith,R-Hand,Fast Ball,DOWNM3,Ball,1--0,0--0,,,,0 Out,,2. Inning,Virginia Tech,UVA,,248;447,UVA vs Virginia Tech
UVA vs Virginia Tech (42),712045,5772,Bases Empty,04-14-2018,25 Carrie Eberle,R-Hand,24 Lacy Smith,R-Hand,Drop Ball,DOWNM3,Ball,2--0,1--0,,,,0 Out,,2. Inning,Virginia Tech,UVA,,199;442,UVA vs Virginia Tech
UVA vs Virginia Tech (43),717818,13514,Bases Empty,04-14-2018,25 Carrie Eberle,R-Hand,24 Lacy Smith,R-Hand,Fast Ball,MR3,Ball in Play,,2--0,3B2,Fly Out,,0 Out,,2. Inning,Virginia Tech,UVA,212;279,326;297,UVA vs Virginia Tech
UVA vs Virginia Tech (44),731331,8942,Bases Empty,04-14-2018,25 Carrie Eberle,R-Hand,88 Olivia Gott,R-Hand,Fast Ball,RIGHTM3,Strike Called,0--1,0--0,,,,1 Out,,2. Inning,Virginia Tech,UVA,,436;318,UVA vs Virginia Tech
UVA vs Virginia Tech (45),740274,10244,Bases Empty,04-14-2018,25 Carrie Eberle,R-Hand,88 Olivia Gott,R-Hand,Rise Ball,MM4,Foul,0--2,0--1,,,,1 Out,,2. Inning,Virginia Tech,UVA,,294;293,UVA vs Virginia Tech
UVA vs Virginia Tech (46),750517,18719,Bases Empty,04-14-2018,25 Carrie Eberle,R-Hand,88 Olivia Gott,R-Hand,Drop Ball,MR3,Ball in Play,,0--2,SS3,Ground Out,,1 Out,,2. Inning,Virginia Tech,UVA,198;226,307;290,UVA vs Virginia Tech
UVA vs Virginia Tech (47),769236,13547,Bases Empty,04-14-2018,25 Carrie Eberle,R-Hand,19 Erika Osherow,R-Hand,Fast Ball,LR2,Strike Called,0--1,0--0,,,,2 Out,,2. Inning,Virginia Tech,UVA,,381;326,UVA vs Virginia Tech
UVA vs Virginia Tech (48),782783,8809,Bases Empty,04-14-2018,25 Carrie Eberle,R-Hand,19 Erika Osherow,R-Hand,Drop Ball,LEFTM3,Ball,1--1,0--1,,,,2 Out,,2. Inning,Virginia Tech,UVA,,46;302,UVA vs Virginia Tech
UVA vs Virginia Tech (49),791592,15148,Bases Empty,04-14-2018,25 Carrie Eberle,R-Hand,19 Erika Osherow,R-Hand,Drop Ball,MM3,Ball in Play,,1--1,2B3,Single,,2 Out,,2. Inning,Virginia Tech,UVA,254;255,242;295,UVA vs Virginia Tech
UVA vs Virginia Tech (50),806740,12279,R1,04-14-2018,25 Carrie Eberle,R-Hand,10 Kate Covington,R-Hand,Fast Ball,DOWNM4,Ball,1--0,0--0,,,,2 Out,,2. Inning,Virginia Tech,UVA,,349;458,UVA vs Virginia Tech
UVA vs Virginia Tech (51),819019,26426,R1,04-14-2018,25 Carrie Eberle,R-Hand,10 Kate Covington,R-Hand,Drop Ball,MM3,Ball in Play,,1--0,DRF,Triple,1 RBI,2 Out,,2. Inning,Virginia Tech,UVA,400;118,250;267,UVA vs Virginia Tech
UVA vs Virginia Tech (52),845445,8775,R1,04-14-2018,25 Carrie Eberle,R-Hand,9 Ashley Jennings,R-Hand,Fast Ball,DOWNM1,Ball,1--0,0--0,,,,2 Out,,2. Inning,Virginia Tech,UVA,,86;439,UVA vs Virginia Tech
UVA vs Virginia Tech (53),854221,8976,R3,04-14-2018,25 Carrie Eberle,R-Hand,9 Ashley Jennings,R-Hand,Drop Ball,DOWNM3,Ball,2--0,1--0,,,,2 Out,,2. Inning,Virginia Tech,UVA,,199;474,UVA vs Virginia Tech
UVA vs Virginia Tech (54),863197,19386,R3,04-14-2018,25 Carrie Eberle,R-Hand,9 Ashley Jennings,R-Hand,Drop Ball,LM1,Ball in Play,,2--0,2B3,Single,1 RBI,2 Out,,2. Inning,Virginia Tech,UVA,254;197,231;314,UVA vs Virginia Tech
UVA vs Virginia Tech (55),882583,10244,R1,04-14-2018,25 Carrie Eberle,R-Hand,2 Savana Avilla,L-Hand,Fast Ball,RIGHTM3,Ball,1--0,0--0,,,,2 Out,,2. Inning,Virginia Tech,UVA,,446;370,UVA vs Virginia Tech
UVA vs Virginia Tech (56),892826,7040,R1,04-14-2018,25 Carrie Eberle,R-Hand,2 Savana Avilla,L-Hand,Drop Ball,DOWNM2,Strike Called,1--1,1--0,,,,2 Out,,2. Inning,Virginia Tech,UVA,,123;421,UVA vs Virginia Tech
UVA vs Virginia Tech (57),899867,14314,R1,04-14-2018,25 Carrie Eberle,R-Hand,2 Savana Avilla,L-Hand,Drop Ball,LM2,Foul,1--2,1--1,,,,2 Out,,2. Inning,Virginia Tech,UVA,,278;317,UVA vs Virginia Tech
UVA vs Virginia Tech (58),914181,10244,R1,04-14-2018,25 Carrie Eberle,R-Hand,2 Savana Avilla,L-Hand,Drop Ball,MM3,Foul,1--2,1--2,,,,2 Out,,2. Inning,Virginia Tech,UVA,,218;284,UVA vs Virginia Tech
UVA vs Virginia Tech (59),924424,9443,R1,04-14-2018,25 Carrie Eberle,R-Hand,2 Savana Avilla,L-Hand,Changeup,UR3,Strike Swinging,Strikeout,1--2,,,,2 Out,,2. Inning,Virginia Tech,UVA,,298;197,UVA vs Virginia Tech
UVA vs Virginia Tech (60),933867,22623,Bases Empty,04-14-2018,8 Tabby Dabney,R-Hand,13 Caitlyn Nolan,R-Hand,,MM4,Foul,0--1,0--0,,,,0 Out,,3. Inning,UVA,Virginia Tech,,252;299,UVA vs Virginia Tech
UVA vs Virginia Tech (61),956490,22456,Bases Empty,04-14-2018,8 Tabby Dabney,R-Hand,13 Caitlyn Nolan,R-Hand,,LL2,Strike Called,0--2,0--1,,,,0 Out,,3. Inning,UVA,Virginia Tech,,172;344,UVA vs Virginia Tech
UVA vs Virginia Tech (62),978946,10811,Bases Empty,04-14-2018,8 Tabby Dabney,R-Hand,13 Caitlyn Nolan,R-Hand,,RIGHTM3,Ball,1--2,0--2,,,,0 Out,,3. Inning,UVA,Virginia Tech,,440;367,UVA vs Virginia Tech
UVA vs Virginia Tech (63),989756,18218,Bases Empty,04-14-2018,8 Tabby Dabney,R-Hand,13 Caitlyn Nolan,R-Hand,,LL2,Ball in Play,,1--2,SS3,Ground Out,,0 Out,,3. Inning,UVA,Virginia Tech,218;220,185;356,UVA vs Virginia Tech
UVA vs Virginia Tech (64),1007975,10711,Bases Empty,04-14-2018,8 Tabby Dabney,R-Hand,25 Carrie Eberle,R-Hand,,LEFTM3,Ball,1--0,0--0,,,,1 Out,,3. Inning,UVA,Virginia Tech,,58;338,UVA vs Virginia Tech
UVA vs Virginia Tech (65),1018685,15382,Bases Empty,04-14-2018,8 Tabby Dabney,R-Hand,25 Carrie Eberle,R-Hand,,DOWNM2,Ball,2--0,1--0,,,,1 Out,,3. Inning,UVA,Virginia Tech,,170;455,UVA vs Virginia Tech
UVA vs Virginia Tech (66),1034067,13380,Bases Empty,04-14-2018,8 Tabby Dabney,R-Hand,25 Carrie Eberle,R-Hand,,DOWNM4,Ball,3--0,2--0,,,,1 Out,,3. Inning,UVA,Virginia Tech,,354;445,UVA vs Virginia Tech
UVA vs Virginia Tech (67),1047447,16183,Bases Empty,04-14-2018,8 Tabby Dabney,R-Hand,25 Carrie Eberle,R-Hand,,DOWNM4,Ball,Walk,3--0,,,,1 Out,,3. Inning,UVA,Virginia Tech,,328;468,UVA vs Virginia Tech
UVA vs Virginia Tech (68),1063630,13280,R1,04-14-2018,8 Tabby Dabney,R-Hand,20 Sierra Walton,R-Hand,,LL3,Strike Called,0--1,0--0,,,,1 Out,,3. Inning,UVA,Virginia Tech,,143;385,UVA vs Virginia Tech
UVA vs Virginia Tech (69),1076910,17584,R1,04-14-2018,8 Tabby Dabney,R-Hand,20 Sierra Walton,R-Hand,,DOWNM1,Ball,1--1,0--1,,,,1 Out,,3. Inning,UVA,Virginia Tech,,94;439,UVA vs Virginia Tech
UVA vs Virginia Tech (70),1094494,17651,R1,04-14-2018,8 Tabby Dabney,R-Hand,20 Sierra Walton,R-Hand,,LEFTM3,Ball,2--1,1--1,,,,1 Out,,3. Inning,UVA,Virginia Tech,,56;328,UVA vs Virginia Tech
UVA vs Virginia Tech (71),1112145,15816,R1,04-14-2018,8 Tabby Dabney,R-Hand,20 Sierra Walton,R-Hand,,DOWNM2,Ball,3--1,2--1,,,,1 Out,,3. Inning,UVA,Virginia Tech,,97;465,UVA vs Virginia Tech
UVA vs Virginia Tech (72),1127961,13947,R1,04-14-2018,8 Tabby Dabney,R-Hand,20 Sierra Walton,R-Hand,,LR1,Foul,3--2,3--1,,,,1 Out,,3. Inning,UVA,Virginia Tech,,346;327,UVA vs Virginia Tech
UVA vs Virginia Tech (73),1141909,19553,R1,04-14-2018,8 Tabby Dabney,R-Hand,20 Sierra Walton,R-Hand,,MM2,Ball in Play,,3--2,SS3,Fielders Choice,,1 Out,,3. Inning,UVA,Virginia Tech,212;217,254;234,UVA vs Virginia Tech
UVA vs Virginia Tech (74),1161461,16083,R1,04-14-2018,8 Tabby Dabney,R-Hand,15 Sammi Miller,R-Hand,,UPM1,Ball,1--0,0--0,,,,2 Out,,3. Inning,UVA,Virginia Tech,,57;87,UVA vs Virginia Tech
UVA vs Virginia Tech (75),1177544,12045,R1,04-14-2018,8 Tabby Dabney,R-Hand,15 Sammi Miller,R-Hand,,DOWNM2,Ball,2--0,1--0,,,,2 Out,,3. Inning,UVA,Virginia Tech,,133;463,UVA vs Virginia Tech
UVA vs Virginia Tech (76),1189590,17384,R1,04-14-2018,8 Tabby Dabney,R-Hand,15 Sammi Miller,R-Hand,,UPM4,Ball,3--0,2--0,,,,2 Out,,3. Inning,UVA,Virginia Tech,,332;75,UVA vs Virginia Tech
UVA vs Virginia Tech (77),1206974,11245,R1,04-14-2018,8 Tabby Dabney,R-Hand,15 Sammi Miller,R-Hand,,ML4,Strike Called,3--1,3--0,,,,2 Out,,3. Inning,UVA,Virginia Tech,,184;312,UVA vs Virginia Tech
UVA vs Virginia Tech (78),1218218,18652,R1,04-14-2018,8 Tabby Dabney,R-Hand,15 Sammi Miller,R-Hand,,UPM1,Ball in Play,,3--1,SRCF,Single,,2 Out,,3. Inning,UVA,Virginia Tech,352;185,82;2,UVA vs Virginia Tech
UVA vs Virginia Tech (79),1236870,9576,R12,04-14-2018,8 Tabby Dabney,R-Hand,11 Cana Davis,R-Hand,,DOWNM2,Ball,1--0,0--0,,,,2 Out,,3. Inning,UVA,Virginia Tech,,160;443,UVA vs Virginia Tech
UVA vs Virginia Tech (80),1246446,14214,R12,04-14-2018,8 Tabby Dabney,R-Hand,11 Cana Davis,R-Hand,,ML4,Ball in Play,,1--0,SS3,ROE,,2 Out,,3. Inning,UVA,Virginia Tech,197;222,196;272,UVA vs Virginia Tech
UVA vs Virginia Tech (81),1260661,8075,R123,04-14-2018,8 Tabby Dabney,R-Hand,6 Taylor Clark,R-Hand,,DOWNM2,Ball,1--0,0--0,,,,2 Out,,3. Inning,UVA,Virginia Tech,,98;460,UVA vs Virginia Tech
UVA vs Virginia Tech (82),1268735,20621,R123,04-14-2018,8 Tabby Dabney,R-Hand,6 Taylor Clark,R-Hand,,LL1,Ball in Play,,1--0,SRCF,Fly Out,,2 Out,,3. Inning,UVA,Virginia Tech,366;149,148;324,UVA vs Virginia Tech
UVA vs Virginia Tech (83),1289356,9810,Bases Empty,04-14-2018,25 Carrie Eberle,R-Hand,5 Allison Davis`,R-Hand,Fast Ball,LEFTM3,Strike Called,0--1,0--0,,,,0 Out,,3. Inning,Virginia Tech,UVA,,57;314,UVA vs Virginia Tech
UVA vs Virginia Tech (84),1299166,14014,Bases Empty,04-14-2018,25 Carrie Eberle,R-Hand,5 Allison Davis`,R-Hand,Drop Ball,UPM1,Strike Called,0--2,0--1,,,,0 Out,,3. Inning,Virginia Tech,UVA,,34;3,UVA vs Virginia Tech
UVA vs Virginia Tech (85),1313180,11111,Bases Empty,04-14-2018,25 Carrie Eberle,R-Hand,5 Allison Davis`,R-Hand,Changeup,DOWNM3,Strike Swinging,Strikeout,0--2,,,,0 Out,,3. Inning,Virginia Tech,UVA,,241;410,UVA vs Virginia Tech
UVA vs Virginia Tech (86),1324291,11245,Bases Empty,04-14-2018,25 Carrie Eberle,R-Hand,17 Hayley Busby,R-Hand,Fast Ball,DOWNM4,Ball,1--0,0--0,,,,1 Out,,3. Inning,Virginia Tech,UVA,,396;455,UVA vs Virginia Tech
UVA vs Virginia Tech (87),1335536,14882,Bases Empty,04-14-2018,25 Carrie Eberle,R-Hand,17 Hayley Busby,R-Hand,Drop Ball,UPM1,Ball,2--0,1--0,,,,1 Out,,3. Inning,Virginia Tech,UVA,,55;90,UVA vs Virginia Tech
UVA vs Virginia Tech (88),1350417,13747,Bases Empty,04-14-2018,25 Carrie Eberle,R-Hand,17 Hayley Busby,R-Hand,Drop Ball,DOWNM4,Ball,3--0,2--0,,,,1 Out,,3. Inning,Virginia Tech,UVA,,335;460,UVA vs Virginia Tech
UVA vs Virginia Tech (89),1364164,13680,Bases Empty,04-14-2018,25 Carrie Eberle,R-Hand,17 Hayley Busby,R-Hand,Fast Ball,LR2,Strike Called,3--1,3--0,,,,1 Out,,3. Inning,Virginia Tech,UVA,,364;335,UVA vs Virginia Tech
UVA vs Virginia Tech (90),1377845,17918,Bases Empty,04-14-2018,25 Carrie Eberle,R-Hand,17 Hayley Busby,R-Hand,Fast Ball,UM4,Ball in Play,,3--1,DLCF,Fly Out,,1 Out,,3. Inning,Virginia Tech,UVA,128;106,278;197,UVA vs Virginia Tech
UVA vs Virginia Tech (91),1395762,9676,Bases Empty,04-14-2018,25 Carrie Eberle,R-Hand,63 Danni Ingraham,R-Hand,Drop Ball,LL3,Strike Called,0--1,0--0,,,,2 Out,,3. Inning,Virginia Tech,UVA,,132;361,UVA vs Virginia Tech
UVA vs Virginia Tech (92),1405439,9910,Bases Empty,04-14-2018,25 Carrie Eberle,R-Hand,63 Danni Ingraham,R-Hand,Changeup,MM2,Strike Swinging,0--2,0--1,,,,2 Out,,3. Inning,Virginia Tech,UVA,,252;245,UVA vs Virginia Tech
UVA vs Virginia Tech (93),1415349,11311,Bases Empty,04-14-2018,25 Carrie Eberle,R-Hand,63 Danni Ingraham,R-Hand,Changeup,UPM3,Strike Swinging,Strikeout,0--2,,,,2 Out,,3. Inning,Virginia Tech,UVA,,291;13,UVA vs Virginia Tech
UVA vs Virginia Tech (94),1426660,15315,Bases Empty,04-14-2018,8 Tabby Dabney,R-Hand,27 Jessie Mehr,R-Hand,,MR1,Strike Called,0--1,0--0,,,,0 Out,,4. Inning,UVA,Virginia Tech,,314;234,UVA vs Virginia Tech
UVA vs Virginia Tech (95),1441975,11545,Bases Empty,04-14-2018,8 Tabby Dabney,R-Hand,27 Jessie Mehr,R-Hand,,LM1,Ball,1--1,0--1,,,,0 Out,,4. Inning,UVA,Virginia Tech,,221;346,UVA vs Virginia Tech
UVA vs Virginia Tech (96),1453520,13313,Bases Empty,04-14-2018,8 Tabby Dabney,R-Hand,27 Jessie Mehr,R-Hand,,MR1,Foul,1--2,1--1,,,,0 Out,,4. Inning,UVA,Virginia Tech,,347;257,UVA vs Virginia Tech
UVA vs Virginia Tech (97),1466834,16683,Bases Empty,04-14-2018,8 Tabby Dabney,R-Hand,27 Jessie Mehr,R-Hand,,LM3,Ball,2--2,1--2,,,,0 Out,,4. Inning,UVA,Virginia Tech,,241;363,UVA vs Virginia Tech
UVA vs Virginia Tech (98),1483517,13847,Bases Empty,04-14-2018,8 Tabby Dabney,R-Hand,27 Jessie Mehr,R-Hand,,LR2,Strike Swinging,Strikeout,2--2,,,,0 Out,,4. Inning,UVA,Virginia Tech,,363;359,UVA vs Virginia Tech
UVA vs Virginia Tech (99),1497364,16250,Bases Empty,04-14-2018,8 Tabby Dabney,R-Hand,2 Caroline Schoenewald,R-Hand,,MR1,Foul,0--1,0--0,,,,1 Out,,4. Inning,UVA,Virginia Tech,,337;226,UVA vs Virginia Tech
UVA vs Virginia Tech (100),1513614,12379,Bases Empty,04-14-2018,8 Tabby Dabney,R-Hand,2 Caroline Schoenewald,R-Hand,,LR1,Ball,1--1,0--1,,,,1 Out,,4. Inning,UVA,Virginia Tech,,358;338,UVA vs Virginia Tech
UVA vs Virginia Tech (101),1525993,10277,Bases Empty,04-14-2018,8 Tabby Dabney,R-Hand,2 Caroline Schoenewald,R-Hand,,LEFTM2,Strike Swinging,1--2,1--1,,,,1 Out,,4. Inning,UVA,Virginia Tech,,84;216,UVA vs Virginia Tech
UVA vs Virginia Tech (102),1536270,16350,Bases Empty,04-14-2018,8 Tabby Dabney,R-Hand,2 Caroline Schoenewald,R-Hand,,MR1,Ball in Play,,1--2,DLF,Line Out,,1 Out,,4. Inning,UVA,Virginia Tech,118;127,339;234,UVA vs Virginia Tech
UVA vs Virginia Tech (103),1552619,9243,Bases Empty,04-14-2018,8 Tabby Dabney,R-Hand,10 Olivia Lattin,R-Hand,,LEFTM3,Ball,1--0,0--0,,,,2 Out,,4. Inning,UVA,Virginia Tech,,65;353,UVA vs Virginia Tech
UVA vs Virginia Tech (104),1561862,16783,Bases Empty,04-14-2018,8 Tabby Dabney,R-Hand,10 Olivia Lattin,R-Hand,,MM2,Ball in Play,,1--0,2B3,Fly Out,,2 Out,,4. Inning,UVA,Virginia Tech,272;215,256;227,UVA vs Virginia Tech
UVA vs Virginia Tech (105),1578645,8976,Bases Empty,04-14-2018,25 Carrie Eberle,R-Hand,24 Lacy Smith,R-Hand,Fast Ball,DOWNM5,Ball,1--0,0--0,,,,0 Out,,4. Inning,Virginia Tech,UVA,,416;455,UVA vs Virginia Tech
UVA vs Virginia Tech (106),1587621,9843,Bases Empty,04-14-2018,25 Carrie Eberle,R-Hand,24 Lacy Smith,R-Hand,Drop Ball,DOWNM1,Ball,2--0,1--0,,,,0 Out,,4. Inning,Virginia Tech,UVA,,94;474,UVA vs Virginia Tech
UVA vs Virginia Tech (107),1597464,12946,Bases Empty,04-14-2018,25 Carrie Eberle,R-Hand,24 Lacy Smith,R-Hand,Fast Ball,MM1,Ball in Play,,2--0,SS3,Line Out,,0 Out,,4. Inning,Virginia Tech,UVA,205;212,232;224,UVA vs Virginia Tech
UVA vs Virginia Tech (108),1610410,14047,Bases Empty,04-14-2018,25 Carrie Eberle,R-Hand,88 Olivia Gott,R-Hand,Fast Ball,LM1,Foul,0--1,0--0,,,,1 Out,,4. Inning,Virginia Tech,UVA,,245;337,UVA vs Virginia Tech
UVA vs Virginia Tech (109),1624458,7474,Bases Empty,04-14-2018,25 Carrie Eberle,R-Hand,88 Olivia Gott,R-Hand,Changeup,DOWNM3,Strike Swinging,0--2,0--1,,,,1 Out,,4. Inning,Virginia Tech,UVA,,244;467,UVA vs Virginia Tech
UVA vs Virginia Tech (110),1631932,12179,Bases Empty,04-14-2018,25 Carrie Eberle,R-Hand,88 Olivia Gott,R-Hand,Changeup,DOWNM2,Strike Swinging,Strikeout,0--2,,,,1 Out,,4. Inning,Virginia Tech,UVA,,153;445,UVA vs Virginia Tech
UVA vs Virginia Tech (111),1644111,10811,Bases Empty,04-14-2018,25 Carrie Eberle,R-Hand,19 Erika Osherow,R-Hand,Fast Ball,LR2,Strike Called,0--1,0--0,,,,2 Out,,4. Inning,Virginia Tech,UVA,,379;343,UVA vs Virginia Tech
UVA vs Virginia Tech (112),1654922,10010,Bases Empty,04-14-2018,25 Carrie Eberle,R-Hand,19 Erika Osherow,R-Hand,Drop Ball,ML3,Foul,0--2,0--1,,,,2 Out,,4. Inning,Virginia Tech,UVA,,126;298,UVA vs Virginia Tech
UVA vs Virginia Tech (113),1664932,8308,Bases Empty,04-14-2018,25 Carrie Eberle,R-Hand,19 Erika Osherow,R-Hand,Changeup,DOWNM2,Strike Swinging,Strikeout,1--2,,,,2 Out,,4. Inning,Virginia Tech,UVA,,163;458,UVA vs Virginia Tech
UVA vs Virginia Tech (114),1673240,29963,Bases Empty,04-14-2018,8 Tabby Dabney,R-Hand,13 Caitlyn Nolan,R-Hand,,DOWNM4,Ball,1--0,0--0,,,,0 Out,,5. Inning,UVA,Virginia Tech,,314;465,UVA vs Virginia Tech
UVA vs Virginia Tech (115),1703203,13514,Bases Empty,04-14-2018,8 Tabby Dabney,R-Hand,13 Caitlyn Nolan,R-Hand,,DOWNM4,Ball,2--0,1--0,,,,0 Out,,5. Inning,UVA,Virginia Tech,,402;429,UVA vs Virginia Tech
UVA vs Virginia Tech (116),1716717,11678,Bases Empty,04-14-2018,8 Tabby Dabney,R-Hand,13 Caitlyn Nolan,R-Hand,,MM4,Foul,2--1,2--0,,,,0 Out,,5. Inning,UVA,Virginia Tech,,288;309,UVA vs Virginia Tech
UVA vs Virginia Tech (117),1728395,25092,Bases Empty,04-14-2018,8 Tabby Dabney,R-Hand,13 Caitlyn Nolan,R-Hand,,LM1,Ball in Play,,2--1,DLCF,Double,,0 Out,,5. Inning,UVA,Virginia Tech,168;61,230;341,UVA vs Virginia Tech
UVA vs Virginia Tech (118),1753487,19186,R2,04-14-2018,8 Tabby Dabney,R-Hand,25 Carrie Eberle,R-Hand,,DOWNM4,Ball,1--0,0--0,,,,0 Out,,5. Inning,UVA,Virginia Tech,,363;462,UVA vs Virginia Tech
UVA vs Virginia Tech (119),1772673,12946,R2,04-14-2018,8 Tabby Dabney,R-Hand,25 Carrie Eberle,R-Hand,,ML3,Strike Called,1--1,1--0,,,,0 Out,,5. Inning,UVA,Virginia Tech,,101;303,UVA vs Virginia Tech
UVA vs Virginia Tech (120),1785619,15415,R2,04-14-2018,8 Tabby Dabney,R-Hand,25 Carrie Eberle,R-Hand,,LEFTM3,Ball,2--1,1--1,,,,0 Out,,5. Inning,UVA,Virginia Tech,,65;312,UVA vs Virginia Tech
UVA vs Virginia Tech (121),1801034,30397,R2,04-14-2018,8 Tabby Dabney,R-Hand,25 Carrie Eberle,R-Hand,,MM3,Ball in Play,2--2,2--2,3B2,Ground Out,,0 Out,,5. Inning,UVA,Virginia Tech,195;288,214;270,UVA vs Virginia Tech
UVA vs Virginia Tech (122),1831431,15549,R2,04-14-2018,8 Tabby Dabney,R-Hand,20 Sierra Walton,R-Hand,,DOWNM2,Ball,1--0,0--0,,,,1 Out,,5. Inning,UVA,Virginia Tech,,162;490,UVA vs Virginia Tech
UVA vs Virginia Tech (123),1846980,23090,R3,04-14-2018,8 Tabby Dabney,R-Hand,20 Sierra Walton,R-Hand,,MR1,Ball in Play,,1--0,3B2,Ground Out,,1 Out,,5. Inning,UVA,Virginia Tech,196;269,304;257,UVA vs Virginia Tech
UVA vs Virginia Tech (124),1870070,20354,R3,04-14-2018,8 Tabby Dabney,R-Hand,15 Sammi Miller,R-Hand,,DOWNM4,Ball,1--0,0--0,,,,2 Out,,5. Inning,UVA,Virginia Tech,,373;415,UVA vs Virginia Tech
UVA vs Virginia Tech (125),1890424,16917,R3,04-14-2018,8 Tabby Dabney,R-Hand,15 Sammi Miller,R-Hand,,DOWNM5,Ball,2--0,1--0,,,,2 Out,,5. Inning,UVA,Virginia Tech,,430;484,UVA vs Virginia Tech
UVA vs Virginia Tech (126),1907341,25392,R3,04-14-2018,8 Tabby Dabney,R-Hand,15 Sammi Miller,R-Hand,,MM4,Ball in Play,,2--0,SS3,Ground Out,,2 Out,,5. Inning,UVA,Virginia Tech,216;225,282;292,UVA vs Virginia Tech
UVA vs Virginia Tech (127),1932733,7274,Bases Empty,04-14-2018,25 Carrie Eberle,R-Hand,10 Kate Covington,R-Hand,Fast Ball,DOWNM4,Ball,1--0,0--0,,,,0 Out,,5. Inning,Virginia Tech,UVA,,340;461,UVA vs Virginia Tech
UVA vs Virginia Tech (128),1940007,12246,Bases Empty,04-14-2018,25 Carrie Eberle,R-Hand,10 Kate Covington,R-Hand,Fast Ball,MR3,Foul,1--1,1--0,,,,0 Out,,5. Inning,Virginia Tech,UVA,,303;273,UVA vs Virginia Tech
UVA vs Virginia Tech (129),1952252,11545,Bases Empty,04-14-2018,25 Carrie Eberle,R-Hand,10 Kate Covington,R-Hand,Changeup,ML1,Strike Called,1--2,1--1,,,,0 Out,,5. Inning,Virginia Tech,UVA,,102;239,UVA vs Virginia Tech
UVA vs Virginia Tech (130),1963797,12713,Bases Empty,04-14-2018,25 Carrie Eberle,R-Hand,10 Kate Covington,R-Hand,Drop Ball,LEFTM1,Ball,2--2,1--2,,,,0 Out,,5. Inning,Virginia Tech,UVA,,36;199,UVA vs Virginia Tech
UVA vs Virginia Tech (131),1976510,14047,Bases Empty,04-14-2018,25 Carrie Eberle,R-Hand,10 Kate Covington,R-Hand,Drop Ball,LR3,Foul,2--2,2--2,,,,0 Out,,5. Inning,Virginia Tech,UVA,,319;365,UVA vs Virginia Tech
UVA vs Virginia Tech (132),1990557,8609,Bases Empty,04-14-2018,25 Carrie Eberle,R-Hand,10 Kate Covington,R-Hand,Changeup,UL1,Strike Swinging,Strikeout,2--2,,,,0 Out,,5. Inning,Virginia Tech,UVA,,117;148,UVA vs Virginia Tech
UVA vs Virginia Tech (133),1999166,5806,Bases Empty,04-14-2018,25 Carrie Eberle,R-Hand,9 Ashley Jennings,R-Hand,Fast Ball,UR2,Strike Called,0--1,0--0,,,,1 Out,,5. Inning,Virginia Tech,UVA,,399;114,UVA vs Virginia Tech
UVA vs Virginia Tech (134),2004972,5606,Bases Empty,04-14-2018,25 Carrie Eberle,R-Hand,9 Ashley Jennings,R-Hand,Drop Ball,LEFTM1,Ball,1--1,0--1,,,,1 Out,,5. Inning,Virginia Tech,UVA,,92;118,UVA vs Virginia Tech
UVA vs Virginia Tech (135),2010577,5239,Bases Empty,04-14-2018,25 Carrie Eberle,R-Hand,9 Ashley Jennings,R-Hand,Drop Ball,UL1,Ball,2--1,1--1,,,,1 Out,,5. Inning,Virginia Tech,UVA,,119;156,UVA vs Virginia Tech
UVA vs Virginia Tech (136),2015816,11812,Bases Empty,04-14-2018,25 Carrie Eberle,R-Hand,9 Ashley Jennings,R-Hand,Drop Ball,UM4,Ball in Play,,2--1,2B3,Ground Out,,1 Out,,5. Inning,Virginia Tech,UVA,273;213,257;159,UVA vs Virginia Tech
UVA vs Virginia Tech (137),2027628,7241,Bases Empty,04-14-2018,25 Carrie Eberle,R-Hand,2 Savana Avilla,L-Hand,Fast Ball,UR4,Strike Called,0--1,0--0,,,,2 Out,,5. Inning,Virginia Tech,UVA,,373;161,UVA vs Virginia Tech
UVA vs Virginia Tech (138),2034868,6740,Bases Empty,04-14-2018,25 Carrie Eberle,R-Hand,2 Savana Avilla,L-Hand,Drop Ball,UR2,Ball,1--1,0--1,,,,2 Out,,5. Inning,Virginia Tech,UVA,,404;112,UVA vs Virginia Tech
UVA vs Virginia Tech (139),2041608,12646,Bases Empty,04-14-2018,25 Carrie Eberle,R-Hand,2 Savana Avilla,L-Hand,Drop Ball,UR1,Ball in Play,,1--1,2B3,Ground Out,,2 Out,,5. Inning,Virginia Tech,UVA,310;218,342;154,UVA vs Virginia Tech
UVA vs Virginia Tech (140),2054254,6540,Bases Empty,04-14-2018,8 Tabby Dabney,R-Hand,11 Cana Davis,R-Hand,,DOWNM4,Ball,1--0,0--0,,,,0 Out,,6. Inning,UVA,Virginia Tech,,393;410,UVA vs Virginia Tech
UVA vs Virginia Tech (141),2060794,6240,Bases Empty,04-14-2018,8 Tabby Dabney,R-Hand,11 Cana Davis,R-Hand,,UM2,Strike Called,1--1,1--0,,,,0 Out,,6. Inning,UVA,Virginia Tech,,256;156,UVA vs Virginia Tech
UVA vs Virginia Tech (142),2067034,8275,Bases Empty,04-14-2018,8 Tabby Dabney,R-Hand,11 Cana Davis,R-Hand,,UL3,Ball,2--1,1--1,,,,0 Out,,6. Inning,UVA,Virginia Tech,,109;189,UVA vs Virginia Tech
UVA vs Virginia Tech (143),2075309,7040,Bases Empty,04-14-2018,8 Tabby Dabney,R-Hand,11 Cana Davis,R-Hand,,DOWNM4,Ball,3--1,2--1,,,,0 Out,,6. Inning,UVA,Virginia Tech,,314;431,UVA vs Virginia Tech
UVA vs Virginia Tech (144),2082349,7174,Bases Empty,04-14-2018,8 Tabby Dabney,R-Hand,11 Cana Davis,R-Hand,,DOWNM5,Ball,Walk,3--1,,,,0 Out,,6. Inning,UVA,Virginia Tech,,412;415,UVA vs Virginia Tech
UVA vs Virginia Tech (145),2089523,9576,R1,04-14-2018,19 Erika Osherow,R-Hand,6 Taylor Clark,R-Hand,,UR1,Foul,0--1,0--0,,,,0 Out,Bunt,6. Inning,UVA,Virginia Tech,,342;136,UVA vs Virginia Tech
UVA vs Virginia Tech (146),2099099,17684,R1,04-14-2018,19 Erika Osherow,R-Hand,6 Taylor Clark,R-Hand,,UM4,Ball in Play,,0--1,PF,Ground Out,,0 Out,Bunt,6. Inning,UVA,Virginia Tech,244;287,296;177,UVA vs Virginia Tech
UVA vs Virginia Tech (147),2116783,7407,R2,04-14-2018,19 Erika Osherow,R-Hand,27 Jessie Mehr,R-Hand,,LR1,Foul,0--1,0--0,,,,1 Out,,6. Inning,UVA,Virginia Tech,,328;342,UVA vs Virginia Tech
UVA vs Virginia Tech (148),2124191,25726,R2,04-14-2018,19 Erika Osherow,R-Hand,27 Jessie Mehr,R-Hand,,UR1,Ball in Play,,0--1,SRCF,Single,,1 Out,,6. Inning,UVA,Virginia Tech,348;162,306;150,UVA vs Virginia Tech
UVA vs Virginia Tech (149),2149917,7040,R2,04-14-2018,19 Erika Osherow,R-Hand,2 Caroline Schoenewald,R-Hand,,UR1,Foul,0--1,0--0,,,,1 Out,,6. Inning,UVA,Virginia Tech,,337;156,UVA vs Virginia Tech
UVA vs Virginia Tech (150),2156957,7207,R2,04-14-2018,19 Erika Osherow,R-Hand,2 Caroline Schoenewald,R-Hand,,LEFTM1,Ball,1--1,0--1,,,,1 Out,,6. Inning,UVA,Virginia Tech,,61;135,UVA vs Virginia Tech
UVA vs Virginia Tech (151),2164164,4137,R2,04-14-2018,19 Erika Osherow,R-Hand,2 Caroline Schoenewald,R-Hand,,UM4,Strike Swinging,1--2,1--1,,,,1 Out,,6. Inning,UVA,Virginia Tech,,264;191,UVA vs Virginia Tech
UVA vs Virginia Tech (152),2168302,6139,R2,04-14-2018,19 Erika Osherow,R-Hand,2 Caroline Schoenewald,R-Hand,,LR1,Foul,1--2,1--2,,,,1 Out,,6. Inning,UVA,Virginia Tech,,330;333,UVA vs Virginia Tech
UVA vs Virginia Tech (153),2174441,11478,R2,04-14-2018,19 Erika Osherow,R-Hand,2 Caroline Schoenewald,R-Hand,,UR3,Ball in Play,,1--2,3B2,Ground Out,,1 Out,,6. Inning,UVA,Virginia Tech,188;269,353;168,UVA vs Virginia Tech
UVA vs Virginia Tech (154),2185919,6673,R3,04-14-2018,19 Erika Osherow,R-Hand,10 Olivia Lattin,R-Hand,,UL4,Strike Called,0--1,0--0,,,,2 Out,,6. Inning,UVA,Virginia Tech,,169;189,UVA vs Virginia Tech
UVA vs Virginia Tech (155),2192593,6673,R3,04-14-2018,19 Erika Osherow,R-Hand,10 Olivia Lattin,R-Hand,,UPM2,Ball,1--1,0--1,,,,2 Out,,6. Inning,UVA,Virginia Tech,,101;66,UVA vs Virginia Tech
UVA vs Virginia Tech (156),2199266,7107,R3,04-14-2018,19 Erika Osherow,R-Hand,10 Olivia Lattin,R-Hand,,RIGHTM1,Strike Called,1--2,1--1,,,,2 Out,,6. Inning,UVA,Virginia Tech,,407;117,UVA vs Virginia Tech
UVA vs Virginia Tech (157),2206373,25559,R3,04-14-2018,19 Erika Osherow,R-Hand,10 Olivia Lattin,R-Hand,,ML2,Foul,1--2,1--2,,,,2 Out,,6. Inning,UVA,Virginia Tech,,186;205,UVA vs Virginia Tech
UVA vs Virginia Tech (158),2231932,7107,R3,04-14-2018,19 Erika Osherow,R-Hand,10 Olivia Lattin,R-Hand,,UR3,Foul,1--2,1--2,,,,2 Out,,6. Inning,UVA,Virginia Tech,,330;167,UVA vs Virginia Tech
UVA vs Virginia Tech (159),2239039,6106,R3,04-14-2018,19 Erika Osherow,R-Hand,10 Olivia Lattin,R-Hand,,UPM4,Ball,2--2,1--2,,,,2 Out,,6. Inning,UVA,Virginia Tech,,394;44,UVA vs Virginia Tech
UVA vs Virginia Tech (160),2245145,9309,R3,04-14-2018,19 Erika Osherow,R-Hand,10 Olivia Lattin,R-Hand,,UL2,Foul,2--2,2--2,,,,2 Out,,6. Inning,UVA,Virginia Tech,,181;132,UVA vs Virginia Tech
UVA vs Virginia Tech (161),2254454,6373,R3,04-14-2018,19 Erika Osherow,R-Hand,10 Olivia Lattin,R-Hand,,UM4,Foul,2--2,2--2,,,,2 Out,,6. Inning,UVA,Virginia Tech,,284;191,UVA vs Virginia Tech
UVA vs Virginia Tech (162),2260827,10611,R3,04-14-2018,19 Erika Osherow,R-Hand,10 Olivia Lattin,R-Hand,,UR3,Foul,2--2,2--2,,,,2 Out,,6. Inning,UVA,Virginia Tech,,352;165,UVA vs Virginia Tech
UVA vs Virginia Tech (163),2271438,7875,R3,04-14-2018,19 Erika Osherow,R-Hand,10 Olivia Lattin,R-Hand,,UPM3,Ball,3--2,2--2,,,,2 Out,,6. Inning,UVA,Virginia Tech,,229;59,UVA vs Virginia Tech
UVA vs Virginia Tech (164),2279313,12279,R3,04-14-2018,19 Erika Osherow,R-Hand,10 Olivia Lattin,R-Hand,,UPM5,Ball,Walk,3--2,,,,2 Out,,6. Inning,UVA,Virginia Tech,,411;59,UVA vs Virginia Tech
UVA vs Virginia Tech (165),2291592,11245,R12,04-14-2018,19 Erika Osherow,R-Hand,13 Caitlyn Nolan,R-Hand,,UM1,Strike Swinging,0--1,0--0,,,,2 Out,,6. Inning,UVA,Virginia Tech,,227;148,UVA vs Virginia Tech
UVA vs Virginia Tech (166),2302836,9610,R12,04-14-2018,19 Erika Osherow,R-Hand,13 Caitlyn Nolan,R-Hand,,UPM5,Ball,1--1,0--1,,,,2 Out,,6. Inning,UVA,Virginia Tech,,445;90,UVA vs Virginia Tech
UVA vs Virginia Tech (167),2312446,13881,R12,04-14-2018,19 Erika Osherow,R-Hand,13 Caitlyn Nolan,R-Hand,,UL2,Ball in Play,,1--1,MRCF,Fly Out,,2 Out,,6. Inning,UVA,Virginia Tech,335;132,197;153,UVA vs Virginia Tech
UVA vs Virginia Tech (168),2326326,8809,Bases Empty,04-14-2018,25 Carrie Eberle,R-Hand,5 Allison Davis`,R-Hand,Drop Ball,UR1,Foul,0--1,0--0,,,,0 Out,,6. Inning,Virginia Tech,UVA,,337;135,UVA vs Virginia Tech
UVA vs Virginia Tech (169),2335135,9977,Bases Empty,04-14-2018,25 Carrie Eberle,R-Hand,5 Allison Davis`,R-Hand,Drop Ball,DOWNM3,Ball,1--1,0--1,,,,0 Out,,6. Inning,Virginia Tech,UVA,,266;445,UVA vs Virginia Tech
UVA vs Virginia Tech (170),2345112,8308,Bases Empty,04-14-2018,25 Carrie Eberle,R-Hand,5 Allison Davis`,R-Hand,Drop Ball,DOWNM3,Ball,2--1,1--1,,,,0 Out,,6. Inning,Virginia Tech,UVA,,286;429,UVA vs Virginia Tech
UVA vs Virginia Tech (171),2353420,5572,Bases Empty,04-14-2018,25 Carrie Eberle,R-Hand,5 Allison Davis`,R-Hand,Changeup,DOWNM5,Ball,3--1,2--1,,,,0 Out,,6. Inning,Virginia Tech,UVA,,416;430,UVA vs Virginia Tech
UVA vs Virginia Tech (172),2358992,7908,Bases Empty,04-14-2018,25 Carrie Eberle,R-Hand,5 Allison Davis`,R-Hand,Fast Ball,UR3,Foul,3--2,3--1,,,,0 Out,,6. Inning,Virginia Tech,UVA,,357;170,UVA vs Virginia Tech
UVA vs Virginia Tech (173),2366900,10410,Bases Empty,04-14-2018,25 Carrie Eberle,R-Hand,5 Allison Davis`,R-Hand,Drop Ball,UM3,Ball in Play,,3--2,PF,Ground Out,,0 Out,,6. Inning,Virginia Tech,UVA,246;290,230;202,UVA vs Virginia Tech
UVA vs Virginia Tech (174),2377311,6340,Bases Empty,04-14-2018,25 Carrie Eberle,R-Hand,17 Hayley Busby,R-Hand,Drop Ball,UM3,Strike Swinging,0--1,0--0,,,,1 Out,,6. Inning,Virginia Tech,UVA,,215;188,UVA vs Virginia Tech
UVA vs Virginia Tech (175),2383650,7140,Bases Empty,04-14-2018,25 Carrie Eberle,R-Hand,17 Hayley Busby,R-Hand,Changeup,MR3,Strike Swinging,0--2,0--1,,,,1 Out,,6. Inning,Virginia Tech,UVA,,349;302,UVA vs Virginia Tech
UVA vs Virginia Tech (176),2390791,7441,Bases Empty,04-14-2018,25 Carrie Eberle,R-Hand,17 Hayley Busby,R-Hand,Drop Ball,UL4,Strike Swinging,Strikeout,0--2,,,,1 Out,,6. Inning,Virginia Tech,UVA,,178;167,UVA vs Virginia Tech
UVA vs Virginia Tech (177),2398232,7508,Bases Empty,04-14-2018,25 Carrie Eberle,R-Hand,63 Danni Ingraham,R-Hand,Changeup,LM3,Strike Swinging,0--1,0--0,,,,2 Out,,6. Inning,Virginia Tech,UVA,,236;362,UVA vs Virginia Tech
UVA vs Virginia Tech (178),2405739,5539,Bases Empty,04-14-2018,25 Carrie Eberle,R-Hand,63 Danni Ingraham,R-Hand,Drop Ball,LEFTM1,Ball,1--1,0--1,,,,2 Out,,6. Inning,Virginia Tech,UVA,,81;174,UVA vs Virginia Tech
UVA vs Virginia Tech (179),2411278,7641,Bases Empty,04-14-2018,25 Carrie Eberle,R-Hand,63 Danni Ingraham,R-Hand,Drop Ball,LM3,Ball,2--1,1--1,,,,2 Out,,6. Inning,Virginia Tech,UVA,,244;389,UVA vs Virginia Tech
UVA vs Virginia Tech (180),2418919,8308,Bases Empty,04-14-2018,25 Carrie Eberle,R-Hand,63 Danni Ingraham,R-Hand,Drop Ball,LR4,Ball,3--1,2--1,,,,2 Out,,6. Inning,Virginia Tech,UVA,,388;399,UVA vs Virginia Tech
UVA vs Virginia Tech (181),2427227,16550,Bases Empty,04-14-2018,25 Carrie Eberle,R-Hand,63 Danni Ingraham,R-Hand,Fast Ball,LR1,Ball in Play,,3--1,2B3,Ground Out,,2 Out,,6. Inning,Virginia Tech,UVA,284;207,353;338,UVA vs Virginia Tech
UVA vs Virginia Tech (182),2443777,8909,Bases Empty,04-14-2018,19 Erika Osherow,R-Hand,25 Carrie Eberle,R-Hand,,UR3,Foul,0--1,0--0,,,,0 Out,,7. Inning,UVA,Virginia Tech,,333;202,UVA vs Virginia Tech
UVA vs Virginia Tech (183),2452686,8175,Bases Empty,04-14-2018,19 Erika Osherow,R-Hand,25 Carrie Eberle,R-Hand,,UL4,Foul,0--2,0--1,,,,0 Out,,7. Inning,UVA,Virginia Tech,,202;167,UVA vs Virginia Tech
UVA vs Virginia Tech (184),2460861,6240,Bases Empty,04-14-2018,19 Erika Osherow,R-Hand,25 Carrie Eberle,R-Hand,,DOWNM2,Ball,1--2,0--2,,,,0 Out,,7. Inning,UVA,Virginia Tech,,126;440,UVA vs Virginia Tech
UVA vs Virginia Tech (185),2467100,13213,Bases Empty,04-14-2018,19 Erika Osherow,R-Hand,25 Carrie Eberle,R-Hand,,UR3,Ball in Play,,1--2,SS3,Ground Out,,0 Out,,7. Inning,UVA,Virginia Tech,201;231,301;173,UVA vs Virginia Tech
UVA vs Virginia Tech (186),2480314,4137,Bases Empty,04-14-2018,19 Erika Osherow,R-Hand,20 Sierra Walton,R-Hand,,MR3,Ball,1--0,0--0,,,,1 Out,,7. Inning,UVA,Virginia Tech,,323;304,UVA vs Virginia Tech
UVA vs Virginia Tech (187),2484451,9476,Bases Empty,04-14-2018,19 Erika Osherow,R-Hand,20 Sierra Walton,R-Hand,,UM2,Foul,1--1,1--0,,,,1 Out,,7. Inning,UVA,Virginia Tech,,290;148,UVA vs Virginia Tech
UVA vs Virginia Tech (188),2493927,6240,Bases Empty,04-14-2018,19 Erika Osherow,R-Hand,20 Sierra Walton,R-Hand,,UL3,Ball,2--1,1--1,,,,1 Out,,7. Inning,UVA,Virginia Tech,,151;172,UVA vs Virginia Tech
UVA vs Virginia Tech (189),2500167,11478,Bases Empty,04-14-2018,19 Erika Osherow,R-Hand,20 Sierra Walton,R-Hand,,LR2,Strike Called,2--2,2--1,,,,1 Out,,7. Inning,UVA,Virginia Tech,,374;358,UVA vs Virginia Tech
UVA vs Virginia Tech (190),2511645,6773,Bases Empty,04-14-2018,19 Erika Osherow,R-Hand,20 Sierra Walton,R-Hand,,DOWNM5,Ball,3--2,2--2,,,,1 Out,,7. Inning,UVA,Virginia Tech,,455;441,UVA vs Virginia Tech
UVA vs Virginia Tech (191),2518418,11645,Bases Empty,04-14-2018,19 Erika Osherow,R-Hand,20 Sierra Walton,R-Hand,,LR1,Ball in Play,,3--2,SS3,Ground Out,,1 Out,,7. Inning,UVA,Virginia Tech,192;204,342;346,UVA vs Virginia Tech
UVA vs Virginia Tech (192),2530063,6373,Bases Empty,04-14-2018,19 Erika Osherow,R-Hand,15 Sammi Miller,R-Hand,,UR2,Strike Called,0--1,0--0,,,,2 Out,,7. Inning,UVA,Virginia Tech,,386;152,UVA vs Virginia Tech
UVA vs Virginia Tech (193),2536436,7641,Bases Empty,04-14-2018,19 Erika Osherow,R-Hand,15 Sammi Miller,R-Hand,,RIGHTM3,Ball,1--1,0--1,,,,2 Out,,7. Inning,UVA,Virginia Tech,,432;402,UVA vs Virginia Tech
UVA vs Virginia Tech (194),2544077,14448,Bases Empty,04-14-2018,19 Erika Osherow,R-Hand,15 Sammi Miller,R-Hand,,LR1,Strike Swinging,1--2,1--1,,,,2 Out,,7. Inning,UVA,Virginia Tech,,324;326,UVA vs Virginia Tech
UVA vs Virginia Tech (195),2558525,8509,Bases Empty,04-14-2018,19 Erika Osherow,R-Hand,15 Sammi Miller,R-Hand,,UR3,Strike Called,Strikeout,1--2,,,,2 Out,,7. Inning,UVA,Virginia Tech,,327;159,UVA vs Virginia Tech
UVA vs Virginia Tech (196),2567034,12779,Bases Empty,04-14-2018,25 Carrie Eberle,R-Hand,24 Lacy Smith,R-Hand,Drop Ball,DOWNM4,Ball,1--0,0--0,,,,0 Out,,7. Inning,Virginia Tech,UVA,,350;435,UVA vs Virginia Tech
UVA vs Virginia Tech (197),2579813,7708,Bases Empty,04-14-2018,25 Carrie Eberle,R-Hand,24 Lacy Smith,R-Hand,Drop Ball,UL3,Strike Called,1--1,1--0,,,,0 Out,,7. Inning,Virginia Tech,UVA,,147;163,UVA vs Virginia Tech
UVA vs Virginia Tech (198),2587521,8442,Bases Empty,04-14-2018,25 Carrie Eberle,R-Hand,24 Lacy Smith,R-Hand,Drop Ball,UL4,Strike Called,1--2,1--1,,,,0 Out,,7. Inning,Virginia Tech,UVA,,165;190,UVA vs Virginia Tech
UVA vs Virginia Tech (199),2595963,8609,Bases Empty,04-14-2018,25 Carrie Eberle,R-Hand,24 Lacy Smith,R-Hand,Changeup,LR1,Foul,1--2,1--2,,,,0 Out,,7. Inning,Virginia Tech,UVA,,310;333,UVA vs Virginia Tech
UVA vs Virginia Tech (200),2604571,8976,Bases Empty,04-14-2018,25 Carrie Eberle,R-Hand,24 Lacy Smith,R-Hand,Drop Ball,LEFTM2,Ball,2--2,1--2,,,,0 Out,,7. Inning,Virginia Tech,UVA,,82;207,UVA vs Virginia Tech
UVA vs Virginia Tech (201),2613547,11245,Bases Empty,04-14-2018,25 Carrie Eberle,R-Hand,24 Lacy Smith,R-Hand,Drop Ball,UPM2,Ball,3--2,2--2,,,,0 Out,,7. Inning,Virginia Tech,UVA,,110;91,UVA vs Virginia Tech
UVA vs Virginia Tech (202),2624791,13514,Bases Empty,04-14-2018,25 Carrie Eberle,R-Hand,24 Lacy Smith,R-Hand,Fast Ball,UM4,Ball in Play,,3--2,3B3,Ground Out,,0 Out,,7. Inning,Virginia Tech,UVA,182;269,284;183,UVA vs Virginia Tech
UVA vs Virginia Tech (203),2638305,7040,Bases Empty,04-14-2018,25 Carrie Eberle,R-Hand,88 Olivia Gott,R-Hand,Drop Ball,MR1,Foul,0--1,0--0,,,,1 Out,,7. Inning,Virginia Tech,UVA,,312;211,UVA vs Virginia Tech
UVA vs Virginia Tech (204),2645345,6373,Bases Empty,04-14-2018,25 Carrie Eberle,R-Hand,88 Olivia Gott,R-Hand,Changeup,UR1,Strike Called,0--2,0--1,,,,1 Out,,7. Inning,Virginia Tech,UVA,,333;156,UVA vs Virginia Tech
UVA vs Virginia Tech (205),2651718,8408,Bases Empty,04-14-2018,25 Carrie Eberle,R-Hand,88 Olivia Gott,R-Hand,Drop Ball,UL1,Ball,1--2,0--2,,,,1 Out,,7. Inning,Virginia Tech,UVA,,100;101,UVA vs Virginia Tech
UVA vs Virginia Tech (206),2660127,10143,Bases Empty,04-14-2018,25 Carrie Eberle,R-Hand,88 Olivia Gott,R-Hand,Drop Ball,DOWNM3,Ball,2--2,1--2,,,,1 Out,,7. Inning,Virginia Tech,UVA,,279;455,UVA vs Virginia Tech
UVA vs Virginia Tech (207),2670270,8175,Bases Empty,04-14-2018,25 Carrie Eberle,R-Hand,88 Olivia Gott,R-Hand,Changeup,LR3,Foul,2--2,2--2,,,,1 Out,,7. Inning,Virginia Tech,UVA,,344;396,UVA vs Virginia Tech
UVA vs Virginia Tech (208),2678445,9610,Bases Empty,04-14-2018,25 Carrie Eberle,R-Hand,88 Olivia Gott,R-Hand,Drop Ball,MR3,Ball in Play,,2--2,2B3,Ground Out,,1 Out,,7. Inning,Virginia Tech,UVA,287;203,303;308,UVA vs Virginia Tech
UVA vs Virginia Tech (209),2688055,10908,Bases Empty,04-14-2018,25 Carrie Eberle,R-Hand,19 Erika Osherow,R-Hand,Drop Ball,UR3,Ball in Play,,0--0,2B3,Ground Out,,2 Out,,7. Inning,Virginia Tech,UVA,270;205,344;179,UVA vs Virginia Tech
