Name,Position,Duration,1. Baserunning Situation,1. Date,1. Pitchers Name,1. Pitchers Side,2. Hitters Name,2. Hitters Side,3. Pitch Type,4. Pitch Location,5. Catcher Throw Down,5. Game Pitch Result,6. Pitch Count,6. Previous Pitch Count,8. Hit Location,8. Hit Results,8. RBI,8. Well Hit,9. Outs,Period,Team 1. Pitchers Name,Team 2. Hitters Name,XY Hit Location,XY Pitch Location,Z-Game Details
UVA vs Virginia Tech,0,17985,Bases Empty,04-14-2018,24 Lacy Smith,R-Hand,2 Caroline Schoenewald,R-Hand,,MM3,,Strike Called,0--1,0--0,,,,,0 Out,1. Inning,UVA,Virginia Tech,,232;310,UVA vs Virginia Tech
UVA vs Virginia Tech (1),17985,23590,Bases Empty,04-14-2018,24 Lacy Smith,R-Hand,2 Caroline Schoenewald,R-Hand,,MM3,,Foul,0--2,0--1,,,,,0 Out,1. Inning,UVA,Virginia Tech,,227;271,UVA vs Virginia Tech
UVA vs Virginia Tech (2),41575,14014,Bases Empty,04-14-2018,24 Lacy Smith,R-Hand,2 Caroline Schoenewald,R-Hand,,,,Foul,0--2,0--2,,,,,0 Out,1. Inning,UVA,Virginia Tech,,,UVA vs Virginia Tech
UVA vs Virginia Tech (3),55589,8308,Bases Empty,04-14-2018,24 Lacy Smith,R-Hand,2 Caroline Schoenewald,R-Hand,,RIGHTM3,,Ball,1--2,0--2,,,,,0 Out,1. Inning,UVA,Virginia Tech,,444;298,UVA vs Virginia Tech
UVA vs Virginia Tech (4),63897,16416,Bases Empty,04-14-2018,24 Lacy Smith,R-Hand,2 Caroline Schoenewald,R-Hand,,MR1,,Foul,1--2,1--2,,,,,0 Out,1. Inning,UVA,Virginia Tech,,355;239,UVA vs Virginia Tech
UVA vs Virginia Tech (5),80314,12045,Bases Empty,04-14-2018,24 Lacy Smith,R-Hand,2 Caroline Schoenewald,R-Hand,,LL2,,Foul,1--2,1--2,,,,,0 Out,1. Inning,UVA,Virginia Tech,,173;335,UVA vs Virginia Tech
UVA vs Virginia Tech (6),92359,17317,Bases Empty,04-14-2018,24 Lacy Smith,R-Hand,2 Caroline Schoenewald,R-Hand,,DOWNM4,,Ball,2--2,1--2,,,,,0 Out,1. Inning,UVA,Virginia Tech,,371;469,UVA vs Virginia Tech
UVA vs Virginia Tech (7),109676,11044,Bases Empty,04-14-2018,24 Lacy Smith,R-Hand,2 Caroline Schoenewald,R-Hand,,UPM2,,Ball,3--2,2--2,,,,,0 Out,1. Inning,UVA,Virginia Tech,,169;3,UVA vs Virginia Tech
UVA vs Virginia Tech (8),120721,14848,Bases Empty,04-14-2018,24 Lacy Smith,R-Hand,2 Caroline Schoenewald,R-Hand,,UPM3,,Ball,Walk,3--2,,,,,0 Out,1. Inning,UVA,Virginia Tech,,296;70,UVA vs Virginia Tech
UVA vs Virginia Tech (9),135569,12145,R1,04-14-2018,24 Lacy Smith,R-Hand,10 Olivia Lattin,R-Hand,,UPM3,,Ball,1--0,0--0,,,,,0 Out,1. Inning,UVA,Virginia Tech,,242;66,UVA vs Virginia Tech
UVA vs Virginia Tech (10),147714,15415,R1,04-14-2018,24 Lacy Smith,R-Hand,10 Olivia Lattin,R-Hand,,DOWNM3,,Ball,2--0,1--0,,,,,0 Out,1. Inning,UVA,Virginia Tech,,297;459,UVA vs Virginia Tech
UVA vs Virginia Tech (11),163130,19019,R1,04-14-2018,24 Lacy Smith,R-Hand,10 Olivia Lattin,R-Hand,,MR3,,Foul,2--1,2--0,,,,,0 Out,1. Inning,UVA,Virginia Tech,,354;282,UVA vs Virginia Tech
UVA vs Virginia Tech (12),182149,28395,R1,04-14-2018,24 Lacy Smith,R-Hand,10 Olivia Lattin,R-Hand,,ML4,Catcher Throw SB,Strike Called,2--2,2--1,,,,,0 Out,1. Inning,UVA,Virginia Tech,,197;305,UVA vs Virginia Tech
UVA vs Virginia Tech (13),210544,18452,R2,04-14-2018,24 Lacy Smith,R-Hand,10 Olivia Lattin,R-Hand,,UPM1,,Foul,2--2,2--2,,,,,0 Out,1. Inning,UVA,Virginia Tech,,87;2,UVA vs Virginia Tech
UVA vs Virginia Tech (14),228996,15415,R2,04-14-2018,24 Lacy Smith,R-Hand,10 Olivia Lattin,R-Hand,,LR1,,Foul,2--2,2--2,,,,,0 Out,1. Inning,UVA,Virginia Tech,,344;324,UVA vs Virginia Tech
UVA vs Virginia Tech (15),244411,11778,R2,04-14-2018,24 Lacy Smith,R-Hand,10 Olivia Lattin,R-Hand,,MM2,,Foul,2--2,2--2,,,,,0 Out,1. Inning,UVA,Virginia Tech,,273;205,UVA vs Virginia Tech
UVA vs Virginia Tech (16),256190,17851,R2,04-14-2018,24 Lacy Smith,R-Hand,10 Olivia Lattin,R-Hand,,ML3,,Strike Called,Strikeout,2--2,,,,,0 Out,1. Inning,UVA,Virginia Tech,,125;301,UVA vs Virginia Tech
UVA vs Virginia Tech (17),274041,7841,R2,04-14-2018,24 Lacy Smith,R-Hand,14 Emma Strouth,R-Hand,,UPM3,,Ball,1--0,0--0,,,,,1 Out,1. Inning,UVA,Virginia Tech,,222;71,UVA vs Virginia Tech
UVA vs Virginia Tech (18),281882,14882,R2,04-14-2018,24 Lacy Smith,R-Hand,14 Emma Strouth,R-Hand,,LM1,,Ball in Play,,1--0,SRCF,Fly Out,,,1 Out,1. Inning,UVA,Virginia Tech,319;191,242;341,UVA vs Virginia Tech
UVA vs Virginia Tech (19),296763,13981,R2,04-14-2018,24 Lacy Smith,R-Hand,25 Carrie Eberle,R-Hand,,UPM4,,Strike Swinging,0--1,0--0,,,,,2 Out,1. Inning,UVA,Virginia Tech,,300;87,UVA vs Virginia Tech
UVA vs Virginia Tech (20),310744,9977,R2,04-14-2018,24 Lacy Smith,R-Hand,25 Carrie Eberle,R-Hand,,MM1,,Foul,0--2,0--1,,,,,2 Out,1. Inning,UVA,Virginia Tech,,230;207,UVA vs Virginia Tech
UVA vs Virginia Tech (21),320721,11645,R2,04-14-2018,24 Lacy Smith,R-Hand,25 Carrie Eberle,R-Hand,,UPM4,,Ball,1--2,0--2,,,,,2 Out,1. Inning,UVA,Virginia Tech,,385;59,UVA vs Virginia Tech
UVA vs Virginia Tech (22),332366,16850,R2,04-14-2018,24 Lacy Smith,R-Hand,25 Carrie Eberle,R-Hand,,UPM2,,Ball,2--2,1--2,,,,,2 Out,1. Inning,UVA,Virginia Tech,,100;63,UVA vs Virginia Tech
UVA vs Virginia Tech (23),349216,13046,R2,04-14-2018,24 Lacy Smith,R-Hand,25 Carrie Eberle,R-Hand,,UPM3,,Strike Swinging,Strikeout,2--2,,,,,2 Out,1. Inning,UVA,Virginia Tech,,229;84,UVA vs Virginia Tech
UVA vs Virginia Tech (24),362262,14882,Bases Empty,04-14-2018,7 Jordan Dail,L-Hand,5 Allison Davis`,R-Hand,Curve Ball,LL3,,Strike Called,0--1,0--0,,,,,0 Out,1. Inning,Virginia Tech,UVA,,131;406,UVA vs Virginia Tech
UVA vs Virginia Tech (25),377144,10143,Bases Empty,04-14-2018,7 Jordan Dail,L-Hand,5 Allison Davis`,R-Hand,Rise Ball,UPM4,,Ball,1--1,0--1,,,,,0 Out,1. Inning,Virginia Tech,UVA,,314;40,UVA vs Virginia Tech
UVA vs Virginia Tech (26),387287,15883,Bases Empty,04-14-2018,7 Jordan Dail,L-Hand,5 Allison Davis`,R-Hand,Curve Ball,UR2,,Foul,1--2,1--1,,,,,0 Out,1. Inning,Virginia Tech,UVA,,393;156,UVA vs Virginia Tech
UVA vs Virginia Tech (27),403170,15182,Bases Empty,04-14-2018,7 Jordan Dail,L-Hand,5 Allison Davis`,R-Hand,Rise Ball,UL3,,Ball in Play,,1--2,SCF2,Single,,,0 Out,1. Inning,Virginia Tech,UVA,274;159,113;202,UVA vs Virginia Tech
UVA vs Virginia Tech (28),418352,11578,R1,04-14-2018,7 Jordan Dail,L-Hand,17 Hayley Busby,R-Hand,Curve Ball,LEFTM3,,Ball,1--0,0--0,,,,,0 Out,1. Inning,Virginia Tech,UVA,,78;402,UVA vs Virginia Tech
UVA vs Virginia Tech (29),429930,8809,R1,04-14-2018,7 Jordan Dail,L-Hand,17 Hayley Busby,R-Hand,Curve Ball,LL3,,Strike Called,1--1,1--0,,,,,0 Out,1. Inning,Virginia Tech,UVA,,151;364,UVA vs Virginia Tech
UVA vs Virginia Tech (30),438739,18085,R1,04-14-2018,7 Jordan Dail,L-Hand,17 Hayley Busby,R-Hand,Curve Ball,LM1,,Ball in Play,,1--1,PF,Ground Out,,,0 Out,1. Inning,Virginia Tech,UVA,227;281,220;318,UVA vs Virginia Tech
UVA vs Virginia Tech (31),456823,12045,R2,04-14-2018,7 Jordan Dail,L-Hand,63 Danni Ingraham,R-Hand,Curve Ball,UR4,,Strike Called,0--1,0--0,,,,,1 Out,1. Inning,Virginia Tech,UVA,,363;175,UVA vs Virginia Tech
UVA vs Virginia Tech (32),468869,9042,R2,04-14-2018,7 Jordan Dail,L-Hand,63 Danni Ingraham,R-Hand,Rise Ball,UR1,,Strike Swinging,0--2,0--1,,,,,1 Out,1. Inning,Virginia Tech,UVA,,303;118,UVA vs Virginia Tech
UVA vs Virginia Tech (33),477911,12446,R2,04-14-2018,7 Jordan Dail,L-Hand,63 Danni Ingraham,R-Hand,Changeup,DOWNM4,,WP-PB,1--2,0--2,,,,,1 Out,1. Inning,Virginia Tech,UVA,,307;456,UVA vs Virginia Tech
UVA vs Virginia Tech (34),490357,22256,R3,04-14-2018,7 Jordan Dail,L-Hand,63 Danni Ingraham,R-Hand,Rise Ball,ML1,,Ball in Play,,1--2,Home Run LCF,Home Run,2 RBI,Well Hit Ball,1 Out,1. Inning,Virginia Tech,UVA,129;17,142;210,UVA vs Virginia Tech
UVA vs Virginia Tech (35),512613,14448,Bases Empty,04-14-2018,7 Jordan Dail,L-Hand,24 Lacy Smith,R-Hand,Curve Ball,ML1,,Strike Called,0--1,0--0,,,,,1 Out,1. Inning,Virginia Tech,UVA,,145;225,UVA vs Virginia Tech
UVA vs Virginia Tech (36),527060,9776,Bases Empty,04-14-2018,7 Jordan Dail,L-Hand,24 Lacy Smith,R-Hand,Changeup,DOWNM2,,Ball,1--1,0--1,,,,,1 Out,1. Inning,Virginia Tech,UVA,,168;446,UVA vs Virginia Tech
UVA vs Virginia Tech (37),536837,14948,Bases Empty,04-14-2018,7 Jordan Dail,L-Hand,24 Lacy Smith,R-Hand,Curve Ball,DOWNM2,,Ball,2--1,1--1,,,,,1 Out,1. Inning,Virginia Tech,UVA,,184;456,UVA vs Virginia Tech
UVA vs Virginia Tech (38),551785,11178,Bases Empty,04-14-2018,7 Jordan Dail,L-Hand,24 Lacy Smith,R-Hand,Curve Ball,ML2,,Strike Called,2--2,2--1,,,,,1 Out,1. Inning,Virginia Tech,UVA,,167;245,UVA vs Virginia Tech
UVA vs Virginia Tech (39),562963,12713,Bases Empty,04-14-2018,7 Jordan Dail,L-Hand,24 Lacy Smith,R-Hand,Changeup,DOWNM2,,Ball,3--2,2--2,,,,,1 Out,1. Inning,Virginia Tech,UVA,,135;482,UVA vs Virginia Tech
UVA vs Virginia Tech (40),575676,11345,Bases Empty,04-14-2018,7 Jordan Dail,L-Hand,24 Lacy Smith,R-Hand,Curve Ball,ML3,,Strike Called,Strikeout,3--2,,,,,1 Out,1. Inning,Virginia Tech,UVA,,140;295,UVA vs Virginia Tech
UVA vs Virginia Tech (41),587020,6773,Bases Empty,04-14-2018,7 Jordan Dail,L-Hand,88 Olivia Gott,R-Hand,Rise Ball,UPM3,,Ball,1--0,0--0,,,,,2 Out,1. Inning,Virginia Tech,UVA,,257;68,UVA vs Virginia Tech
UVA vs Virginia Tech (42),593794,13714,Bases Empty,04-14-2018,7 Jordan Dail,L-Hand,88 Olivia Gott,R-Hand,Curve Ball,LM2,,Strike Called,1--1,1--0,,,,,2 Out,1. Inning,Virginia Tech,UVA,,259;354,UVA vs Virginia Tech
UVA vs Virginia Tech (43),607508,12045,Bases Empty,04-14-2018,7 Jordan Dail,L-Hand,88 Olivia Gott,R-Hand,Curve Ball,LR1,,Strike Called,1--2,1--1,,,,,2 Out,1. Inning,Virginia Tech,UVA,,346;343,UVA vs Virginia Tech
UVA vs Virginia Tech (44),619553,11612,Bases Empty,04-14-2018,7 Jordan Dail,L-Hand,88 Olivia Gott,R-Hand,Rise Ball,UPM4,,Strike Swinging,Strikeout,1--2,,,,,2 Out,1. Inning,Virginia Tech,UVA,,310;93,UVA vs Virginia Tech
UVA vs Virginia Tech (45),631164,16617,Bases Empty,04-14-2018,24 Lacy Smith,R-Hand,20 Sierra Walton,R-Hand,,DOWNM3,,Ball,1--0,0--0,,,,,0 Out,2. Inning,UVA,Virginia Tech,,213;457,UVA vs Virginia Tech
UVA vs Virginia Tech (46),647781,13981,Bases Empty,04-14-2018,24 Lacy Smith,R-Hand,20 Sierra Walton,R-Hand,,MR1,,Foul,1--1,1--0,,,,,0 Out,2. Inning,UVA,Virginia Tech,,319;249,UVA vs Virginia Tech
UVA vs Virginia Tech (47),661762,12212,Bases Empty,04-14-2018,24 Lacy Smith,R-Hand,20 Sierra Walton,R-Hand,,RIGHTM1,,Ball,2--1,1--1,,,,,0 Out,2. Inning,UVA,Virginia Tech,,451;187,UVA vs Virginia Tech
UVA vs Virginia Tech (48),673974,22256,Bases Empty,04-14-2018,24 Lacy Smith,R-Hand,20 Sierra Walton,R-Hand,,MR2,,Foul,2--2,2--1,,,,,0 Out,2. Inning,UVA,Virginia Tech,,373;215,UVA vs Virginia Tech
UVA vs Virginia Tech (49),696230,14915,Bases Empty,04-14-2018,24 Lacy Smith,R-Hand,20 Sierra Walton,R-Hand,,UPM4,,Ball,3--2,2--2,,,,,0 Out,2. Inning,UVA,Virginia Tech,,324;82,UVA vs Virginia Tech
UVA vs Virginia Tech (50),711144,17518,Bases Empty,04-14-2018,24 Lacy Smith,R-Hand,20 Sierra Walton,R-Hand,,LM4,,Ball in Play,,3--2,SS3,Ground Out,,,0 Out,2. Inning,UVA,Virginia Tech,209;212,267;382,UVA vs Virginia Tech
UVA vs Virginia Tech (51),728662,7708,Bases Empty,04-14-2018,24 Lacy Smith,R-Hand,13 Caitlyn Nolan,R-Hand,,RIGHTM3,,Ball,1--0,0--0,,,,,1 Out,2. Inning,UVA,Virginia Tech,,444;338,UVA vs Virginia Tech
UVA vs Virginia Tech (52),736370,8408,Bases Empty,04-14-2018,24 Lacy Smith,R-Hand,13 Caitlyn Nolan,R-Hand,,DOWNM2,,Ball,2--0,1--0,,,,,1 Out,2. Inning,UVA,Virginia Tech,,140;458,UVA vs Virginia Tech
UVA vs Virginia Tech (53),744778,11044,Bases Empty,04-14-2018,24 Lacy Smith,R-Hand,13 Caitlyn Nolan,R-Hand,,UPM5,,Ball,3--0,2--0,,,,,1 Out,2. Inning,UVA,Virginia Tech,,427;68,UVA vs Virginia Tech
UVA vs Virginia Tech (54),755822,14715,Bases Empty,04-14-2018,24 Lacy Smith,R-Hand,13 Caitlyn Nolan,R-Hand,,UPM4,,Ball,Walk,3--0,,,,,1 Out,2. Inning,UVA,Virginia Tech,,318;81,UVA vs Virginia Tech
UVA vs Virginia Tech (55),770537,13046,R1,04-14-2018,24 Lacy Smith,R-Hand,11 Cana Davis,R-Hand,,RIGHTM1,,Ball,1--0,0--0,,,,,1 Out,2. Inning,UVA,Virginia Tech,,430;130,UVA vs Virginia Tech
UVA vs Virginia Tech (56),783584,8609,R1,04-14-2018,24 Lacy Smith,R-Hand,11 Cana Davis,R-Hand,,DOWNM4,,Ball,2--0,1--0,,,,,1 Out,2. Inning,UVA,Virginia Tech,,365;431,UVA vs Virginia Tech
UVA vs Virginia Tech (57),792192,10143,R1,04-14-2018,24 Lacy Smith,R-Hand,11 Cana Davis,R-Hand,,LR3,,Strike Called,2--1,2--0,,,,,1 Out,2. Inning,UVA,Virginia Tech,,335;381,UVA vs Virginia Tech
UVA vs Virginia Tech (58),802336,10010,R1,04-14-2018,24 Lacy Smith,R-Hand,11 Cana Davis,R-Hand,,UPM3,,Ball,3--1,2--1,,,,,1 Out,2. Inning,UVA,Virginia Tech,,291;75,UVA vs Virginia Tech
UVA vs Virginia Tech (59),812346,16450,R2,04-14-2018,24 Lacy Smith,R-Hand,11 Cana Davis,R-Hand,,MR3,,Ball in Play,,3--1,SS3,Single,,,1 Out,2. Inning,UVA,Virginia Tech,207;219,303;283,UVA vs Virginia Tech
UVA vs Virginia Tech (60),828795,18485,R12,04-14-2018,24 Lacy Smith,R-Hand,6 Taylor Clark,R-Hand,,DOWNM5,,Ball,1--0,0--0,,,,,1 Out,2. Inning,UVA,Virginia Tech,,424;452,UVA vs Virginia Tech
UVA vs Virginia Tech (61),847281,13280,R12,04-14-2018,24 Lacy Smith,R-Hand,6 Taylor Clark,R-Hand,,DOWNM3,,Ball,2--0,1--0,,,,,1 Out,2. Inning,UVA,Virginia Tech,,296;443,UVA vs Virginia Tech
UVA vs Virginia Tech (62),860561,18619,R12,04-14-2018,24 Lacy Smith,R-Hand,6 Taylor Clark,R-Hand,,MR3,,Foul,2--1,2--0,,,,,1 Out,2. Inning,UVA,Virginia Tech,,352;304,UVA vs Virginia Tech
UVA vs Virginia Tech (63),879179,14481,R12,04-14-2018,24 Lacy Smith,R-Hand,6 Taylor Clark,R-Hand,,UPM3,,Ball,3--1,2--1,,,,,1 Out,2. Inning,UVA,Virginia Tech,,225;37,UVA vs Virginia Tech
UVA vs Virginia Tech (64),893660,14715,R12,04-14-2018,24 Lacy Smith,R-Hand,6 Taylor Clark,R-Hand,,DOWNM5,,Ball,Walk,3--1,,,,,1 Out,2. Inning,UVA,Virginia Tech,,440;450,UVA vs Virginia Tech
UVA vs Virginia Tech (65),908375,12779,R123,04-14-2018,19 Erika Osherow,R-Hand,27 Jessie Mehr,R-Hand,,,,,,,,,,,1 Out,2. Inning,UVA,Virginia Tech,,,UVA vs Virginia Tech
UVA vs Virginia Tech (66),921154,17784,R123,04-14-2018,19 Erika Osherow,R-Hand,27 Jessie Mehr,R-Hand,,DOWNM5,,Ball,1--0,0--0,,,,,1 Out,2. Inning,UVA,Virginia Tech,,435;456,UVA vs Virginia Tech
UVA vs Virginia Tech (67),938939,14515,R123,04-14-2018,19 Erika Osherow,R-Hand,27 Jessie Mehr,R-Hand,,LR1,,Strike Called,1--1,1--0,,,,,1 Out,2. Inning,UVA,Virginia Tech,,334;351,UVA vs Virginia Tech
UVA vs Virginia Tech (68),953453,15382,R123,04-14-2018,19 Erika Osherow,R-Hand,27 Jessie Mehr,R-Hand,,LR3,,Foul,1--2,1--1,,,,,1 Out,2. Inning,UVA,Virginia Tech,,341;375,UVA vs Virginia Tech
UVA vs Virginia Tech (69),968836,10944,R123,04-14-2018,19 Erika Osherow,R-Hand,27 Jessie Mehr,R-Hand,,DOWNM4,,Ball,2--2,1--2,,,,,1 Out,2. Inning,UVA,Virginia Tech,,343;441,UVA vs Virginia Tech
UVA vs Virginia Tech (70),979780,17284,R123,04-14-2018,19 Erika Osherow,R-Hand,27 Jessie Mehr,R-Hand,,MM4,,Ball in Play,,2--2,PF,Fly Out,,,1 Out,2. Inning,UVA,Virginia Tech,239;299,282;299,UVA vs Virginia Tech
UVA vs Virginia Tech (71),997064,19386,R123,04-14-2018,19 Erika Osherow,R-Hand,2 Caroline Schoenewald,R-Hand,,DOWNM5,,Ball,1--0,0--0,,,,,2 Out,2. Inning,UVA,Virginia Tech,,410;441,UVA vs Virginia Tech
UVA vs Virginia Tech (72),1016450,19186,R123,04-14-2018,19 Erika Osherow,R-Hand,2 Caroline Schoenewald,R-Hand,,ML4,,Ball in Play,,1--0,FB1B,Fly Out,,,2 Out,2. Inning,UVA,Virginia Tech,330;302,190;307,UVA vs Virginia Tech
UVA vs Virginia Tech (73),1035636,9243,Bases Empty,04-14-2018,7 Jordan Dail,L-Hand,19 Erika Osherow,R-Hand,Curve Ball,LR3,,Strike Called,0--1,0--0,,,,,0 Out,2. Inning,Virginia Tech,UVA,,344;376,UVA vs Virginia Tech
UVA vs Virginia Tech (74),1044878,15816,Bases Empty,04-14-2018,7 Jordan Dail,L-Hand,19 Erika Osherow,R-Hand,Rise Ball,MM2,,Ball in Play,,0--1,DCF2,Fly Out,,,0 Out,2. Inning,Virginia Tech,UVA,272;97,253;223,UVA vs Virginia Tech
UVA vs Virginia Tech (75),1060694,9743,Bases Empty,04-14-2018,7 Jordan Dail,L-Hand,15 Ashlee Davis,R-Hand,Curve Ball,ML2,,Foul,0--1,0--0,,,,,1 Out,2. Inning,Virginia Tech,UVA,,184;247,UVA vs Virginia Tech
UVA vs Virginia Tech (76),1070437,9776,Bases Empty,04-14-2018,7 Jordan Dail,L-Hand,15 Ashlee Davis,R-Hand,Rise Ball,UPM4,,Ball,1--1,0--1,,,,,1 Out,2. Inning,Virginia Tech,UVA,,307;48,UVA vs Virginia Tech
UVA vs Virginia Tech (77),1080214,10043,Bases Empty,04-14-2018,7 Jordan Dail,L-Hand,15 Ashlee Davis,R-Hand,Curve Ball,LM2,,Foul,1--2,1--1,,,,,1 Out,2. Inning,Virginia Tech,UVA,,291;333,UVA vs Virginia Tech
UVA vs Virginia Tech (78),1090257,9009,Bases Empty,04-14-2018,7 Jordan Dail,L-Hand,15 Ashlee Davis,R-Hand,Changeup,DOWNM1,,Ball,2--2,1--2,,,,,1 Out,2. Inning,Virginia Tech,UVA,,86;465,UVA vs Virginia Tech
UVA vs Virginia Tech (79),1099266,12412,Bases Empty,04-14-2018,7 Jordan Dail,L-Hand,15 Ashlee Davis,R-Hand,Curve Ball,DOWNM2,,Ball,3--2,2--2,,,,,1 Out,2. Inning,Virginia Tech,UVA,,103;448,UVA vs Virginia Tech
UVA vs Virginia Tech (80),1111678,15516,Bases Empty,04-14-2018,7 Jordan Dail,L-Hand,15 Ashlee Davis,R-Hand,Curve Ball,LL2,,Ball in Play,,3--2,SLCF,Single,,,1 Out,2. Inning,Virginia Tech,UVA,173;163,196;332,UVA vs Virginia Tech
UVA vs Virginia Tech (81),1127194,7774,R1,04-14-2018,7 Jordan Dail,L-Hand,10 Kate Covington,R-Hand,Curve Ball,DOWNM1,,Ball,1--0,0--0,,,,,1 Out,2. Inning,Virginia Tech,UVA,,78;447,UVA vs Virginia Tech
UVA vs Virginia Tech (82),1134968,8809,R1,04-14-2018,7 Jordan Dail,L-Hand,10 Kate Covington,R-Hand,Curve Ball,ML3,,Foul,1--1,1--0,,,,,1 Out,2. Inning,Virginia Tech,UVA,,156;278,UVA vs Virginia Tech
UVA vs Virginia Tech (83),1143777,8542,R1,04-14-2018,7 Jordan Dail,L-Hand,10 Kate Covington,R-Hand,Rise Ball,UPM4,,Ball,2--1,1--1,,,,,1 Out,2. Inning,Virginia Tech,UVA,,324;66,UVA vs Virginia Tech
UVA vs Virginia Tech (84),1152319,22256,R1,04-14-2018,7 Jordan Dail,L-Hand,10 Kate Covington,R-Hand,Curve Ball,MM3,,Ball in Play,,2--1,DLF,Double,,,1 Out,2. Inning,Virginia Tech,UVA,59;134,237;289,UVA vs Virginia Tech
UVA vs Virginia Tech (85),1174575,13914,R23,04-14-2018,7 Jordan Dail,L-Hand,2 Savana Avilla,L-Hand,Curve Ball,DOWNM2,,Strike Called,0--1,0--0,,,,,1 Out,2. Inning,Virginia Tech,UVA,,103;411,UVA vs Virginia Tech
UVA vs Virginia Tech (86),1188488,10711,R23,04-14-2018,7 Jordan Dail,L-Hand,2 Savana Avilla,L-Hand,Curve Ball,DOWNM3,,Ball,1--1,0--1,,,,,1 Out,2. Inning,Virginia Tech,UVA,,212;461,UVA vs Virginia Tech
UVA vs Virginia Tech (87),1199199,16083,R23,04-14-2018,7 Jordan Dail,L-Hand,2 Savana Avilla,L-Hand,Curve Ball,LL3,,Strike Called,1--2,1--1,,,,,1 Out,2. Inning,Virginia Tech,UVA,,146;390,UVA vs Virginia Tech
UVA vs Virginia Tech (88),1215282,16717,R23,04-14-2018,7 Jordan Dail,L-Hand,2 Savana Avilla,L-Hand,Rise Ball,UR1,,Strike Swinging,Strikeout,1--2,,,,,1 Out,2. Inning,Virginia Tech,UVA,,358;156,UVA vs Virginia Tech
UVA vs Virginia Tech (89),1231999,12346,R23,04-14-2018,7 Jordan Dail,L-Hand,5 Allison Davis`,R-Hand,Curve Ball,LM1,,Foul,0--1,0--0,,,,,2 Out,2. Inning,Virginia Tech,UVA,,215;318,UVA vs Virginia Tech
UVA vs Virginia Tech (90),1244344,10244,R23,04-14-2018,7 Jordan Dail,L-Hand,5 Allison Davis`,R-Hand,Rise Ball,UL3,,Strike Called,0--2,0--1,,,,,2 Out,2. Inning,Virginia Tech,UVA,,138;196,UVA vs Virginia Tech
UVA vs Virginia Tech (91),1254588,13881,R23,04-14-2018,7 Jordan Dail,L-Hand,5 Allison Davis`,R-Hand,Changeup,UPM3,,Ball,1--2,0--2,,,,,2 Out,2. Inning,Virginia Tech,UVA,,258;53,UVA vs Virginia Tech
UVA vs Virginia Tech (92),1268468,13981,R23,04-14-2018,7 Jordan Dail,L-Hand,5 Allison Davis`,R-Hand,Rise Ball,UL3,,Strike Swinging,Strikeout,1--2,,,,,2 Out,2. Inning,Virginia Tech,UVA,,156;191,UVA vs Virginia Tech
UVA vs Virginia Tech (93),1282449,21822,Bases Empty,04-14-2018,19 Erika Osherow,R-Hand,10 Olivia Lattin,R-Hand,,DOWNM3,,Ball,1--0,0--0,,,,,0 Out,3. Inning,UVA,Virginia Tech,,231;455,UVA vs Virginia Tech
UVA vs Virginia Tech (94),1304271,11879,Bases Empty,04-14-2018,19 Erika Osherow,R-Hand,10 Olivia Lattin,R-Hand,,LR3,,Strike Called,1--1,1--0,,,,,0 Out,3. Inning,UVA,Virginia Tech,,300;380,UVA vs Virginia Tech
UVA vs Virginia Tech (95),1316149,19186,Bases Empty,04-14-2018,19 Erika Osherow,R-Hand,10 Olivia Lattin,R-Hand,,MM3,,Ball in Play,,1--1,MCF2,Fly Out,,,0 Out,3. Inning,UVA,Virginia Tech,252;132,209;300,UVA vs Virginia Tech
UVA vs Virginia Tech (96),1335335,14982,Bases Empty,04-14-2018,19 Erika Osherow,R-Hand,14 Emma Strouth,R-Hand,,MM4,,Ball in Play,,0--0,SRCF,Fly Out,,,1 Out,3. Inning,UVA,Virginia Tech,374;157,259;295,UVA vs Virginia Tech
UVA vs Virginia Tech (97),1350317,7841,Bases Empty,04-14-2018,19 Erika Osherow,R-Hand,25 Carrie Eberle,R-Hand,,DOWNM1,,Ball,1--0,0--0,,,,,2 Out,3. Inning,UVA,Virginia Tech,,73;428,UVA vs Virginia Tech
UVA vs Virginia Tech (98),1358158,16483,Bases Empty,04-14-2018,19 Erika Osherow,R-Hand,25 Carrie Eberle,R-Hand,,DOWNM3,,Strike Swinging,1--1,1--0,,,,,2 Out,3. Inning,UVA,Virginia Tech,,266;418,UVA vs Virginia Tech
UVA vs Virginia Tech (99),1374641,10878,Bases Empty,04-14-2018,19 Erika Osherow,R-Hand,25 Carrie Eberle,R-Hand,,RIGHTM2,,Ball,2--1,1--1,,,,,2 Out,3. Inning,UVA,Virginia Tech,,425;265,UVA vs Virginia Tech
UVA vs Virginia Tech (100),1385519,17518,Bases Empty,04-14-2018,19 Erika Osherow,R-Hand,25 Carrie Eberle,R-Hand,,DOWNM4,,Ball,3--1,2--1,,,,,2 Out,3. Inning,UVA,Virginia Tech,,299;445,UVA vs Virginia Tech
UVA vs Virginia Tech (101),1403036,28595,Bases Empty,04-14-2018,19 Erika Osherow,R-Hand,25 Carrie Eberle,R-Hand,,DOWNM4,,Ball,Walk,3--1,,,,,2 Out,3. Inning,UVA,Virginia Tech,,372;426,UVA vs Virginia Tech
UVA vs Virginia Tech (102),1431632,9343,R1,04-14-2018,19 Erika Osherow,R-Hand,20 Sierra Walton,R-Hand,,DOWNM1,,Ball,1--0,0--0,,,,,2 Out,3. Inning,UVA,Virginia Tech,,56;436,UVA vs Virginia Tech
UVA vs Virginia Tech (103),1440974,11912,R1,04-14-2018,19 Erika Osherow,R-Hand,20 Sierra Walton,R-Hand,,LR4,,Strike Called,1--1,1--0,,,,,2 Out,3. Inning,UVA,Virginia Tech,,372;368,UVA vs Virginia Tech
UVA vs Virginia Tech (104),1452886,19052,R1,04-14-2018,19 Erika Osherow,R-Hand,20 Sierra Walton,R-Hand,,LM2,,Ball in Play,,1--1,SCF1,Single,,,2 Out,3. Inning,UVA,Virginia Tech,201;160,261;319,UVA vs Virginia Tech
UVA vs Virginia Tech (105),1471939,24858,R23,04-14-2018,19 Erika Osherow,R-Hand,13 Caitlyn Nolan,R-Hand,,DOWNM3,,Ball,1--0,0--0,,,,,2 Out,3. Inning,UVA,Virginia Tech,,289;460,UVA vs Virginia Tech
UVA vs Virginia Tech (106),1496797,13814,R23,04-14-2018,19 Erika Osherow,R-Hand,13 Caitlyn Nolan,R-Hand,,LR1,,Strike Called,1--1,1--0,,,,,2 Out,3. Inning,UVA,Virginia Tech,,298;340,UVA vs Virginia Tech
UVA vs Virginia Tech (107),1510611,15883,R23,04-14-2018,19 Erika Osherow,R-Hand,13 Caitlyn Nolan,R-Hand,,UM4,,Ball in Play,,1--1,1B2,Fly Out,,,2 Out,3. Inning,UVA,Virginia Tech,296;282,261;201,UVA vs Virginia Tech
UVA vs Virginia Tech (108),1526493,11178,Bases Empty,04-14-2018,7 Jordan Dail,L-Hand,17 Hayley Busby,R-Hand,Curve Ball,MR3,,Strike Called,0--1,0--0,,,,,0 Out,3. Inning,Virginia Tech,UVA,,322;276,UVA vs Virginia Tech
UVA vs Virginia Tech (109),1537671,11011,Bases Empty,04-14-2018,7 Jordan Dail,L-Hand,17 Hayley Busby,R-Hand,Rise Ball,UPM2,,Ball,1--1,0--1,,,,,0 Out,3. Inning,Virginia Tech,UVA,,119;59,UVA vs Virginia Tech
UVA vs Virginia Tech (110),1548682,19052,Bases Empty,04-14-2018,7 Jordan Dail,L-Hand,17 Hayley Busby,R-Hand,Curve Ball,MM4,,Ball in Play,,1--1,SS3,Line Out,,,0 Out,3. Inning,Virginia Tech,UVA,208;225,276;302,UVA vs Virginia Tech
UVA vs Virginia Tech (111),1567734,8442,Bases Empty,04-14-2018,7 Jordan Dail,L-Hand,63 Danni Ingraham,R-Hand,Curve Ball,RIGHTM2,,Ball,1--0,0--0,,,,,1 Out,3. Inning,Virginia Tech,UVA,,446;301,UVA vs Virginia Tech
UVA vs Virginia Tech (112),1576176,13347,Bases Empty,04-14-2018,7 Jordan Dail,L-Hand,63 Danni Ingraham,R-Hand,Curve Ball,,,Ball,2--0,1--0,,,,,1 Out,3. Inning,Virginia Tech,UVA,,,UVA vs Virginia Tech
UVA vs Virginia Tech (113),1589523,16383,Bases Empty,04-14-2018,7 Jordan Dail,L-Hand,63 Danni Ingraham,R-Hand,Curve Ball,LM4,,Strike Called,2--1,2--0,,,,,1 Out,3. Inning,Virginia Tech,UVA,,262;386,UVA vs Virginia Tech
UVA vs Virginia Tech (114),1605906,13013,Bases Empty,04-14-2018,7 Jordan Dail,L-Hand,63 Danni Ingraham,R-Hand,Curve Ball,MM1,,Ball in Play,,2--1,MRCF,Fly Out,,,1 Out,3. Inning,Virginia Tech,UVA,352;134,229;234,UVA vs Virginia Tech
UVA vs Virginia Tech (115),1618919,8141,Bases Empty,04-14-2018,7 Jordan Dail,L-Hand,24 Lacy Smith,R-Hand,Curve Ball,MM2,,Foul,0--1,0--0,,,,,2 Out,3. Inning,Virginia Tech,UVA,,257;207,UVA vs Virginia Tech
UVA vs Virginia Tech (116),1627060,6573,Bases Empty,04-14-2018,7 Jordan Dail,L-Hand,24 Lacy Smith,R-Hand,Rise Ball,UPM2,,Ball,1--1,0--1,,,,,2 Out,3. Inning,Virginia Tech,UVA,,177;66,UVA vs Virginia Tech
UVA vs Virginia Tech (117),1633634,13981,Bases Empty,04-14-2018,7 Jordan Dail,L-Hand,24 Lacy Smith,R-Hand,Curve Ball,MM1,,Strike Swinging,1--2,1--1,,,,,2 Out,3. Inning,Virginia Tech,UVA,,218;222,UVA vs Virginia Tech
UVA vs Virginia Tech (118),1647614,12145,Bases Empty,04-14-2018,7 Jordan Dail,L-Hand,24 Lacy Smith,R-Hand,Changeup,UPM3,,Ball,2--2,1--2,,,,,2 Out,3. Inning,Virginia Tech,UVA,,288;65,UVA vs Virginia Tech
UVA vs Virginia Tech (119),1659760,7641,Bases Empty,04-14-2018,7 Jordan Dail,L-Hand,24 Lacy Smith,R-Hand,Curve Ball,ML1,,Foul,2--2,2--2,,,,,2 Out,3. Inning,Virginia Tech,UVA,,135;227,UVA vs Virginia Tech
UVA vs Virginia Tech (120),1667401,12779,Bases Empty,04-14-2018,7 Jordan Dail,L-Hand,24 Lacy Smith,R-Hand,Changeup,LR1,,Strike Called,Strikeout,2--2,,,,,2 Out,3. Inning,Virginia Tech,UVA,,305;318,UVA vs Virginia Tech
UVA vs Virginia Tech (121),1680180,19319,Bases Empty,04-14-2018,19 Erika Osherow,R-Hand,11 Cana Davis,R-Hand,,LR1,,Ball,1--0,0--0,,,,,0 Out,4. Inning,UVA,Virginia Tech,,353;330,UVA vs Virginia Tech
UVA vs Virginia Tech (122),1699500,10711,Bases Empty,04-14-2018,19 Erika Osherow,R-Hand,11 Cana Davis,R-Hand,,MM1,,Strike Called,1--1,1--0,,,,,0 Out,4. Inning,UVA,Virginia Tech,,204;247,UVA vs Virginia Tech
UVA vs Virginia Tech (123),1710210,8775,Bases Empty,04-14-2018,19 Erika Osherow,R-Hand,11 Cana Davis,R-Hand,,LR3,,Ball,2--1,1--1,,,,,0 Out,4. Inning,UVA,Virginia Tech,,344;368,UVA vs Virginia Tech
UVA vs Virginia Tech (124),1718986,11912,Bases Empty,04-14-2018,19 Erika Osherow,R-Hand,11 Cana Davis,R-Hand,,LM1,,Ball,3--1,2--1,,,,,0 Out,4. Inning,UVA,Virginia Tech,,234;328,UVA vs Virginia Tech
UVA vs Virginia Tech (125),1730898,8141,Bases Empty,04-14-2018,19 Erika Osherow,R-Hand,11 Cana Davis,R-Hand,,ML1,,Foul,3--2,3--1,,,,,0 Out,4. Inning,UVA,Virginia Tech,,137;233,UVA vs Virginia Tech
UVA vs Virginia Tech (126),1739039,12946,Bases Empty,04-14-2018,19 Erika Osherow,R-Hand,11 Cana Davis,R-Hand,,MM1,,Foul,3--2,3--2,,,,,0 Out,4. Inning,UVA,Virginia Tech,,206;242,UVA vs Virginia Tech
UVA vs Virginia Tech (127),1751985,27828,Bases Empty,04-14-2018,19 Erika Osherow,R-Hand,11 Cana Davis,R-Hand,,ML1,,Ball in Play,,3--2,DRF,Triple,,,0 Out,4. Inning,UVA,Virginia Tech,403;118,98;229,UVA vs Virginia Tech
UVA vs Virginia Tech (128),1779813,17184,R3,04-14-2018,19 Erika Osherow,R-Hand,6 Taylor Clark,R-Hand,,MR1,,Ball,1--0,0--0,,,,,0 Out,4. Inning,UVA,Virginia Tech,,349;258,UVA vs Virginia Tech
UVA vs Virginia Tech (129),1796997,17784,R3,04-14-2018,19 Erika Osherow,R-Hand,6 Taylor Clark,R-Hand,,LR1,,Ball,2--0,1--0,,,,,0 Out,4. Inning,UVA,Virginia Tech,,342;353,UVA vs Virginia Tech
UVA vs Virginia Tech (130),1814781,10077,R3,04-14-2018,19 Erika Osherow,R-Hand,6 Taylor Clark,R-Hand,,MR1,,Foul,2--1,2--0,,,,,0 Out,4. Inning,UVA,Virginia Tech,,326;221,UVA vs Virginia Tech
UVA vs Virginia Tech (131),1824858,15682,R3,04-14-2018,19 Erika Osherow,R-Hand,6 Taylor Clark,R-Hand,,ML3,,Foul,2--2,2--1,,,,,0 Out,4. Inning,UVA,Virginia Tech,,107;269,UVA vs Virginia Tech
UVA vs Virginia Tech (132),1840541,13547,R3,04-14-2018,19 Erika Osherow,R-Hand,6 Taylor Clark,R-Hand,,UM1,,Ball,3--2,2--2,,,,,0 Out,4. Inning,UVA,Virginia Tech,,230;146,UVA vs Virginia Tech
UVA vs Virginia Tech (133),1854087,16517,R3,04-14-2018,19 Erika Osherow,R-Hand,6 Taylor Clark,R-Hand,,MR3,,Foul,3--2,3--2,,,,,0 Out,4. Inning,UVA,Virginia Tech,,349;276,UVA vs Virginia Tech
UVA vs Virginia Tech (134),1870604,12579,R3,04-14-2018,19 Erika Osherow,R-Hand,6 Taylor Clark,R-Hand,,LM3,,Ball,Walk,3--2,,,,,0 Out,4. Inning,UVA,Virginia Tech,,232;368,UVA vs Virginia Tech
UVA vs Virginia Tech (135),1883183,12279,R13,04-14-2018,19 Erika Osherow,R-Hand,27 Jessie Mehr,R-Hand,,UL4,,Ball,1--0,0--0,,,,,0 Out,4. Inning,UVA,Virginia Tech,,172;176,UVA vs Virginia Tech
UVA vs Virginia Tech (136),1895462,26293,R13,04-14-2018,19 Erika Osherow,R-Hand,27 Jessie Mehr,R-Hand,,MR1,,Ball in Play,,1--0,Home Run LF,Home Run,3 RBI,Well Hit Ball,0 Out,4. Inning,UVA,Virginia Tech,57;24,360;222,UVA vs Virginia Tech
UVA vs Virginia Tech (137),1921755,13413,Bases Empty,04-14-2018,24 Lacy Smith,R-Hand,2 Caroline Schoenewald,R-Hand,,LM1,,Ball,1--0,0--0,,,,,0 Out,4. Inning,UVA,Virginia Tech,,210;326,UVA vs Virginia Tech
UVA vs Virginia Tech (138),1935169,11745,Bases Empty,04-14-2018,24 Lacy Smith,R-Hand,2 Caroline Schoenewald,R-Hand,,MR1,,Foul,1--1,1--0,,,,,0 Out,4. Inning,UVA,Virginia Tech,,333;259,UVA vs Virginia Tech
UVA vs Virginia Tech (139),1946914,8408,Bases Empty,04-14-2018,24 Lacy Smith,R-Hand,2 Caroline Schoenewald,R-Hand,,LR1,,Ball,2--1,1--1,,,,,0 Out,4. Inning,UVA,Virginia Tech,,342;319,UVA vs Virginia Tech
UVA vs Virginia Tech (140),1955322,7441,Bases Empty,04-14-2018,24 Lacy Smith,R-Hand,2 Caroline Schoenewald,R-Hand,,UM1,,Ball,3--1,2--1,,,,,0 Out,4. Inning,UVA,Virginia Tech,,218;139,UVA vs Virginia Tech
UVA vs Virginia Tech (141),1962763,18819,Bases Empty,04-14-2018,24 Lacy Smith,R-Hand,2 Caroline Schoenewald,R-Hand,,MR1,,Ball in Play,,3--1,SLCF,Single,,,0 Out,4. Inning,UVA,Virginia Tech,186;189,320;251,UVA vs Virginia Tech
UVA vs Virginia Tech (142),1981582,12112,R1,04-14-2018,24 Lacy Smith,R-Hand,10 Olivia Lattin,R-Hand,,ML1,,Foul,0--1,0--0,,,,,0 Out,4. Inning,UVA,Virginia Tech,,150;236,UVA vs Virginia Tech
UVA vs Virginia Tech (143),1993694,8909,R1,04-14-2018,24 Lacy Smith,R-Hand,10 Olivia Lattin,R-Hand,,LR1,,Ball,1--1,0--1,,,,,0 Out,4. Inning,UVA,Virginia Tech,,340;316,UVA vs Virginia Tech
UVA vs Virginia Tech (144),2002603,14081,R1,04-14-2018,24 Lacy Smith,R-Hand,10 Olivia Lattin,R-Hand,,UM1,,Ball,2--1,1--1,,,,,0 Out,4. Inning,UVA,Virginia Tech,,224;156,UVA vs Virginia Tech
UVA vs Virginia Tech (145),2016683,13914,R1,04-14-2018,24 Lacy Smith,R-Hand,10 Olivia Lattin,R-Hand,,MR1,,Foul,2--2,2--1,,,,,0 Out,4. Inning,UVA,Virginia Tech,,321;245,UVA vs Virginia Tech
UVA vs Virginia Tech (146),2030597,10677,R1,04-14-2018,24 Lacy Smith,R-Hand,10 Olivia Lattin,R-Hand,,LM1,,Ball,3--2,2--2,,,,,0 Out,4. Inning,UVA,Virginia Tech,,221;346,UVA vs Virginia Tech
UVA vs Virginia Tech (147),2041275,12112,R1,04-14-2018,24 Lacy Smith,R-Hand,10 Olivia Lattin,R-Hand,,MR1,,Foul,3--2,3--2,,,,,0 Out,4. Inning,UVA,Virginia Tech,,328;219,UVA vs Virginia Tech
UVA vs Virginia Tech (148),2053387,16717,R1,04-14-2018,24 Lacy Smith,R-Hand,10 Olivia Lattin,R-Hand,,MR1,,Foul,3--2,3--2,,,,,0 Out,4. Inning,UVA,Virginia Tech,,338;259,UVA vs Virginia Tech
UVA vs Virginia Tech (149),2070103,17284,R1,04-14-2018,24 Lacy Smith,R-Hand,10 Olivia Lattin,R-Hand,,MR1,,Ball in Play,,3--2,SS3,Single,,,0 Out,4. Inning,UVA,Virginia Tech,186;228,316;263,UVA vs Virginia Tech
UVA vs Virginia Tech (150),2087387,8642,R12,04-14-2018,24 Lacy Smith,R-Hand,14 Emma Strouth,R-Hand,,UPM4,,Ball,1--0,0--0,,,,,0 Out,4. Inning,UVA,Virginia Tech,,388;2,UVA vs Virginia Tech
UVA vs Virginia Tech (151),2096029,11078,R12,04-14-2018,24 Lacy Smith,R-Hand,14 Emma Strouth,R-Hand,,MR1,,Strike Called,1--1,1--0,,,,,0 Out,4. Inning,UVA,Virginia Tech,,330;245,UVA vs Virginia Tech
UVA vs Virginia Tech (152),2107107,11011,R12,04-14-2018,24 Lacy Smith,R-Hand,14 Emma Strouth,R-Hand,,MR1,,Foul,1--2,1--1,,,,,0 Out,4. Inning,UVA,Virginia Tech,,330;253,UVA vs Virginia Tech
UVA vs Virginia Tech (153),2118118,18418,R12,04-14-2018,24 Lacy Smith,R-Hand,14 Emma Strouth,R-Hand,,MM1,,Strike Swinging,Strikeout,1--2,,,,,0 Out,4. Inning,UVA,Virginia Tech,,224;239,UVA vs Virginia Tech
UVA vs Virginia Tech (154),2136537,12880,R12,04-14-2018,24 Lacy Smith,R-Hand,25 Carrie Eberle,R-Hand,,UL1,,Ball,1--0,0--0,,,,,1 Out,4. Inning,UVA,Virginia Tech,,139;150,UVA vs Virginia Tech
UVA vs Virginia Tech (155),2149416,20821,R12,04-14-2018,24 Lacy Smith,R-Hand,25 Carrie Eberle,R-Hand,,MR1,,Foul,1--1,1--0,,,,,1 Out,4. Inning,UVA,Virginia Tech,,322;227,UVA vs Virginia Tech
UVA vs Virginia Tech (156),2170237,15482,R12,04-14-2018,24 Lacy Smith,R-Hand,25 Carrie Eberle,R-Hand,,UR3,,Ball,2--1,1--1,,,,,1 Out,4. Inning,UVA,Virginia Tech,,331;169,UVA vs Virginia Tech
UVA vs Virginia Tech (157),2185719,11478,R12,04-14-2018,24 Lacy Smith,R-Hand,25 Carrie Eberle,R-Hand,,MR1,,Ball,3--1,2--1,,,,,1 Out,4. Inning,UVA,Virginia Tech,,356;265,UVA vs Virginia Tech
UVA vs Virginia Tech (158),2197197,21755,R12,04-14-2018,24 Lacy Smith,R-Hand,25 Carrie Eberle,R-Hand,,MR1,,Ball,Walk,3--1,,,,,1 Out,4. Inning,UVA,Virginia Tech,,337;255,UVA vs Virginia Tech
UVA vs Virginia Tech (159),2218952,14882,R123,04-14-2018,24 Lacy Smith,R-Hand,20 Sierra Walton,R-Hand,,MM4,,Strike Called,0--1,0--0,,,,,1 Out,4. Inning,UVA,Virginia Tech,,268;273,UVA vs Virginia Tech
UVA vs Virginia Tech (160),2233834,14648,R123,04-14-2018,24 Lacy Smith,R-Hand,20 Sierra Walton,R-Hand,,UR1,,Ball,1--1,0--1,,,,,1 Out,4. Inning,UVA,Virginia Tech,,322;138,UVA vs Virginia Tech
UVA vs Virginia Tech (161),2248482,13547,R123,04-14-2018,24 Lacy Smith,R-Hand,20 Sierra Walton,R-Hand,,LR3,,Ball,2--1,1--1,,,,,1 Out,4. Inning,UVA,Virginia Tech,,355;370,UVA vs Virginia Tech
UVA vs Virginia Tech (162),2262029,15482,R123,04-14-2018,24 Lacy Smith,R-Hand,20 Sierra Walton,R-Hand,,UM2,,Ball,3--1,2--1,,,,,1 Out,4. Inning,UVA,Virginia Tech,,261;138,UVA vs Virginia Tech
UVA vs Virginia Tech (163),2277511,12980,R123,04-14-2018,24 Lacy Smith,R-Hand,20 Sierra Walton,R-Hand,,MM2,,Strike Called,3--2,3--1,,,,,1 Out,4. Inning,UVA,Virginia Tech,,260;245,UVA vs Virginia Tech
UVA vs Virginia Tech (164),2290490,13413,R123,04-14-2018,24 Lacy Smith,R-Hand,20 Sierra Walton,R-Hand,,MM2,,Foul,3--2,3--2,,,,,1 Out,4. Inning,UVA,Virginia Tech,,294;226,UVA vs Virginia Tech
UVA vs Virginia Tech (165),2303904,10811,R123,04-14-2018,24 Lacy Smith,R-Hand,20 Sierra Walton,R-Hand,,UPM4,,Foul,3--2,3--2,,,,,1 Out,4. Inning,UVA,Virginia Tech,,368;1,UVA vs Virginia Tech
UVA vs Virginia Tech (166),2314715,22823,R123,04-14-2018,24 Lacy Smith,R-Hand,20 Sierra Walton,R-Hand,,UL1,,Ball,Walk,3--2,,,,,1 Out,4. Inning,UVA,Virginia Tech,,125;148,UVA vs Virginia Tech
UVA vs Virginia Tech (167),2337538,12012,R123,04-14-2018,19 Erika Osherow,R-Hand,13 Caitlyn Nolan,R-Hand,,MR4,,Ball,1--0,0--0,,,,,1 Out,4. Inning,UVA,Virginia Tech,,375;289,UVA vs Virginia Tech
UVA vs Virginia Tech (168),2349550,10010,R123,04-14-2018,19 Erika Osherow,R-Hand,13 Caitlyn Nolan,R-Hand,,ML1,,Foul,1--1,1--0,,,,,1 Out,4. Inning,UVA,Virginia Tech,,144;234,UVA vs Virginia Tech
UVA vs Virginia Tech (169),2359560,26026,R123,04-14-2018,19 Erika Osherow,R-Hand,13 Caitlyn Nolan,R-Hand,,MM1,,Ball in Play,,1--1,PF,Double Play,,,1 Out,4. Inning,UVA,Virginia Tech,240;274,233;255,UVA vs Virginia Tech
UVA vs Virginia Tech (170),2385586,9209,Bases Empty,04-14-2018,7 Jordan Dail,L-Hand,88 Olivia Gott,R-Hand,Curve Ball,DOWNM1,,Ball,1--0,0--0,,,,,0 Out,4. Inning,Virginia Tech,UVA,,73;462,UVA vs Virginia Tech
UVA vs Virginia Tech (171),2394795,8675,Bases Empty,04-14-2018,7 Jordan Dail,L-Hand,88 Olivia Gott,R-Hand,Changeup,UL4,,Foul,1--1,1--0,,,,,0 Out,4. Inning,Virginia Tech,UVA,,166;204,UVA vs Virginia Tech
UVA vs Virginia Tech (172),2403470,10811,Bases Empty,04-14-2018,7 Jordan Dail,L-Hand,88 Olivia Gott,R-Hand,Rise Ball,LL3,,Strike Called,1--2,1--1,,,,,0 Out,4. Inning,Virginia Tech,UVA,,120;375,UVA vs Virginia Tech
UVA vs Virginia Tech (173),2414281,16049,Bases Empty,04-14-2018,7 Jordan Dail,L-Hand,88 Olivia Gott,R-Hand,Curve Ball,LEFTM3,,Ball,2--2,1--2,,,,,0 Out,4. Inning,Virginia Tech,UVA,,80;342,UVA vs Virginia Tech
UVA vs Virginia Tech (174),2430330,3770,Bases Empty,04-14-2018,7 Jordan Dail,L-Hand,88 Olivia Gott,R-Hand,Curve Ball,,,,,,,,,,0 Out,4. Inning,Virginia Tech,UVA,,,UVA vs Virginia Tech
UVA vs Virginia Tech (175),2434101,10143,Bases Empty,04-14-2018,7 Jordan Dail,L-Hand,88 Olivia Gott,R-Hand,Curve Ball,ML3,,Foul,2--2,2--2,,,,,0 Out,4. Inning,Virginia Tech,UVA,,153;301,UVA vs Virginia Tech
UVA vs Virginia Tech (176),2444244,8242,Bases Empty,04-14-2018,7 Jordan Dail,L-Hand,88 Olivia Gott,R-Hand,Curve Ball,UPM4,,Ball,3--2,2--2,,,,,0 Out,4. Inning,Virginia Tech,UVA,,321;61,UVA vs Virginia Tech
UVA vs Virginia Tech (177),2452486,8842,Bases Empty,04-14-2018,7 Jordan Dail,L-Hand,88 Olivia Gott,R-Hand,Rise Ball,LL3,,Strike Swinging,Strikeout,3--2,,,,,0 Out,4. Inning,Virginia Tech,UVA,,105;400,UVA vs Virginia Tech
UVA vs Virginia Tech (178),2461328,9576,Bases Empty,04-14-2018,7 Jordan Dail,L-Hand,19 Erika Osherow,R-Hand,Curve Ball,LR3,,Strike Called,0--1,0--0,,,,,1 Out,4. Inning,Virginia Tech,UVA,,335;367,UVA vs Virginia Tech
UVA vs Virginia Tech (179),2470904,14515,Bases Empty,04-14-2018,7 Jordan Dail,L-Hand,19 Erika Osherow,R-Hand,Curve Ball,UM3,,Ball in Play,,0--1,SRCF,Fly Out,,,1 Out,4. Inning,Virginia Tech,UVA,316;135,217;198,UVA vs Virginia Tech
UVA vs Virginia Tech (180),2485419,9743,Bases Empty,04-14-2018,7 Jordan Dail,L-Hand,15 Ashlee Davis,R-Hand,Changeup,MM3,,Foul,0--1,0--0,,,,,2 Out,4. Inning,Virginia Tech,UVA,,235;300,UVA vs Virginia Tech
UVA vs Virginia Tech (181),2495162,11645,Bases Empty,04-14-2018,7 Jordan Dail,L-Hand,15 Ashlee Davis,R-Hand,Curve Ball,DOWNM2,,Ball,1--1,0--1,,,,,2 Out,4. Inning,Virginia Tech,UVA,,158;451,UVA vs Virginia Tech
UVA vs Virginia Tech (182),2506807,14414,Bases Empty,04-14-2018,7 Jordan Dail,L-Hand,15 Ashlee Davis,R-Hand,Curve Ball,DOWNM1,,Ball,2--1,1--1,,,,,2 Out,4. Inning,Virginia Tech,UVA,,78;433,UVA vs Virginia Tech
UVA vs Virginia Tech (183),2521221,18619,Bases Empty,04-14-2018,7 Jordan Dail,L-Hand,15 Ashlee Davis,R-Hand,Curve Ball,MM3,,Ball in Play,,2--1,SS3,Ground Out,,,2 Out,4. Inning,Virginia Tech,UVA,213;213,243;278,UVA vs Virginia Tech
UVA vs Virginia Tech (184),2539840,15349,Bases Empty,04-14-2018,19 Erika Osherow,R-Hand,11 Cana Davis,R-Hand,,,,Ball,1--0,0--0,,,,,0 Out,5. Inning,UVA,Virginia Tech,,,UVA vs Virginia Tech
UVA vs Virginia Tech (185),2555189,10644,Bases Empty,04-14-2018,19 Erika Osherow,R-Hand,11 Cana Davis,R-Hand,,UPM3,,Ball,2--0,1--0,,,,,0 Out,5. Inning,UVA,Virginia Tech,,279;66,UVA vs Virginia Tech
UVA vs Virginia Tech (186),2565833,18352,Bases Empty,04-14-2018,19 Erika Osherow,R-Hand,11 Cana Davis,R-Hand,,LL2,,Foul,2--1,2--0,,,,,0 Out,5. Inning,UVA,Virginia Tech,,188;345,UVA vs Virginia Tech
UVA vs Virginia Tech (187),2584184,8709,Bases Empty,04-14-2018,19 Erika Osherow,R-Hand,11 Cana Davis,R-Hand,,LM1,,Strike Called,2--2,2--1,,,,,0 Out,5. Inning,UVA,Virginia Tech,,248;343,UVA vs Virginia Tech
UVA vs Virginia Tech (188),2592893,15249,Bases Empty,04-14-2018,19 Erika Osherow,R-Hand,11 Cana Davis,R-Hand,,MM1,,Ball in Play,,2--2,SS3,Ground Out,,,0 Out,5. Inning,UVA,Virginia Tech,195;255,249;237,UVA vs Virginia Tech
UVA vs Virginia Tech (189),2608141,14815,Bases Empty,04-14-2018,19 Erika Osherow,R-Hand,6 Taylor Clark,R-Hand,,UM1,,Ball,1--0,0--0,,,,,1 Out,5. Inning,UVA,Virginia Tech,,250;119,UVA vs Virginia Tech
UVA vs Virginia Tech (190),2622956,13747,Bases Empty,04-14-2018,19 Erika Osherow,R-Hand,6 Taylor Clark,R-Hand,,ML4,,Ball in Play,,1--0,3B3,Ground Out,,,1 Out,5. Inning,UVA,Virginia Tech,206;262,183;301,UVA vs Virginia Tech
UVA vs Virginia Tech (191),2636703,17584,Bases Empty,04-14-2018,19 Erika Osherow,R-Hand,27 Jessie Mehr,R-Hand,,LM1,,Ball in Play,,0--0,MCF2,Single,,,2 Out,5. Inning,UVA,Virginia Tech,260;116,237;327,UVA vs Virginia Tech
UVA vs Virginia Tech (192),2654288,18185,R1,04-14-2018,19 Erika Osherow,R-Hand,2 Caroline Schoenewald,R-Hand,,MM2,,Foul,0--1,0--0,,,,,2 Out,5. Inning,UVA,Virginia Tech,,269;213,UVA vs Virginia Tech
UVA vs Virginia Tech (193),2672472,17417,R1,04-14-2018,19 Erika Osherow,R-Hand,2 Caroline Schoenewald,R-Hand,,MM3,,Ball in Play,,0--1,SS3,ROE,,,2 Out,5. Inning,UVA,Virginia Tech,220;227,217;274,UVA vs Virginia Tech
UVA vs Virginia Tech (194),2689890,22489,R23,04-14-2018,19 Erika Osherow,R-Hand,10 Olivia Lattin,R-Hand,,MM3,,Ball in Play,,0--0,DCF1,Fly Out,,,2 Out,5. Inning,UVA,Virginia Tech,245;87,249;269,UVA vs Virginia Tech
UVA vs Virginia Tech (195),2712379,14515,Bases Empty,04-14-2018,7 Jordan Dail,L-Hand,10 Kate Covington,R-Hand,Rise Ball,MM3,,Foul,0--1,0--0,,,,,0 Out,5. Inning,Virginia Tech,UVA,,244;311,UVA vs Virginia Tech
UVA vs Virginia Tech (196),2726894,7774,Bases Empty,04-14-2018,7 Jordan Dail,L-Hand,10 Kate Covington,R-Hand,Curve Ball,DOWNM2,,Ball,1--1,0--1,,,,,0 Out,5. Inning,Virginia Tech,UVA,,172;447,UVA vs Virginia Tech
UVA vs Virginia Tech (197),2734668,15415,Bases Empty,04-14-2018,7 Jordan Dail,L-Hand,10 Kate Covington,R-Hand,Curve Ball,RIGHTM2,,Ball,2--1,1--1,,,,,0 Out,5. Inning,Virginia Tech,UVA,,450;293,UVA vs Virginia Tech
UVA vs Virginia Tech (198),2750083,6607,Bases Empty,04-14-2018,7 Jordan Dail,L-Hand,10 Kate Covington,R-Hand,Changeup,DOWNM1,,Ball,3--1,2--1,,,,,0 Out,5. Inning,Virginia Tech,UVA,,55;455,UVA vs Virginia Tech
UVA vs Virginia Tech (199),2756690,11645,Bases Empty,04-14-2018,7 Jordan Dail,L-Hand,10 Kate Covington,R-Hand,Curve Ball,LM2,,Ball in Play,,3--1,SLCF,Single,,,0 Out,5. Inning,Virginia Tech,UVA,147;194,266;320,UVA vs Virginia Tech
UVA vs Virginia Tech (200),2768335,16016,R1,04-14-2018,7 Jordan Dail,L-Hand,2 Savana Avilla,L-Hand,Curve Ball,LR1,,Ball in Play,,0--0,PF,Sacrifice Bunt,,,0 Out,5. Inning,Virginia Tech,UVA,248;297,302;325,UVA vs Virginia Tech
UVA vs Virginia Tech (201),2784351,41642,R1,04-14-2018,7 Jordan Dail,L-Hand,5 Allison Davis`,R-Hand,Curve Ball,MM1,,Ball in Play,,0--0,SRF,Single,1 RBI,,1 Out,5. Inning,Virginia Tech,UVA,354;219,215;255,UVA vs Virginia Tech
UVA vs Virginia Tech (202),2825993,8842,R3,04-14-2018,7 Jordan Dail,L-Hand,17 Hayley Busby,R-Hand,Rise Ball,DOWNM2,,Ball,1--0,0--0,,,,,1 Out,5. Inning,Virginia Tech,UVA,,133;434,UVA vs Virginia Tech
UVA vs Virginia Tech (203),2834835,14314,R3,04-14-2018,7 Jordan Dail,L-Hand,17 Hayley Busby,R-Hand,Curve Ball,LEFTM3,,Ball,2--0,1--0,,,,,1 Out,5. Inning,Virginia Tech,UVA,,47;388,UVA vs Virginia Tech
UVA vs Virginia Tech (204),2849149,15048,R3,04-14-2018,7 Jordan Dail,L-Hand,17 Hayley Busby,R-Hand,Curve Ball,ML4,,Foul,2--1,2--0,,,,,1 Out,5. Inning,Virginia Tech,UVA,,190;267,UVA vs Virginia Tech
UVA vs Virginia Tech (205),2864198,12913,R3,04-14-2018,7 Jordan Dail,L-Hand,17 Hayley Busby,R-Hand,Changeup,LL2,,WP-PB,3--1,2--1,,,,,1 Out,5. Inning,Virginia Tech,UVA,,195;316,UVA vs Virginia Tech
UVA vs Virginia Tech (206),2877110,9910,Bases Empty,04-14-2018,7 Jordan Dail,L-Hand,17 Hayley Busby,R-Hand,Curve Ball,LL3,,Strike Called,3--2,3--1,,,,,1 Out,5. Inning,Virginia Tech,UVA,,124;367,UVA vs Virginia Tech
UVA vs Virginia Tech (207),2887020,12346,Bases Empty,04-14-2018,7 Jordan Dail,L-Hand,17 Hayley Busby,R-Hand,Curve Ball,LL2,,Foul,3--2,3--2,,,,,1 Out,5. Inning,Virginia Tech,UVA,,158;335,UVA vs Virginia Tech
UVA vs Virginia Tech (208),2899366,19620,Bases Empty,04-14-2018,7 Jordan Dail,L-Hand,17 Hayley Busby,R-Hand,Curve Ball,ML4,,Ball in Play,,3--2,SRCF,Fly Out,,,1 Out,5. Inning,Virginia Tech,UVA,349;161,203;284,UVA vs Virginia Tech
UVA vs Virginia Tech (209),2918986,11945,Bases Empty,04-14-2018,7 Jordan Dail,L-Hand,63 Danni Ingraham,R-Hand,Curve Ball,DOWNM2,,Ball,1--0,0--0,,,,,2 Out,5. Inning,Virginia Tech,UVA,,98;442,UVA vs Virginia Tech
UVA vs Virginia Tech (210),2930931,21088,Bases Empty,04-14-2018,7 Jordan Dail,L-Hand,63 Danni Ingraham,R-Hand,Rise Ball,ML1,,Ball in Play,,1--0,SS3,ROE,,,2 Out,5. Inning,Virginia Tech,UVA,226;203,151;236,UVA vs Virginia Tech
UVA vs Virginia Tech (211),2952019,17751,R1,04-14-2018,7 Jordan Dail,L-Hand,24 Lacy Smith,R-Hand,Curve Ball,DOWNM4,,Ball,1--0,0--0,,,,,2 Out,5. Inning,Virginia Tech,UVA,,338;459,UVA vs Virginia Tech
UVA vs Virginia Tech (212),2969770,18118,R1,04-14-2018,7 Jordan Dail,L-Hand,24 Lacy Smith,R-Hand,Curve Ball,MM1,,Ball in Play,,1--0,SCF2,Fly Out,,,2 Out,5. Inning,Virginia Tech,UVA,284;141,207;259,UVA vs Virginia Tech
UVA vs Virginia Tech (213),2987888,17551,Bases Empty,04-14-2018,19 Erika Osherow,R-Hand,14 Emma Strouth,R-Hand,,UPM2,,Ball,1--0,0--0,,,,,0 Out,6. Inning,UVA,Virginia Tech,,166;57,UVA vs Virginia Tech
UVA vs Virginia Tech (214),3005439,18151,Bases Empty,04-14-2018,19 Erika Osherow,R-Hand,14 Emma Strouth,R-Hand,,DOWNM4,,Ball,2--0,1--0,,,,,0 Out,6. Inning,UVA,Virginia Tech,,397;439,UVA vs Virginia Tech
UVA vs Virginia Tech (215),3023590,22556,Bases Empty,04-14-2018,19 Erika Osherow,R-Hand,14 Emma Strouth,R-Hand,,MM3,,Ball in Play,,2--0,SCF1,Fly Out,,,0 Out,6. Inning,UVA,Virginia Tech,234;155,220;300,UVA vs Virginia Tech
UVA vs Virginia Tech (216),3046146,7307,Bases Empty,04-14-2018,19 Erika Osherow,R-Hand,25 Carrie Eberle,R-Hand,,DOWNM4,,Ball,1--0,0--0,,,,,1 Out,6. Inning,UVA,Virginia Tech,,402;440,UVA vs Virginia Tech
UVA vs Virginia Tech (217),3053453,10944,Bases Empty,04-14-2018,19 Erika Osherow,R-Hand,25 Carrie Eberle,R-Hand,,UPM4,,Ball,2--0,1--0,,,,,1 Out,6. Inning,UVA,Virginia Tech,,303;72,UVA vs Virginia Tech
UVA vs Virginia Tech (218),3064398,14081,Bases Empty,04-14-2018,19 Erika Osherow,R-Hand,25 Carrie Eberle,R-Hand,,ML4,,Foul,2--1,2--0,,,,,1 Out,6. Inning,UVA,Virginia Tech,,198;308,UVA vs Virginia Tech
UVA vs Virginia Tech (219),3078478,23490,Bases Empty,04-14-2018,19 Erika Osherow,R-Hand,25 Carrie Eberle,R-Hand,,MM1,,Ball in Play,,2--1,2B3,Ground Out,,,1 Out,6. Inning,UVA,Virginia Tech,279;210,225;264,UVA vs Virginia Tech
UVA vs Virginia Tech (220),3101969,16850,Bases Empty,04-14-2018,19 Erika Osherow,R-Hand,20 Sierra Walton,R-Hand,,LEFTM3,,Ball,1--0,0--0,,,,,2 Out,6. Inning,UVA,Virginia Tech,,76;301,UVA vs Virginia Tech
UVA vs Virginia Tech (221),3118819,14248,Bases Empty,04-14-2018,19 Erika Osherow,R-Hand,20 Sierra Walton,R-Hand,,UPM5,,Ball,2--0,1--0,,,,,2 Out,6. Inning,UVA,Virginia Tech,,431;84,UVA vs Virginia Tech
UVA vs Virginia Tech (222),3133066,26827,Bases Empty,04-14-2018,19 Erika Osherow,R-Hand,20 Sierra Walton,R-Hand,,ML2,,Ball in Play,,2--0,DCF2,Double,,,2 Out,6. Inning,UVA,Virginia Tech,304;52,201;247,UVA vs Virginia Tech
UVA vs Virginia Tech (223),3159893,24124,R2,04-14-2018,19 Erika Osherow,R-Hand,13 Caitlyn Nolan,R-Hand,,DOWNM4,,Ball,1--0,0--0,,,,,2 Out,6. Inning,UVA,Virginia Tech,,307;467,UVA vs Virginia Tech
UVA vs Virginia Tech (224),3184017,24658,R2,04-14-2018,19 Erika Osherow,R-Hand,13 Caitlyn Nolan,R-Hand,,,,,,,,,,,2 Out,6. Inning,UVA,Virginia Tech,,,UVA vs Virginia Tech
UVA vs Virginia Tech (225),3208675,11778,R2,04-14-2018,19 Erika Osherow,R-Hand,13 Caitlyn Nolan,R-Hand,,UPM2,,Ball,2--0,1--0,,,,,2 Out,6. Inning,UVA,Virginia Tech,,108;60,UVA vs Virginia Tech
UVA vs Virginia Tech (226),3220454,17584,R2,04-14-2018,19 Erika Osherow,R-Hand,13 Caitlyn Nolan,R-Hand,,ML4,,Foul,2--1,2--0,,,,,2 Out,6. Inning,UVA,Virginia Tech,,191;293,UVA vs Virginia Tech
UVA vs Virginia Tech (227),3238038,8642,R2,04-14-2018,19 Erika Osherow,R-Hand,13 Caitlyn Nolan,R-Hand,,DOWNM4,,Ball,3--1,2--1,,,,,2 Out,6. Inning,UVA,Virginia Tech,,335;442,UVA vs Virginia Tech
UVA vs Virginia Tech (228),3246680,24992,R2,04-14-2018,19 Erika Osherow,R-Hand,13 Caitlyn Nolan,R-Hand,,MM2,,Foul,3--2,3--1,,,,,2 Out,6. Inning,UVA,Virginia Tech,,296;228,UVA vs Virginia Tech
UVA vs Virginia Tech (229),3271672,14882,R2,04-14-2018,19 Erika Osherow,R-Hand,13 Caitlyn Nolan,R-Hand,,UPM2,,Foul,3--2,3--2,,,,,2 Out,6. Inning,UVA,Virginia Tech,,142;4,UVA vs Virginia Tech
UVA vs Virginia Tech (230),3286553,14982,R2,04-14-2018,19 Erika Osherow,R-Hand,13 Caitlyn Nolan,R-Hand,,MM3,,Ball in Play,,3--2,SCF1,Single,1 RBI,,2 Out,6. Inning,UVA,Virginia Tech,194;159,222;279,UVA vs Virginia Tech
UVA vs Virginia Tech (231),3301535,19319,R1,04-14-2018,19 Erika Osherow,R-Hand,11 Cana Davis,R-Hand,,MM1,,Strike Swinging,0--1,0--0,,,,,2 Out,6. Inning,UVA,Virginia Tech,,206;236,UVA vs Virginia Tech
UVA vs Virginia Tech (232),3320854,13814,R1,04-14-2018,19 Erika Osherow,R-Hand,11 Cana Davis,R-Hand,,DOWNM4,,Ball,1--1,0--1,,,,,2 Out,6. Inning,UVA,Virginia Tech,,310;451,UVA vs Virginia Tech
UVA vs Virginia Tech (233),3334668,17384,R1,04-14-2018,19 Erika Osherow,R-Hand,11 Cana Davis,R-Hand,,MM1,,Ball in Play,,1--1,2B3,Ground Out,,,2 Out,6. Inning,UVA,Virginia Tech,302;222,240;248,UVA vs Virginia Tech
UVA vs Virginia Tech (234),3352052,11512,Bases Empty,04-14-2018,7 Jordan Dail,L-Hand,88 Olivia Gott,R-Hand,Curve Ball,MM4,,Foul,0--1,0--0,,,,,0 Out,6. Inning,Virginia Tech,UVA,,284;293,UVA vs Virginia Tech
UVA vs Virginia Tech (235),3363564,10244,Bases Empty,04-14-2018,7 Jordan Dail,L-Hand,88 Olivia Gott,R-Hand,Curve Ball,UPM2,,Ball,1--1,0--1,,,,,0 Out,6. Inning,Virginia Tech,UVA,,202;70,UVA vs Virginia Tech
UVA vs Virginia Tech (236),3373807,11011,Bases Empty,04-14-2018,7 Jordan Dail,L-Hand,88 Olivia Gott,R-Hand,Rise Ball,MM1,,Foul,1--2,1--1,,,,,0 Out,6. Inning,Virginia Tech,UVA,,226;258,UVA vs Virginia Tech
UVA vs Virginia Tech (237),3384818,9643,Bases Empty,04-14-2018,7 Jordan Dail,L-Hand,88 Olivia Gott,R-Hand,Curve Ball,UPM4,,Ball,2--2,1--2,,,,,0 Out,6. Inning,Virginia Tech,UVA,,350;81,UVA vs Virginia Tech
UVA vs Virginia Tech (238),3394461,15349,Bases Empty,04-14-2018,7 Jordan Dail,L-Hand,88 Olivia Gott,R-Hand,Changeup,MM3,,Ball in Play,,2--2,1B2,Fly Out,,,0 Out,6. Inning,Virginia Tech,UVA,288;292,236;285,UVA vs Virginia Tech
UVA vs Virginia Tech (239),3409810,10878,Bases Empty,04-14-2018,7 Jordan Dail,L-Hand,19 Erika Osherow,R-Hand,Curve Ball,DOWNM1,,Ball,1--0,0--0,,,,,1 Out,6. Inning,Virginia Tech,UVA,,82;456,UVA vs Virginia Tech
UVA vs Virginia Tech (240),3420687,12179,Bases Empty,04-14-2018,7 Jordan Dail,L-Hand,19 Erika Osherow,R-Hand,Curve Ball,DOWNM1,,Ball,2--0,1--0,,,,,1 Out,6. Inning,Virginia Tech,UVA,,71;452,UVA vs Virginia Tech
UVA vs Virginia Tech (241),3432866,10344,Bases Empty,04-14-2018,7 Jordan Dail,L-Hand,19 Erika Osherow,R-Hand,Curve Ball,UM4,,Strike Called,2--1,2--0,,,,,1 Out,6. Inning,Virginia Tech,UVA,,296;186,UVA vs Virginia Tech
UVA vs Virginia Tech (242),3443210,13180,Bases Empty,04-14-2018,7 Jordan Dail,L-Hand,19 Erika Osherow,R-Hand,Curve Ball,LL1,,Strike Called,2--2,2--1,,,,,1 Out,6. Inning,Virginia Tech,UVA,,142;358,UVA vs Virginia Tech
UVA vs Virginia Tech (243),3456390,15883,Bases Empty,04-14-2018,7 Jordan Dail,L-Hand,19 Erika Osherow,R-Hand,Changeup,ML2,,Ball in Play,,2--2,SS3,Ground Out,,,1 Out,6. Inning,Virginia Tech,UVA,200;243,160;235,UVA vs Virginia Tech
UVA vs Virginia Tech (244),3472272,16717,Bases Empty,04-14-2018,7 Jordan Dail,L-Hand,15 Ashlee Davis,R-Hand,Curve Ball,MM3,,Ball in Play,,0--0,SRCF,Fly Out,,,2 Out,6. Inning,Virginia Tech,UVA,354;137,229;274,UVA vs Virginia Tech
UVA vs Virginia Tech (245),3488989,13780,Bases Empty,04-14-2018,19 Erika Osherow,R-Hand,6 Taylor Clark,R-Hand,,DOWNM4,,Ball,1--0,0--0,,,,,0 Out,7. Inning,UVA,Virginia Tech,,301;450,UVA vs Virginia Tech
UVA vs Virginia Tech (246),3502769,6039,Bases Empty,04-14-2018,19 Erika Osherow,R-Hand,6 Taylor Clark,R-Hand,,ML1,,Strike Called,1--1,1--0,,,,,0 Out,7. Inning,UVA,Virginia Tech,,135;236,UVA vs Virginia Tech
UVA vs Virginia Tech (247),3508809,14882,Bases Empty,04-14-2018,19 Erika Osherow,R-Hand,6 Taylor Clark,R-Hand,,MM2,,Ball in Play,,1--1,SCF2,Single,,,0 Out,7. Inning,UVA,Virginia Tech,252;141,251;251,UVA vs Virginia Tech
UVA vs Virginia Tech (248),3523690,20220,R1,04-14-2018,19 Erika Osherow,R-Hand,27 Jessie Mehr,R-Hand,,UM3,,Ball,1--0,0--0,,,,,0 Out,7. Inning,UVA,Virginia Tech,,236;163,UVA vs Virginia Tech
UVA vs Virginia Tech (249),3543911,13514,R1,04-14-2018,19 Erika Osherow,R-Hand,27 Jessie Mehr,R-Hand,,UM3,,Ball,2--0,1--0,,,,,0 Out,7. Inning,UVA,Virginia Tech,,243;165,UVA vs Virginia Tech
UVA vs Virginia Tech (250),3557424,15616,R1,04-14-2018,19 Erika Osherow,R-Hand,27 Jessie Mehr,R-Hand,,UM3,,Ball,3--0,2--0,,,,,0 Out,7. Inning,UVA,Virginia Tech,,235;163,UVA vs Virginia Tech
UVA vs Virginia Tech (251),3573040,14448,R1,04-14-2018,19 Erika Osherow,R-Hand,27 Jessie Mehr,R-Hand,,MM3,,Strike Called,3--1,3--0,,,,,0 Out,7. Inning,UVA,Virginia Tech,,239;270,UVA vs Virginia Tech
UVA vs Virginia Tech (252),3587487,17417,R1,04-14-2018,19 Erika Osherow,R-Hand,27 Jessie Mehr,R-Hand,,UR1,,Ball,Walk,3--1,,,,,0 Out,7. Inning,UVA,Virginia Tech,,333;156,UVA vs Virginia Tech
UVA vs Virginia Tech (253),3604905,29563,R12,04-14-2018,24 Lacy Smith,R-Hand,2 Caroline Schoenewald,R-Hand,,MR1,,Ball in Play,,0--0,PF,ROE,,,0 Out,7. Inning,UVA,Virginia Tech,222;300,353;223,UVA vs Virginia Tech
UVA vs Virginia Tech (254),3634468,15048,R123,04-14-2018,24 Lacy Smith,R-Hand,10 Olivia Lattin,R-Hand,,MM3,,Strike Swinging,0--1,0--0,,,,,0 Out,7. Inning,UVA,Virginia Tech,,222;295,UVA vs Virginia Tech
UVA vs Virginia Tech (255),3649516,17184,R123,04-14-2018,24 Lacy Smith,R-Hand,10 Olivia Lattin,R-Hand,,UM2,,Ball,1--1,0--1,,,,,0 Out,7. Inning,UVA,Virginia Tech,,277;149,UVA vs Virginia Tech
UVA vs Virginia Tech (256),3666700,9576,R123,04-14-2018,24 Lacy Smith,R-Hand,10 Olivia Lattin,R-Hand,,MM2,,Strike Called,1--2,1--1,,,,,0 Out,7. Inning,UVA,Virginia Tech,,252;246,UVA vs Virginia Tech
UVA vs Virginia Tech (257),3676276,29663,R123,04-14-2018,24 Lacy Smith,R-Hand,10 Olivia Lattin,R-Hand,,MR1,,Ball in Play,,1--2,Home Run LCF,Home Run,4 RBI,Well Hit Ball,0 Out,7. Inning,UVA,Virginia Tech,129;27,324;220,UVA vs Virginia Tech
UVA vs ,3705939,4271,Bases Empty,04-14-2018,24 Lacy Smith,R-Hand,,,,LR1,,Ball,1--0,0--0,,,,,0 Out,7. Inning,UVA,,,332;321,UVA vs
UVA vs Virginia Tech (258),3710210,11545,Bases Empty,04-14-2018,24 Lacy Smith,R-Hand,15 Sammi Miller,R-Hand,,MR1,,Strike Called,1--1,1--0,,,,,0 Out,7. Inning,UVA,Virginia Tech,,356;233,UVA vs Virginia Tech
UVA vs Virginia Tech (259),3721755,4738,Bases Empty,04-14-2018,24 Lacy Smith,R-Hand,15 Sammi Miller,R-Hand,,DOWNM4,,Ball,2--1,1--1,,,,,0 Out,7. Inning,UVA,Virginia Tech,,339;466,UVA vs Virginia Tech
UVA vs Virginia Tech (260),3726493,8008,Bases Empty,04-14-2018,24 Lacy Smith,R-Hand,15 Sammi Miller,R-Hand,,,,,,,,,,,0 Out,7. Inning,UVA,Virginia Tech,,,UVA vs Virginia Tech
UVA vs Virginia Tech (261),3734501,13580,Bases Empty,04-14-2018,24 Lacy Smith,R-Hand,15 Sammi Miller,R-Hand,,DOWNM3,,Strike Swinging,1--2,1--1,,,,,0 Out,7. Inning,UVA,Virginia Tech,,209;469,UVA vs Virginia Tech
UVA vs Virginia Tech (262),3748081,39406,Bases Empty,04-14-2018,24 Lacy Smith,R-Hand,15 Sammi Miller,R-Hand,,MM4,,Ball in Play,,1--2,SS3,Ground Out,,,0 Out,7. Inning,UVA,Virginia Tech,210;223,266;295,UVA vs Virginia Tech
UVA vs Virginia Tech (263),3787487,11278,Bases Empty,04-14-2018,24 Lacy Smith,R-Hand,25 Carrie Eberle,R-Hand,,RIGHTM1,,Ball,1--0,0--0,,,,,1 Out,7. Inning,UVA,Virginia Tech,,478;141,UVA vs Virginia Tech
UVA vs Virginia Tech (264),3798765,17251,Bases Empty,04-14-2018,24 Lacy Smith,R-Hand,25 Carrie Eberle,R-Hand,,ML1,,Strike Called,1--1,1--0,,,,,1 Out,7. Inning,UVA,Virginia Tech,,100;210,UVA vs Virginia Tech
UVA vs Virginia Tech (265),3816016,13213,Bases Empty,04-14-2018,24 Lacy Smith,R-Hand,25 Carrie Eberle,R-Hand,,DOWNM3,,Ball,2--1,1--1,,,,,1 Out,7. Inning,UVA,Virginia Tech,,266;449,UVA vs Virginia Tech
UVA vs Virginia Tech (266),3829229,11912,Bases Empty,04-14-2018,24 Lacy Smith,R-Hand,25 Carrie Eberle,R-Hand,,UM4,,Foul,2--2,2--1,,,,,1 Out,7. Inning,UVA,Virginia Tech,,274;191,UVA vs Virginia Tech
UVA vs Virginia Tech (267),3841141,20087,Bases Empty,04-14-2018,24 Lacy Smith,R-Hand,25 Carrie Eberle,R-Hand,,LM1,,Ball in Play,,2--2,DLF,Double,,,1 Out,7. Inning,UVA,Virginia Tech,77;113,220;325,UVA vs Virginia Tech
UVA vs Virginia Tech (268),3861228,16950,Bases Empty,04-14-2018,27 Lexi Mettler,R-Hand,20 Sierra Walton,R-Hand,,LR1,,Strike Called,0--1,0--0,,,,,1 Out,7. Inning,UVA,Virginia Tech,,359;322,UVA vs Virginia Tech
UVA vs Virginia Tech (269),3878178,13547,Bases Empty,04-14-2018,27 Lexi Mettler,R-Hand,20 Sierra Walton,R-Hand,,DOWNM1,,Ball,1--1,0--1,,,,,1 Out,7. Inning,UVA,Virginia Tech,,45;451,UVA vs Virginia Tech
UVA vs Virginia Tech (270),3891725,12846,Bases Empty,04-14-2018,27 Lexi Mettler,R-Hand,20 Sierra Walton,R-Hand,,MM3,,Strike Called,1--2,1--1,,,,,1 Out,7. Inning,UVA,Virginia Tech,,206;295,UVA vs Virginia Tech
UVA vs Virginia Tech (271),3904571,14515,Bases Empty,04-14-2018,27 Lexi Mettler,R-Hand,20 Sierra Walton,R-Hand,,LEFTM3,,Ball,2--2,1--2,,,,,1 Out,7. Inning,UVA,Virginia Tech,,66;399,UVA vs Virginia Tech
UVA vs Virginia Tech (272),3919086,11411,Bases Empty,04-14-2018,27 Lexi Mettler,R-Hand,20 Sierra Walton,R-Hand,,DOWNM3,,Ball,3--2,2--2,,,,,1 Out,7. Inning,UVA,Virginia Tech,,228;447,UVA vs Virginia Tech
UVA vs Virginia Tech (273),3930497,21288,Bases Empty,04-14-2018,27 Lexi Mettler,R-Hand,20 Sierra Walton,R-Hand,,MM3,,Ball in Play,,3--2,SS3,Ground Out,,,1 Out,7. Inning,UVA,Virginia Tech,203;232,225;298,UVA vs Virginia Tech
UVA vs Virginia Tech (274),3951785,7975,R2,04-14-2018,27 Lexi Mettler,R-Hand,13 Caitlyn Nolan,R-Hand,,LEFTM1,,Ball,1--0,0--0,,,,,2 Out,7. Inning,UVA,Virginia Tech,,55;146,UVA vs Virginia Tech
UVA vs Virginia Tech (275),3959760,11712,R2,04-14-2018,27 Lexi Mettler,R-Hand,13 Caitlyn Nolan,R-Hand,,MR3,,Foul,1--1,1--0,,,,,2 Out,7. Inning,UVA,Virginia Tech,,353;287,UVA vs Virginia Tech
UVA vs Virginia Tech (276),3971471,21421,R2,04-14-2018,27 Lexi Mettler,R-Hand,13 Caitlyn Nolan,R-Hand,,,,,,,,,,,2 Out,7. Inning,UVA,Virginia Tech,,,UVA vs Virginia Tech
UVA vs Virginia Tech (277),3992893,11578,R2,04-14-2018,27 Lexi Mettler,R-Hand,13 Caitlyn Nolan,R-Hand,,MM1,,Ball in Play,,1--1,SCF2,Fly Out,,,2 Out,7. Inning,UVA,Virginia Tech,281;145,213;236,UVA vs Virginia Tech
UVA vs Virginia Tech (278),4004471,14648,Bases Empty,04-14-2018,7 Jordan Dail,L-Hand,10 Kate Covington,R-Hand,Curve Ball,MR3,,Strike Swinging,0--1,0--0,,,,,0 Out,7. Inning,Virginia Tech,UVA,,318;300,UVA vs Virginia Tech
UVA vs Virginia Tech (279),4019119,10043,Bases Empty,04-14-2018,7 Jordan Dail,L-Hand,10 Kate Covington,R-Hand,Rise Ball,UPM3,,Ball,1--1,0--1,,,,,0 Out,7. Inning,Virginia Tech,UVA,,278;84,UVA vs Virginia Tech
UVA vs Virginia Tech (280),4029162,12946,Bases Empty,04-14-2018,7 Jordan Dail,L-Hand,10 Kate Covington,R-Hand,Curve Ball,MM3,,Foul,1--2,1--1,,,,,0 Out,7. Inning,Virginia Tech,UVA,,233;306,UVA vs Virginia Tech
UVA vs Virginia Tech (281),4042109,8008,Bases Empty,04-14-2018,7 Jordan Dail,L-Hand,10 Kate Covington,R-Hand,Changeup,DOWNM2,,Ball,2--2,1--2,,,,,0 Out,7. Inning,Virginia Tech,UVA,,104;464,UVA vs Virginia Tech
UVA vs Virginia Tech (282),4050117,15415,Bases Empty,04-14-2018,7 Jordan Dail,L-Hand,10 Kate Covington,R-Hand,Curve Ball,MM3,,Ball in Play,,2--2,FB1B,Fly Out,,,0 Out,7. Inning,Virginia Tech,UVA,370;265,233;304,UVA vs Virginia Tech
UVA vs Virginia Tech (283),4065532,16617,Bases Empty,04-14-2018,7 Jordan Dail,L-Hand,2 Savana Avilla,L-Hand,Curve Ball,MM1,,Ball in Play,,0--0,2B3,Ground Out,,,1 Out,7. Inning,Virginia Tech,UVA,298;214,235;213,UVA vs Virginia Tech
UVA vs Virginia Tech (284),4082149,13213,Bases Empty,04-14-2018,7 Jordan Dail,L-Hand,5 Allison Davis`,R-Hand,Curve Ball,LL3,,Strike Called,0--1,0--0,,,,,2 Out,7. Inning,Virginia Tech,UVA,,140;395,UVA vs Virginia Tech
UVA vs Virginia Tech (285),4095362,10711,Bases Empty,04-14-2018,7 Jordan Dail,L-Hand,5 Allison Davis`,R-Hand,Changeup,DOWNM3,,Ball,1--1,0--1,,,,,2 Out,7. Inning,Virginia Tech,UVA,,198;471,UVA vs Virginia Tech
UVA vs Virginia Tech (286),4106073,12808,Bases Empty,04-14-2018,7 Jordan Dail,L-Hand,5 Allison Davis`,R-Hand,Curve Ball,MM3,,Ball in Play,,1--1,SRF,Fly Out,,,2 Out,7. Inning,Virginia Tech,UVA,385;180,248;277,UVA vs Virginia Tech
